insert into LOAN_EVENT_ENTRY_TYPE_LINK(EVENT_TYPE_ID, ENTRY_TYPE_ID) values (13, 1932);

update LOAN_ENTRY_POSTING_RULE set 
AFFECTS_DATE_NEXT_DUE=1, AFFECTS_INT_DUE_DATE=1, AFFECTS_PRNCP_DUE_DATE=1, AFFECTS_INTEREST_PAID_TO_DATE=1 where
POSTING_RULE_ID=8813;



-------- setting int paid to date true LOAN_ENTRY_POSTING_RULE
update LOAN_ENTRY_POSTING_RULE set 
 AFFECTS_INTEREST_PAID_TO_DATE=1 where
POSTING_RULE_ID IN (8882, 8111, 8813, 8820);

---------------ENTRY_TYPE
insert into  ENTRY_TYPE( UNIQUE_ID, ID , INSTITUTION_ID , DEBIT_OR_CREDIT , DESCRIPTION  ,ACCOUNT_CATEGORY ,POSTING_SEQUENCE    )
values(1843, 1843, null, 0, 'Cr Line Drawn Amount', 2, null);
insert into  ENTRY_TYPE( UNIQUE_ID, ID , INSTITUTION_ID , DEBIT_OR_CREDIT , DESCRIPTION  ,ACCOUNT_CATEGORY ,POSTING_SEQUENCE    )
values(1943, 1943, null, 1, 'Cr Line Drawn Amount', 2, null);

insert into  ENTRY_TYPE( UNIQUE_ID, ID , INSTITUTION_ID , DEBIT_OR_CREDIT , DESCRIPTION  ,ACCOUNT_CATEGORY ,POSTING_SEQUENCE    )
values(1844, 1844, null, 0, 'Unused Cr Line Amount', 2, null);
insert into  ENTRY_TYPE( UNIQUE_ID, ID , INSTITUTION_ID , DEBIT_OR_CREDIT , DESCRIPTION  ,ACCOUNT_CATEGORY ,POSTING_SEQUENCE    )
values(1944, 1944, null, 1, 'Unused Cr Line Amount', 2, null);

----------loan_entry_posting_rule
alter table loan_entry_posting_rule add AFF_CrLineDrawnAmnt number(1) default 0;
alter table loan_entry_posting_rule add AFF_UnusedCrLineAmnt number(1) default 0;
alter table loan_entry_posting_rule add AFF_CrLineStatus number(1) default 0;

----------LOAN_ENTRY_POSTING_RULE
insert into LOAN_ENTRY_POSTING_RULE(POSTING_RULE_ID, AFF_CrLineDrawnAmnt)
values(43, 1);
insert into LOAN_ENTRY_POSTING_RULE(POSTING_RULE_ID, AFF_UnusedCrLineAmnt)
values(44, 1);
update LOAN_ENTRY_POSTING_RULE set AFF_CrLineStatus=1 where POSTING_RULE_ID=8881;

---------------LOAN_ENTRY_TYPE
insert into LOAN_ENTRY_TYPE( ENTRY_TYPE_ID, ENTRY_NAME, REVERSAL_ENTRY_TYPE_ID, POSTING_RULE_ID )
values(1843, 43, 1943, 43);
insert into LOAN_ENTRY_TYPE( ENTRY_TYPE_ID, ENTRY_NAME, REVERSAL_ENTRY_TYPE_ID, POSTING_RULE_ID )
values(1943, 43, 1843, 43);

insert into LOAN_ENTRY_TYPE( ENTRY_TYPE_ID, ENTRY_NAME, REVERSAL_ENTRY_TYPE_ID, POSTING_RULE_ID )
values(1844, 44, 1944, 44);
insert into LOAN_ENTRY_TYPE( ENTRY_TYPE_ID, ENTRY_NAME, REVERSAL_ENTRY_TYPE_ID, POSTING_RULE_ID )
values(1944, 44, 1844, 44);

-----------LOAN_EVENT_ENTRY_TYPE_LINK
insert into LOAN_EVENT_ENTRY_TYPE_LINK(EVENT_TYPE_ID, ENTRY_TYPE_ID)
values(1, 1843);
insert into LOAN_EVENT_ENTRY_TYPE_LINK(EVENT_TYPE_ID, ENTRY_TYPE_ID)
values(1, 1944);

UPDATE LOAN_EVENT_TYPE SET DESCRIPTION = REPLACE(REPLACE(DESCRIPTION,'',''),'  ',' ');

update LOAN_EVENT_TYPE  set DESCRIPTION= 'Escrow -Debit Memo' where DESCRIPTION like 'Escrow Debit Adjustment';

update LOAN_EVENT_TYPE  set DESCRIPTION= 'Escrow -Debit Memo Reversal' where DESCRIPTION like 'Escrow- Debit Adjustment Reversal';

update LOAN_EVENT_TYPE  set DESCRIPTION= 'Escrow - Credit Memo' where DESCRIPTION like 'Escrow- Credit Adjustment';

update LOAN_EVENT_TYPE  set DESCRIPTION= 'Escrow - Credit Memo Reversal ' where DESCRIPTION like 'Escrow - Credit Adjustment Reversal';

ALTER TABLE LOAN_ACCOUNT ADD ACCM_SHORT_AMOUNT NUMBER(20,6) DEFAULT 0;



ALTER TABLE LOAN_ENTRY_POSTING_RULE ADD AFF_ACCM_SHRT_AMOUNT NUMBER(1) DEFAULT 0;



INSERT INTO LOAN_ENTRY_POSTING_RULE(POSTING_RULE_ID) VALUES(45);

UPDATE LOAN_ENTRY_POSTING_RULE SET AFF_ACCM_SHRT_AMOUNT=1  WHERE POSTING_RULE_ID=45;





INSERT INTO ENTRY_TYPE(UNIQUE_ID,ID,INSTITUTION_ID,DEBIT_OR_CREDIT,DESCRIPTION,ACCOUNT_CATEGORY) VALUES(1845,1845,null,0,'ACCM SHORT PAYMENT',2);
INSERT INTO ENTRY_TYPE(UNIQUE_ID,ID,INSTITUTION_ID,DEBIT_OR_CREDIT,DESCRIPTION,ACCOUNT_CATEGORY) VALUES(1945,1945,null,1,'ACCM SHORT PAYMENT',2);


INSERT INTO LOAN_ENTRY_TYPE(ENTRY_TYPE_ID,ENTRY_NAME,REVERSAL_ENTRY_TYPE_ID,POSTING_RULE_ID) VALUES(1845,'45',1945,45);

INSERT INTO LOAN_ENTRY_TYPE(ENTRY_TYPE_ID,ENTRY_NAME,REVERSAL_ENTRY_TYPE_ID,POSTING_RULE_ID) VALUES(1945,'45',1845,45);



INSERT INTO LOAN_EVENT_ENTRY_TYPE_LINK(EVENT_TYPE_ID,ENTRY_TYPE_ID) VALUES(110,1845);

INSERT INTO LOAN_EVENT_ENTRY_TYPE_LINK(EVENT_TYPE_ID,ENTRY_TYPE_ID) VALUES(111,1845);

INSERT INTO LOAN_EVENT_ENTRY_TYPE_LINK(EVENT_TYPE_ID,ENTRY_TYPE_ID) VALUES(110,1945);

INSERT INTO LOAN_EVENT_ENTRY_TYPE_LINK(EVENT_TYPE_ID,ENTRY_TYPE_ID) VALUES(111,1945);
