--Bank Rebate Event

INSERT INTO loan_event_type(EVENT_TYPE_ID, CORESOFT_EVENT_CODE, EVENT_GROUP, REVERSAL_EVENT_TYPE_ID, POSTING_ORDER, DESCRIPTION, DEBIT_OR_CREDIT)
  VALUES(61, '061', 0, 261, null, 'Credit Adjust Bank Rebate', '1');
INSERT INTO loan_event_type(EVENT_TYPE_ID, CORESOFT_EVENT_CODE, EVENT_GROUP, REVERSAL_EVENT_TYPE_ID, POSTING_ORDER, DESCRIPTION, DEBIT_OR_CREDIT)
  VALUES(261, '261', 1, 61, null, 'Credit Adjust Bank Rebate-Reversal', '0');

INSERT INTO loan_event_type(EVENT_TYPE_ID, CORESOFT_EVENT_CODE, EVENT_GROUP, REVERSAL_EVENT_TYPE_ID, POSTING_ORDER, DESCRIPTION, DEBIT_OR_CREDIT)
  VALUES(51, '051', 0, 251, null, 'Debit Adjust Bank Rebate', '0');
INSERT INTO loan_event_type(EVENT_TYPE_ID, CORESOFT_EVENT_CODE, EVENT_GROUP, REVERSAL_EVENT_TYPE_ID, POSTING_ORDER, DESCRIPTION, DEBIT_OR_CREDIT)
  VALUES(251, '251', 1, 51, null, 'Debit Adjust Bank Rebate-Reversal', '1');

INSERT INTO entry_type(UNIQUE_ID, ID, INSTITUTION_ID, DEBIT_OR_CREDIT, DESCRIPTION, ACCOUNT_CATEGORY, POSTING_SEQUENCE)
  VALUES(8051, '8051', null, '1', 'Debit Adjust Bank Rebate', 2, NULL);
INSERT INTO entry_type(UNIQUE_ID, ID, INSTITUTION_ID, DEBIT_OR_CREDIT, DESCRIPTION, ACCOUNT_CATEGORY, POSTING_SEQUENCE)
  VALUES(8061, '8061', null, '0', 'Credit Adjust Bank Rebate', 2, NULL);


INSERT INTO loan_event_entry_type_link(EVENT_TYPE_ID, ENTRY_TYPE_ID)
  VALUES(51, 8051);
INSERT INTO loan_event_entry_type_link(EVENT_TYPE_ID, ENTRY_TYPE_ID)
  VALUES(51, 1810);
INSERT INTO loan_event_entry_type_link(EVENT_TYPE_ID, ENTRY_TYPE_ID)
  VALUES(61, 8061);
INSERT INTO loan_event_entry_type_link(EVENT_TYPE_ID, ENTRY_TYPE_ID)
  VALUES(61, 1910);



INSERT INTO LOAN_ENTRY_POSTING_RULE(POSTING_RULE_ID) VALUES(8051);
UPDATE LOAN_ENTRY_POSTING_RULE SET	AFFECTS_date_last_activity =1  WHERE POSTING_RULE_ID = 8051;

INSERT INTO LOAN_ENTRY_POSTING_RULE(POSTING_RULE_ID) VALUES(8061);
UPDATE LOAN_ENTRY_POSTING_RULE SET	AFFECTS_date_last_activity =1  WHERE POSTING_RULE_ID = 8061;


INSERT INTO loan_entry_type(ENTRY_TYPE_ID, ENTRY_NAME, REVERSAL_ENTRY_TYPE_ID, POSTING_RULE_ID)
  VALUES(8051, 8051, 8051, 8051);
INSERT INTO loan_entry_type(ENTRY_TYPE_ID, ENTRY_NAME, REVERSAL_ENTRY_TYPE_ID, POSTING_RULE_ID)
  VALUES(8061, 8061, 8061, 8061);


--Product Change

INSERT INTO loan_event_type(EVENT_TYPE_ID, CORESOFT_EVENT_CODE, EVENT_GROUP, REVERSAL_EVENT_TYPE_ID, POSTING_ORDER, DESCRIPTION, DEBIT_OR_CREDIT)
  VALUES(401, '401', 0, 601, null, 'Product Change', '0');
INSERT INTO loan_event_type(EVENT_TYPE_ID, CORESOFT_EVENT_CODE, EVENT_GROUP, REVERSAL_EVENT_TYPE_ID, POSTING_ORDER, DESCRIPTION, DEBIT_OR_CREDIT)
  VALUES(601, '601', 1, 401, null, 'Product Change-Reversal', '1');

INSERT INTO entry_type(UNIQUE_ID, ID, INSTITUTION_ID, DEBIT_OR_CREDIT, DESCRIPTION, ACCOUNT_CATEGORY, POSTING_SEQUENCE)
  VALUES(8901, '8901', null, '1', 'Product Change', 2, NULL);

INSERT INTO loan_event_entry_type_link(EVENT_TYPE_ID, ENTRY_TYPE_ID)
  VALUES(401, 8901);

--need posting rule for 8901
INSERT INTO LOAN_ENTRY_POSTING_RULE(POSTING_RULE_ID) VALUES(8901);

INSERT INTO loan_entry_type(ENTRY_TYPE_ID, ENTRY_NAME, REVERSAL_ENTRY_TYPE_ID, POSTING_RULE_ID)
  VALUES(8901, 8901, 8901, 8901);



--Assigned Branch Change

INSERT INTO loan_event_type(EVENT_TYPE_ID, CORESOFT_EVENT_CODE, EVENT_GROUP, REVERSAL_EVENT_TYPE_ID, POSTING_ORDER, DESCRIPTION, DEBIT_OR_CREDIT)
  VALUES(402, '402', 0, 602, null, 'Assigned Branch Change', '0');
INSERT INTO loan_event_type(EVENT_TYPE_ID, CORESOFT_EVENT_CODE, EVENT_GROUP, REVERSAL_EVENT_TYPE_ID, POSTING_ORDER, DESCRIPTION, DEBIT_OR_CREDIT)
  VALUES(602, '602', 1, 402, null, 'Assigned Branch Change-Reversal', '1');

INSERT INTO entry_type(UNIQUE_ID, ID, INSTITUTION_ID, DEBIT_OR_CREDIT, DESCRIPTION, ACCOUNT_CATEGORY, POSTING_SEQUENCE)
  VALUES(8902, '8902', null, '1', 'Assigned Branch Change', 2, NULL);

INSERT INTO loan_event_entry_type_link(EVENT_TYPE_ID, ENTRY_TYPE_ID)
  VALUES(402, 8902);

--need posting rule for 8902
INSERT INTO LOAN_ENTRY_POSTING_RULE(POSTING_RULE_ID) VALUES(8902);

INSERT INTO loan_entry_type(ENTRY_TYPE_ID, ENTRY_NAME, REVERSAL_ENTRY_TYPE_ID, POSTING_RULE_ID)
  VALUES(8902, 8902, 8902, 8902);

--Assigned Bank Change



INSERT INTO loan_event_type(EVENT_TYPE_ID, CORESOFT_EVENT_CODE, EVENT_GROUP, REVERSAL_EVENT_TYPE_ID, POSTING_ORDER, DESCRIPTION, DEBIT_OR_CREDIT)
  VALUES(403, '403', 0, 603, null, 'Assigned Bank Change', '0');
INSERT INTO loan_event_type(EVENT_TYPE_ID, CORESOFT_EVENT_CODE, EVENT_GROUP, REVERSAL_EVENT_TYPE_ID, POSTING_ORDER, DESCRIPTION, DEBIT_OR_CREDIT)
  VALUES(603, '603', 1, 403, null, 'Assigned Bank Change-Reversal', '1');

INSERT INTO entry_type(UNIQUE_ID, ID, INSTITUTION_ID, DEBIT_OR_CREDIT, DESCRIPTION, ACCOUNT_CATEGORY, POSTING_SEQUENCE)
  VALUES(8903, '8903', null, '1', 'Assigned Bank Change', 2, NULL);

INSERT INTO loan_event_entry_type_link(EVENT_TYPE_ID, ENTRY_TYPE_ID)
  VALUES(403, 8903);

--need posting rule for 8903
INSERT INTO LOAN_ENTRY_POSTING_RULE(POSTING_RULE_ID) VALUES(8903);

INSERT INTO loan_entry_type(ENTRY_TYPE_ID, ENTRY_NAME, REVERSAL_ENTRY_TYPE_ID, POSTING_RULE_ID)
  VALUES(8903, 8903, 8903, 8903);