INSERT INTO loan_event_type(EVENT_TYPE_ID, CORESOFT_EVENT_CODE, EVENT_GROUP, REVERSAL_EVENT_TYPE_ID, POSTING_ORDER, DESCRIPTION, DEBIT_OR_CREDIT)
  VALUES(96, '096', 0, 296, null, 'NSF Fees Charged', '1');
INSERT INTO loan_event_type(EVENT_TYPE_ID, CORESOFT_EVENT_CODE, EVENT_GROUP, REVERSAL_EVENT_TYPE_ID, POSTING_ORDER, DESCRIPTION, DEBIT_OR_CREDIT)
  VALUES(296, '296', 1, 96, null, 'NSF Fees Charged Reversal', '0');
INSERT INTO ENTRY_TYPE(UNIQUE_ID,ID,INSTITUTION_ID,DEBIT_OR_CREDIT,DESCRIPTION,ACCOUNT_CATEGORY,POSTING_SEQUENCE,IS_REVERSAL)
  VALUES(8896, '8896', null, '0', 'NSF Fees Charged', 2, NULL, '0');
ALTER TABLE LOAN_ENTRY_POSTING_RULE ADD  AFF_NSF_FEES_CHARGED NUMBER(20) DEFAULT 0;
INSERT INTO LOAN_ENTRY_POSTING_RULE(POSTING_RULE_ID, AFF_NSF_FEES_CHARGED) VALUES(8896,1);
INSERT INTO LOAN_ENTRY_TYPE(ENTRY_TYPE_ID, ENTRY_NAME, REVERSAL_ENTRY_TYPE_ID, POSTING_RULE_ID) VALUES(8896,8896,8896,8896);
insert into loan_event_entry_type_link values(96,8896);


INSERT INTO loan_event_type(EVENT_TYPE_ID, CORESOFT_EVENT_CODE, EVENT_GROUP, REVERSAL_EVENT_TYPE_ID, POSTING_ORDER, DESCRIPTION, DEBIT_OR_CREDIT)
  VALUES(97, '097', 0, 297, null, 'NSF Fees Waive Off ', '1');
INSERT INTO loan_event_type(EVENT_TYPE_ID, CORESOFT_EVENT_CODE, EVENT_GROUP, REVERSAL_EVENT_TYPE_ID, POSTING_ORDER, DESCRIPTION, DEBIT_OR_CREDIT)
  VALUES(297, '297', 1, 97, null, 'NSF Fees Waive Off Reversal', '0');
INSERT INTO ENTRY_TYPE(UNIQUE_ID,ID,INSTITUTION_ID,DEBIT_OR_CREDIT,DESCRIPTION,ACCOUNT_CATEGORY,POSTING_SEQUENCE,IS_REVERSAL)
  VALUES(8897, '8897', null, '0', 'NSF Fees Waive Off', 2, NULL, '0');
ALTER TABLE LOAN_ENTRY_POSTING_RULE ADD  AFF_NSF_FEES_WAIVEOFF NUMBER(20) DEFAULT 0;
INSERT INTO LOAN_ENTRY_POSTING_RULE(POSTING_RULE_ID, AFF_NSF_FEES_WAIVEOFF) VALUES(8897,1);
INSERT INTO LOAN_ENTRY_TYPE(ENTRY_TYPE_ID, ENTRY_NAME, REVERSAL_ENTRY_TYPE_ID, POSTING_RULE_ID) VALUES(8897,8897,8897,8897);
insert into loan_event_entry_type_link values(97,8897);

INSERT INTO ENTRY_TYPE(UNIQUE_ID,ID,INSTITUTION_ID,DEBIT_OR_CREDIT,DESCRIPTION,ACCOUNT_CATEGORY,POSTING_SEQUENCE,IS_REVERSAL)
    values((select max(unique_id)+1 from entry_type),'1894',null,'0','NSF FEES CHARGED AMT',2,NULL,0);
INSERT INTO ENTRY_TYPE(UNIQUE_ID,ID,INSTITUTION_ID,DEBIT_OR_CREDIT,DESCRIPTION,ACCOUNT_CATEGORY,POSTING_SEQUENCE,IS_REVERSAL)
    values((select max(unique_id)+1 from entry_type),'1994',null,'1','NSF FEES CHARGED AMT',2,NULL,0);
ALTER TABLE LOAN_ENTRY_POSTING_RULE ADD  AFF_NSF_FEES_CHARGED_AMT NUMBER(20) DEFAULT 0;
INSERT INTO LOAN_ENTRY_POSTING_RULE(POSTING_RULE_ID, AFF_NSF_FEES_CHARGED_AMT) VALUES(94, 1);
INSERT INTO LOAN_ENTRY_TYPE(ENTRY_TYPE_ID, ENTRY_NAME, REVERSAL_ENTRY_TYPE_ID, POSTING_RULE_ID) 
    VALUES((select unique_id from entry_type where id='1894'), 94, (select unique_id from entry_type where id='1994'), 94);
INSERT INTO LOAN_ENTRY_TYPE(ENTRY_TYPE_ID, ENTRY_NAME, REVERSAL_ENTRY_TYPE_ID, POSTING_RULE_ID) 
    VALUES((select unique_id from entry_type where id='1994'), 94, (select unique_id from entry_type where id='1894'), 94);
INSERT INTO LOAN_EVENT_ENTRY_TYPE_LINK (EVENT_TYPE_ID, ENTRY_TYPE_ID) VALUES (096,(SELECT unique_id FROM entry_type WHERE ID='1994'));
INSERT INTO LOAN_EVENT_ENTRY_TYPE_LINK (EVENT_TYPE_ID, ENTRY_TYPE_ID) VALUES (296,(SELECT unique_id FROM entry_type WHERE ID='1894'));


INSERT INTO ENTRY_TYPE(UNIQUE_ID,ID,INSTITUTION_ID,DEBIT_OR_CREDIT,DESCRIPTION,ACCOUNT_CATEGORY,POSTING_SEQUENCE,IS_REVERSAL)
    values((select max(unique_id)+1 from entry_type),'1895',null,'0','NSF FEES WAIVE AMT',2,NULL,0);
INSERT INTO ENTRY_TYPE(UNIQUE_ID,ID,INSTITUTION_ID,DEBIT_OR_CREDIT,DESCRIPTION,ACCOUNT_CATEGORY,POSTING_SEQUENCE,IS_REVERSAL)
    values((select max(unique_id)+1 from entry_type),'1995',null,'1','NSF FEES WAIVE AMT',2,NULL,0);
ALTER TABLE LOAN_ENTRY_POSTING_RULE ADD  AFF_NSF_FEES_WAIVE_AMT NUMBER(20) DEFAULT 0;
INSERT INTO LOAN_ENTRY_POSTING_RULE(POSTING_RULE_ID, AFF_NSF_FEES_WAIVE_AMT) VALUES(95, 1);
INSERT INTO LOAN_ENTRY_TYPE(ENTRY_TYPE_ID, ENTRY_NAME, REVERSAL_ENTRY_TYPE_ID, POSTING_RULE_ID) 
    VALUES((select unique_id from entry_type where id='1895'), 95, (select unique_id from entry_type where id='1995'), 95);
INSERT INTO LOAN_ENTRY_TYPE(ENTRY_TYPE_ID, ENTRY_NAME, REVERSAL_ENTRY_TYPE_ID, POSTING_RULE_ID) 
    VALUES((select unique_id from entry_type where id='1995'), 95, (select unique_id from entry_type where id='1895'), 95);
INSERT INTO LOAN_EVENT_ENTRY_TYPE_LINK (EVENT_TYPE_ID, ENTRY_TYPE_ID) VALUES (097,(SELECT unique_id FROM entry_type WHERE ID='1995'));
INSERT INTO LOAN_EVENT_ENTRY_TYPE_LINK (EVENT_TYPE_ID, ENTRY_TYPE_ID) VALUES (297,(SELECT unique_id FROM entry_type WHERE ID='1895'));

ALTER TABLE LOAN ADD NSF_FEE_WAIVE_AMT NUMBER(15,5) DEFAULT 0;
ALTER TABLE LOAN ADD NSF_FEE_CHARGE_AMT NUMBER(15,5) DEFAULT 0;


INSERT INTO loan_event_type(EVENT_TYPE_ID, CORESOFT_EVENT_CODE, EVENT_GROUP, REVERSAL_EVENT_TYPE_ID, POSTING_ORDER, DESCRIPTION, DEBIT_OR_CREDIT)
  VALUES(98, '098', 0, 298, null, 'NSF Fees Paid', '1');
INSERT INTO loan_event_type(EVENT_TYPE_ID, CORESOFT_EVENT_CODE, EVENT_GROUP, REVERSAL_EVENT_TYPE_ID, POSTING_ORDER, DESCRIPTION, DEBIT_OR_CREDIT)
  VALUES(298, '298', 1, 98, null, 'NSF Fees Paid Reveral', '0');
INSERT INTO ENTRY_TYPE(UNIQUE_ID,ID,INSTITUTION_ID,DEBIT_OR_CREDIT,DESCRIPTION,ACCOUNT_CATEGORY,POSTING_SEQUENCE,IS_REVERSAL)
  VALUES(8898, '8898', null, '0', 'NSF Fees Paid', 2, NULL, '0');
ALTER TABLE LOAN_ENTRY_POSTING_RULE ADD  AFF_NSF_FEES_PAID NUMBER(20) DEFAULT 0;
INSERT INTO LOAN_ENTRY_POSTING_RULE(POSTING_RULE_ID, AFF_NSF_FEES_PAID) VALUES(8898,1);
INSERT INTO LOAN_ENTRY_TYPE(ENTRY_TYPE_ID, ENTRY_NAME, REVERSAL_ENTRY_TYPE_ID, POSTING_RULE_ID) VALUES(8898,8898,8898,8898);
insert into loan_event_entry_type_link values(98,8898);

INSERT INTO ENTRY_TYPE(UNIQUE_ID,ID,INSTITUTION_ID,DEBIT_OR_CREDIT,DESCRIPTION,ACCOUNT_CATEGORY,POSTING_SEQUENCE,IS_REVERSAL)
    values((select max(unique_id)+1 from entry_type),'1896',null,'0','NSF FEES PAID AMT',2,NULL,0);
INSERT INTO ENTRY_TYPE(UNIQUE_ID,ID,INSTITUTION_ID,DEBIT_OR_CREDIT,DESCRIPTION,ACCOUNT_CATEGORY,POSTING_SEQUENCE,IS_REVERSAL)
    values((select max(unique_id)+1 from entry_type),'1996',null,'1','NSF FEES PAID AMT',2,NULL,0);
ALTER TABLE LOAN_ENTRY_POSTING_RULE ADD  AFF_NSF_FEES_PAID_AMT NUMBER(20) DEFAULT 0;
INSERT INTO LOAN_ENTRY_POSTING_RULE(POSTING_RULE_ID, AFF_NSF_FEES_PAID_AMT) VALUES(96, 1);
INSERT INTO LOAN_ENTRY_TYPE(ENTRY_TYPE_ID, ENTRY_NAME, REVERSAL_ENTRY_TYPE_ID, POSTING_RULE_ID) 
    VALUES((select unique_id from entry_type where id='1896'), 96, (select unique_id from entry_type where id='1996'), 96);
INSERT INTO LOAN_ENTRY_TYPE(ENTRY_TYPE_ID, ENTRY_NAME, REVERSAL_ENTRY_TYPE_ID, POSTING_RULE_ID) 
    VALUES((select unique_id from entry_type where id='1996'), 96, (select unique_id from entry_type where id='1896'), 96);
INSERT INTO LOAN_EVENT_ENTRY_TYPE_LINK (EVENT_TYPE_ID, ENTRY_TYPE_ID) VALUES (098,(SELECT unique_id FROM entry_type WHERE ID='1996'));
INSERT INTO LOAN_EVENT_ENTRY_TYPE_LINK (EVENT_TYPE_ID, ENTRY_TYPE_ID) VALUES (298,(SELECT unique_id FROM entry_type WHERE ID='1896'));

update loan_entry_posting_rule set AFF_NSF_FEES_PAID_AMT=1 where posting_rule_id=8898;
update loan_entry_posting_rule set AFF_NSF_FEES_WAIVE_AMT=1 where posting_rule_id=8897;
update loan_entry_posting_rule set AFF_NSF_FEES_CHARGED_AMT=1 where posting_rule_id=8896;

INSERT INTO loan_event_type(EVENT_TYPE_ID, CORESOFT_EVENT_CODE, EVENT_GROUP, REVERSAL_EVENT_TYPE_ID, POSTING_ORDER, DESCRIPTION, DEBIT_OR_CREDIT)
  VALUES(80, '080', 0, 280, null, 'Legal Fees Charged', '1');
INSERT INTO loan_event_type(EVENT_TYPE_ID, CORESOFT_EVENT_CODE, EVENT_GROUP, REVERSAL_EVENT_TYPE_ID, POSTING_ORDER, DESCRIPTION, DEBIT_OR_CREDIT)
  VALUES(280, '280', 1, 80, null, 'Legal Fees Charged Reversal', '0');
INSERT INTO ENTRY_TYPE(UNIQUE_ID,ID,INSTITUTION_ID,DEBIT_OR_CREDIT,DESCRIPTION,ACCOUNT_CATEGORY,POSTING_SEQUENCE,IS_REVERSAL)
  VALUES(8880, '8880', null, '0', 'Legal Fees Charged', 2, NULL, '0');
ALTER TABLE LOAN_ENTRY_POSTING_RULE ADD  AFF_LEGAL_FEES_CHARGED NUMBER(20) DEFAULT 0;
INSERT INTO LOAN_ENTRY_POSTING_RULE(POSTING_RULE_ID, AFF_LEGAL_FEES_CHARGED) VALUES(8880,1);
INSERT INTO LOAN_ENTRY_TYPE(ENTRY_TYPE_ID, ENTRY_NAME, REVERSAL_ENTRY_TYPE_ID, POSTING_RULE_ID) VALUES(8880,8880,8880,8880);
insert into loan_event_entry_type_link values(80,8880);

INSERT INTO loan_event_type(EVENT_TYPE_ID, CORESOFT_EVENT_CODE, EVENT_GROUP, REVERSAL_EVENT_TYPE_ID, POSTING_ORDER, DESCRIPTION, DEBIT_OR_CREDIT)
  VALUES(85, '085', 0, 285, null, 'Legal Fees Waive Off ', '1');
INSERT INTO loan_event_type(EVENT_TYPE_ID, CORESOFT_EVENT_CODE, EVENT_GROUP, REVERSAL_EVENT_TYPE_ID, POSTING_ORDER, DESCRIPTION, DEBIT_OR_CREDIT)
  VALUES(285, '285', 1, 85, null, 'Legal Fees Waive Off Reversal', '0');
INSERT INTO ENTRY_TYPE(UNIQUE_ID,ID,INSTITUTION_ID,DEBIT_OR_CREDIT,DESCRIPTION,ACCOUNT_CATEGORY,POSTING_SEQUENCE,IS_REVERSAL)
  VALUES(8885, '8885', null, '0', 'Legal Fees Waive Off', 2, NULL, '0');
ALTER TABLE LOAN_ENTRY_POSTING_RULE ADD  AFF_LEGAL_FEES_WAIVEOFF NUMBER(20) DEFAULT 0;
INSERT INTO LOAN_ENTRY_POSTING_RULE(POSTING_RULE_ID, AFF_LEGAL_FEES_WAIVEOFF) VALUES(8885,1);
INSERT INTO LOAN_ENTRY_TYPE(ENTRY_TYPE_ID, ENTRY_NAME, REVERSAL_ENTRY_TYPE_ID, POSTING_RULE_ID) VALUES(8885,8885,8885,8885);
insert into loan_event_entry_type_link values(85,8885);

INSERT INTO loan_event_type(EVENT_TYPE_ID, CORESOFT_EVENT_CODE, EVENT_GROUP, REVERSAL_EVENT_TYPE_ID, POSTING_ORDER, DESCRIPTION, DEBIT_OR_CREDIT)
  VALUES(86, '086', 0, 286, null, 'Legal Fees Paid', '1');
INSERT INTO loan_event_type(EVENT_TYPE_ID, CORESOFT_EVENT_CODE, EVENT_GROUP, REVERSAL_EVENT_TYPE_ID, POSTING_ORDER, DESCRIPTION, DEBIT_OR_CREDIT)
  VALUES(286, '286', 1, 86, null, 'Legal Fees Paid Reversal', '0');
INSERT INTO ENTRY_TYPE(UNIQUE_ID,ID,INSTITUTION_ID,DEBIT_OR_CREDIT,DESCRIPTION,ACCOUNT_CATEGORY,POSTING_SEQUENCE,IS_REVERSAL)
  VALUES(8886, '8886', null, '0', 'Legal Fees Paid', 2, NULL, '0');
ALTER TABLE LOAN_ENTRY_POSTING_RULE ADD  AFF_LEGAL_FEES_PAID NUMBER(20) DEFAULT 0;
INSERT INTO LOAN_ENTRY_POSTING_RULE(POSTING_RULE_ID, AFF_LEGAL_FEES_PAID) VALUES(8886,1);
INSERT INTO LOAN_ENTRY_TYPE(ENTRY_TYPE_ID, ENTRY_NAME, REVERSAL_ENTRY_TYPE_ID, POSTING_RULE_ID) VALUES(8886,8886,8886,8886);
insert into loan_event_entry_type_link values(86,8886);


ALTER TABLE LOAN ADD LEGAL_FEES_CHARGE_AMT NUMBER(15,5) DEFAULT 0;
ALTER TABLE LOAN ADD LEGAL_FEES_WAIVE_AMT NUMBER(15,5) DEFAULT 0;


INSERT INTO ENTRY_TYPE(UNIQUE_ID,ID,INSTITUTION_ID,DEBIT_OR_CREDIT,DESCRIPTION,ACCOUNT_CATEGORY,POSTING_SEQUENCE,IS_REVERSAL)
    values((select max(unique_id)+1 from entry_type),'1874',null,'0','LEGAL FEES CHARGED AMT',2,NULL,0);
INSERT INTO ENTRY_TYPE(UNIQUE_ID,ID,INSTITUTION_ID,DEBIT_OR_CREDIT,DESCRIPTION,ACCOUNT_CATEGORY,POSTING_SEQUENCE,IS_REVERSAL)
    values((select max(unique_id)+1 from entry_type),'1974',null,'1','LEGAL FEES CHARGED AMT',2,NULL,0);
ALTER TABLE LOAN_ENTRY_POSTING_RULE ADD  AFF_LEGAL_FEES_CHARGED_AMT NUMBER(20) DEFAULT 0;
INSERT INTO LOAN_ENTRY_POSTING_RULE(POSTING_RULE_ID, AFF_LEGAL_FEES_CHARGED_AMT) VALUES(74, 1);
INSERT INTO LOAN_ENTRY_TYPE(ENTRY_TYPE_ID, ENTRY_NAME, REVERSAL_ENTRY_TYPE_ID, POSTING_RULE_ID) 
    VALUES((select unique_id from entry_type where id='1874'), 74, (select unique_id from entry_type where id='1974'), 74);
INSERT INTO LOAN_ENTRY_TYPE(ENTRY_TYPE_ID, ENTRY_NAME, REVERSAL_ENTRY_TYPE_ID, POSTING_RULE_ID) 
    VALUES((select unique_id from entry_type where id='1974'), 74, (select unique_id from entry_type where id='1874'), 74);
INSERT INTO LOAN_EVENT_ENTRY_TYPE_LINK (EVENT_TYPE_ID, ENTRY_TYPE_ID) VALUES (080,(SELECT unique_id FROM entry_type WHERE ID='1974'));
INSERT INTO LOAN_EVENT_ENTRY_TYPE_LINK (EVENT_TYPE_ID, ENTRY_TYPE_ID) VALUES (280,(SELECT unique_id FROM entry_type WHERE ID='1874'));


INSERT INTO ENTRY_TYPE(UNIQUE_ID,ID,INSTITUTION_ID,DEBIT_OR_CREDIT,DESCRIPTION,ACCOUNT_CATEGORY,POSTING_SEQUENCE,IS_REVERSAL)
    values((select max(unique_id)+1 from entry_type),'1875',null,'0','LEGAL FEES WAIVE AMT',2,NULL,0);
INSERT INTO ENTRY_TYPE(UNIQUE_ID,ID,INSTITUTION_ID,DEBIT_OR_CREDIT,DESCRIPTION,ACCOUNT_CATEGORY,POSTING_SEQUENCE,IS_REVERSAL)
    values((select max(unique_id)+1 from entry_type),'1975',null,'1','LEGAL FEES WAIVE AMT',2,NULL,0);
ALTER TABLE LOAN_ENTRY_POSTING_RULE ADD  AFF_LEGAL_FEES_WAIVE_AMT NUMBER(20) DEFAULT 0;
INSERT INTO LOAN_ENTRY_POSTING_RULE(POSTING_RULE_ID, AFF_LEGAL_FEES_WAIVE_AMT) VALUES(75, 1);
INSERT INTO LOAN_ENTRY_TYPE(ENTRY_TYPE_ID, ENTRY_NAME, REVERSAL_ENTRY_TYPE_ID, POSTING_RULE_ID) 
    VALUES((select unique_id from entry_type where id='1875'), 75, (select unique_id from entry_type where id='1975'), 75);
INSERT INTO LOAN_ENTRY_TYPE(ENTRY_TYPE_ID, ENTRY_NAME, REVERSAL_ENTRY_TYPE_ID, POSTING_RULE_ID) 
    VALUES((select unique_id from entry_type where id='1975'), 75, (select unique_id from entry_type where id='1875'), 75);
INSERT INTO LOAN_EVENT_ENTRY_TYPE_LINK (EVENT_TYPE_ID, ENTRY_TYPE_ID) VALUES (085,(SELECT unique_id FROM entry_type WHERE ID='1975'));
INSERT INTO LOAN_EVENT_ENTRY_TYPE_LINK (EVENT_TYPE_ID, ENTRY_TYPE_ID) VALUES (285,(SELECT unique_id FROM entry_type WHERE ID='1875'));

INSERT INTO ENTRY_TYPE(UNIQUE_ID,ID,INSTITUTION_ID,DEBIT_OR_CREDIT,DESCRIPTION,ACCOUNT_CATEGORY,POSTING_SEQUENCE,IS_REVERSAL)
    values((select max(unique_id)+1 from entry_type),'1876',null,'0','LEGAL FEES PAID AMT',2,NULL,0);
INSERT INTO ENTRY_TYPE(UNIQUE_ID,ID,INSTITUTION_ID,DEBIT_OR_CREDIT,DESCRIPTION,ACCOUNT_CATEGORY,POSTING_SEQUENCE,IS_REVERSAL)
    values((select max(unique_id)+1 from entry_type),'1976',null,'1','LEGAL FEES PAID AMT',2,NULL,0);
ALTER TABLE LOAN_ENTRY_POSTING_RULE ADD  AFF_LEGAL_FEES_PAID_AMT NUMBER(20) DEFAULT 0;
INSERT INTO LOAN_ENTRY_POSTING_RULE(POSTING_RULE_ID, AFF_LEGAL_FEES_PAID_AMT) VALUES(76, 1);
INSERT INTO LOAN_ENTRY_TYPE(ENTRY_TYPE_ID, ENTRY_NAME, REVERSAL_ENTRY_TYPE_ID, POSTING_RULE_ID) 
    VALUES((select unique_id from entry_type where id='1876'), 76, (select unique_id from entry_type where id='1976'), 76);
INSERT INTO LOAN_ENTRY_TYPE(ENTRY_TYPE_ID, ENTRY_NAME, REVERSAL_ENTRY_TYPE_ID, POSTING_RULE_ID) 
    VALUES((select unique_id from entry_type where id='1976'), 76, (select unique_id from entry_type where id='1876'), 76);
INSERT INTO LOAN_EVENT_ENTRY_TYPE_LINK (EVENT_TYPE_ID, ENTRY_TYPE_ID) VALUES (086,(SELECT unique_id FROM entry_type WHERE ID='1976'));
INSERT INTO LOAN_EVENT_ENTRY_TYPE_LINK (EVENT_TYPE_ID, ENTRY_TYPE_ID) VALUES (286,(SELECT unique_id FROM entry_type WHERE ID='1876'));

update loan_entry_posting_rule set AFF_LEGAL_FEES_CHARGED_AMT=1 where posting_rule_id=8880;
update loan_entry_posting_rule set AFF_LEGAL_FEES_WAIVE_AMT=1 where posting_rule_id=8885;
update loan_entry_posting_rule set AFF_LEGAL_FEES_PAID_AMT=1 where posting_rule_id=8886;