alter table LOAN_ACCOUNT_DAY add OPENING_PRNCP_DUE_DATE number(20,6) default 0;

alter table LOAN_ACCOUNT_DAY add PRNCP_DUE_DATE number(20,6) default 0;

alter table LOAN_LEDGER_POSTING_PARAMETERS add AFFECTS_PRNCP_DUE_DATE number(1) default 0;

--update LOAN_LEDGER_POSTING_PARAMETERS set AFFECTS_PRNCP_DUE_DATE=1 where UNIQUE_ID in (1725 );


alter table LOAN_ACCOUNT_DAY add OPENING_INT_DUE_DATE number(20,6) default 0;

alter table LOAN_ACCOUNT_DAY add INT_DUE_DATE number(20,6) default 0;

alter table LOAN_LEDGER_POSTING_PARAMETERS add AFFECTS_INT_DUE_DATE number(1) default 0;

--update LOAN_LEDGER_POSTING_PARAMETERS set AFFECTS_INT_DUE_DATE=1 where UNIQUE_ID in (1725 );
  

----------SIL
 
----------ENTRY_TYPE

INSERT INTO ENTRY_TYPE(UNIQUE_ID, ID, INSTITUTION_ID, ACCOUNT_CATEGORY, DEBIT_OR_CREDIT, DESCRIPTION)
    VALUES(22208, '22208', null, '2','0', 'Debit Memo - Late Charge');
INSERT INTO ENTRY_TYPE(UNIQUE_ID, ID, INSTITUTION_ID, ACCOUNT_CATEGORY, DEBIT_OR_CREDIT, DESCRIPTION)
    VALUES(32208, '32208', null, '2','1', 'Credit Memo - Late Charge');



 ---------LOAN_ENTRY_TYPE

 INSERT INTO LOAN_ENTRY_TYPE(UNIQUE_ID, ACCOUNT_TYPE_ID, TRAN_TYPE_GROUP_ID, EVENT_TYPE_ID, DISTRIBUTION_RULE_ID,  IS_MONETARY)
    VALUES(22208, '208', 'REGULAR', '2,2', 22208,  0);
INSERT INTO LOAN_ENTRY_TYPE(UNIQUE_ID, ACCOUNT_TYPE_ID, TRAN_TYPE_GROUP_ID, EVENT_TYPE_ID, DISTRIBUTION_RULE_ID,  IS_MONETARY)
    VALUES(32208, '208', 'REGULAR', '3,2', 32208,  0);


 ------LOAN_ENTRY_TYPE_LINK

INSERT INTO LOAN_ENTRY_TYPE_LINK (ENTRY_TYPE_ID,CHILD_ENTRY_TYPE_ID)
    VALUES('22208','1802');
INSERT INTO LOAN_ENTRY_TYPE_LINK (ENTRY_TYPE_ID,CHILD_ENTRY_TYPE_ID)
    VALUES('32208','1902');
 
 -------LOAN_LEDGER_POSTING_PARAMETERS

 
-- INSERT INTO LOAN_LEDGER_POSTING_PARAMETERS(UNIQUE_ID, INSTITUTION_ID, ENTRY_TYPE_ID, ACCOUNT_TYPE_ID, AFFECTS_DATE_LAST_ACTIVITY, AFFECTS_ORIG_LOAN_BALANCE, AFFECTS_PRINCIPAL_BALANCE, AFFECTS_PRINCIPAL_DUE, AFFECTS_INTEREST_DUE, AFFECTS_ESCROW_DUE, AFFECTS_ESCROW_BALANCE, AFFECTS_NONESCROW_DUE, AFFECTS_NONESCROW_BALANCE, AFFECTS_BANK_REBATE, AFFECTS_CREDIT_LIFE_DUE, AFFECTS_CREDIT_LIFE_PREMIUM, AFFECTS_CREDIT_LIFE_REBATE, AFFECTS_ACC_HEALTH_DUE, AFFECTS_ACC_HEALTH_PREMIUM, AFFECTS_ACC_HEALTH_REBATE, AFFECTS_OTHER_FEE_DUE, AFFECTS_COLLATERAL_INS_DUE, AFFECTS_COLLATERAL_INS_PREMIUM, AFFECTS_COLLATERAL_INS_REBATE, AFFECTS_UNAPPLIED_FUND, AFFECTS_PARTIAL_PAYMENT, AFFECTS_COLL_LATE_CHARGE, AFFECTS_UNCOLL_LATE_CHARGE, AFFECTS_WAIVED_LATE_CHARGE, AFFECTS_DATE_LAST_TRANSACTION, AFFECTS_DATE_NEXT_DUE, AFFECTS_LINE_OF_CREDIT, AFFECTS_UNUSED_LINE_OF_CREDIT, AFFECTS_NET_PAYOFF, AFFECTS_PAYMENT_MAID, AFFECTS_RETURNED_CHECKS, AFFECTS_INTEREST_YTD, AFFECTS_INTEREST_MTD, AFFECTS_INTEREST_LTD, AFFECTS_ACCRUED_INTEREST, AFFECTS_LOAN_STATUS, AFFECTS_PAYOUT_CODE, AFFECTS_DATE_CLOSED, AFFECTS_NEXTESCROWDISBURSEDATE, AFFECTS_PRINCIPAL_PAID_TO_DATE, AFFECTS_INTEREST_PAID_TO_DATE, AFFECTS_FUTURE_PAYMENT_COUNT, AFFECTS_DATE_PREVIOUS_ACTIVITY, AFFECTS_SPECIAL_RES_REBATE_1, AFFECTS_SPECIAL_RES_REBATE_2, AFFECTS_PAYMENT_NUMBER, AFFECTS_ACCRUED_INTEREST_NET, AFFECTS_ACCRUED_INTEREST_MTD, AFFECTS_ACCRUED_INTEREST_YTD, AFFECTS_ACCUMULATED_INTEREST, AFFECTS_NEXT_NONESCDISBURDATE, AFFECTS_DEALER_RESERVE_REBATE, AFFECTS_DEALER_HOLDBACK_REBATE, AFFECTS_SPECIAL_RESERVE1, AFFECTS_SPECIAL_RESERVE2, AFFECTS_LAST_STMT_BALANCE, AFFECTS_LAST_STMT_DATE, AFFECTS_LAST_PAYMENT_DATE, AFFECTS_DEALER_INTEREST, AFFECTS_DEALER_ACCRUED_INT, AFFECTS_DEALER_ACCUMULATED_INT, AFFECTS_ACCRUED_CHARGE1, AFFECTS_ACCUMULATED_CHARGE1, AFFECTS_ACCRUED_CHARGE2, AFFECTS_ACCUMULATED_CHARGE2, AFFECTS_UNUSED_LINE_COMMIT_FEE, AFFECTS_ACCRDUNUSEDLINECOMMFEE, AFFECTS_LOW_BORROWING_YTD, AFFECTS_AGGREGATE_BAL_YTD, AFFECTS_TAX_PAID_YTD, AFFECTS_PRE_YEAR_TAX_PAID, AFFECTS_PRE_YEAR_INT_PAID, AFFECTS_ACCUMUNUSEDLINECOMMFEE) 
--    VALUES(22208, '1','22208', '208', 0, 0, 0, 0, 0, 0, 0, 0, 0, 0, 0, 0, 0, 0, 0, 0, 0, 0, 0, 0, 0, 0, 0, 0, 0, 0, 0, 0, 0, 0, 0, 0, 0, 0, 0, 0, 0, 0, 0, 0, 0, 0, 0, 0, 0, 0, 0, 0, 0, 0, 0, 0, 0, 0, 0, 0, 0, 0, 0, 0, 0, 0, 0, 0, 0, 0, 0, 0, 0, 0, 0, 0, 0, 0);
-- 
--UPDATE LOAN_LEDGER_POSTING_PARAMETERS SET AFFECTS_DATE_LAST_ACTIVITY=1,AFFECTS_DATE_PREVIOUS_ACTIVITY=1,
-- AFFECTS_UNCOLL_LATE_CHARGE=1,AFFECTS_DATE_LAST_TRANSACTION=1,AFFECTS_NET_PAYOFF=1 WHERE UNIQUE_ID=22208;
--
--INSERT INTO LOAN_LEDGER_POSTING_PARAMETERS(UNIQUE_ID, INSTITUTION_ID, ENTRY_TYPE_ID, ACCOUNT_TYPE_ID, AFFECTS_DATE_LAST_ACTIVITY, AFFECTS_ORIG_LOAN_BALANCE, AFFECTS_PRINCIPAL_BALANCE, AFFECTS_PRINCIPAL_DUE, AFFECTS_INTEREST_DUE, AFFECTS_ESCROW_DUE, AFFECTS_ESCROW_BALANCE, AFFECTS_NONESCROW_DUE, AFFECTS_NONESCROW_BALANCE, AFFECTS_BANK_REBATE, AFFECTS_CREDIT_LIFE_DUE, AFFECTS_CREDIT_LIFE_PREMIUM, AFFECTS_CREDIT_LIFE_REBATE, AFFECTS_ACC_HEALTH_DUE, AFFECTS_ACC_HEALTH_PREMIUM, AFFECTS_ACC_HEALTH_REBATE, AFFECTS_OTHER_FEE_DUE, AFFECTS_COLLATERAL_INS_DUE, AFFECTS_COLLATERAL_INS_PREMIUM, AFFECTS_COLLATERAL_INS_REBATE, AFFECTS_UNAPPLIED_FUND, AFFECTS_PARTIAL_PAYMENT, AFFECTS_COLL_LATE_CHARGE, AFFECTS_UNCOLL_LATE_CHARGE, AFFECTS_WAIVED_LATE_CHARGE, AFFECTS_DATE_LAST_TRANSACTION, AFFECTS_DATE_NEXT_DUE, AFFECTS_LINE_OF_CREDIT, AFFECTS_UNUSED_LINE_OF_CREDIT, AFFECTS_NET_PAYOFF, AFFECTS_PAYMENT_MAID, AFFECTS_RETURNED_CHECKS, AFFECTS_INTEREST_YTD, AFFECTS_INTEREST_MTD, AFFECTS_INTEREST_LTD, AFFECTS_ACCRUED_INTEREST, AFFECTS_LOAN_STATUS, AFFECTS_PAYOUT_CODE, AFFECTS_DATE_CLOSED, AFFECTS_NEXTESCROWDISBURSEDATE, AFFECTS_PRINCIPAL_PAID_TO_DATE, AFFECTS_INTEREST_PAID_TO_DATE, AFFECTS_FUTURE_PAYMENT_COUNT, AFFECTS_DATE_PREVIOUS_ACTIVITY, AFFECTS_SPECIAL_RES_REBATE_1, AFFECTS_SPECIAL_RES_REBATE_2, AFFECTS_PAYMENT_NUMBER, AFFECTS_ACCRUED_INTEREST_NET, AFFECTS_ACCRUED_INTEREST_MTD, AFFECTS_ACCRUED_INTEREST_YTD, AFFECTS_ACCUMULATED_INTEREST, AFFECTS_NEXT_NONESCDISBURDATE, AFFECTS_DEALER_RESERVE_REBATE, AFFECTS_DEALER_HOLDBACK_REBATE, AFFECTS_SPECIAL_RESERVE1, AFFECTS_SPECIAL_RESERVE2, AFFECTS_LAST_STMT_BALANCE, AFFECTS_LAST_STMT_DATE, AFFECTS_LAST_PAYMENT_DATE, AFFECTS_DEALER_INTEREST, AFFECTS_DEALER_ACCRUED_INT, AFFECTS_DEALER_ACCUMULATED_INT, AFFECTS_ACCRUED_CHARGE1, AFFECTS_ACCUMULATED_CHARGE1, AFFECTS_ACCRUED_CHARGE2, AFFECTS_ACCUMULATED_CHARGE2, AFFECTS_UNUSED_LINE_COMMIT_FEE, AFFECTS_ACCRDUNUSEDLINECOMMFEE, AFFECTS_LOW_BORROWING_YTD, AFFECTS_AGGREGATE_BAL_YTD, AFFECTS_TAX_PAID_YTD, AFFECTS_PRE_YEAR_TAX_PAID, AFFECTS_PRE_YEAR_INT_PAID, AFFECTS_ACCUMUNUSEDLINECOMMFEE) 
--    VALUES(32208, '1','32208', '208', 0, 0, 0, 0, 0, 0, 0, 0, 0, 0, 0, 0, 0, 0, 0, 0, 0, 0, 0, 0, 0, 0, 0, 0, 0, 0, 0, 0, 0, 0, 0, 0, 0, 0, 0, 0, 0, 0, 0, 0, 0, 0, 0, 0, 0, 0, 0, 0, 0, 0, 0, 0, 0, 0, 0, 0, 0, 0, 0, 0, 0, 0, 0, 0, 0, 0, 0, 0, 0, 0, 0, 0, 0, 0);
-- 
--UPDATE LOAN_LEDGER_POSTING_PARAMETERS SET AFFECTS_DATE_LAST_ACTIVITY=1,AFFECTS_DATE_PREVIOUS_ACTIVITY=1,
-- AFFECTS_UNCOLL_LATE_CHARGE=1,AFFECTS_DATE_LAST_TRANSACTION=1,AFFECTS_NET_PAYOFF=1 WHERE UNIQUE_ID=32208;


--------I/L
----------ENTRY_TYPE

INSERT INTO ENTRY_TYPE(UNIQUE_ID, ID, INSTITUTION_ID, ACCOUNT_CATEGORY, DEBIT_OR_CREDIT, DESCRIPTION)
    VALUES(22207, '22207', null, '2','0', 'Debit Memo - Late Charge');
INSERT INTO ENTRY_TYPE(UNIQUE_ID, ID, INSTITUTION_ID, ACCOUNT_CATEGORY, DEBIT_OR_CREDIT, DESCRIPTION)
    VALUES(32207, '32207', null, '2','1', 'Credit Memo - Late Charge');



 ---------LOAN_ENTRY_TYPE

 INSERT INTO LOAN_ENTRY_TYPE(UNIQUE_ID, ACCOUNT_TYPE_ID, TRAN_TYPE_GROUP_ID, EVENT_TYPE_ID, DISTRIBUTION_RULE_ID,  IS_MONETARY)
    VALUES(22207, '207', 'REGULAR', '2,2', 22207,  0);
INSERT INTO LOAN_ENTRY_TYPE(UNIQUE_ID, ACCOUNT_TYPE_ID, TRAN_TYPE_GROUP_ID, EVENT_TYPE_ID, DISTRIBUTION_RULE_ID,  IS_MONETARY)
    VALUES(32207, '207', 'REGULAR', '3,2', 32207,  0);


 ------LOAN_ENTRY_TYPE_LINK

INSERT INTO LOAN_ENTRY_TYPE_LINK (ENTRY_TYPE_ID,CHILD_ENTRY_TYPE_ID)
    VALUES('22207','1802');
INSERT INTO LOAN_ENTRY_TYPE_LINK (ENTRY_TYPE_ID,CHILD_ENTRY_TYPE_ID)
    VALUES('32207','1902');
 

 -------LOAN_LEDGER_POSTING_PARAMETERS

 
-- INSERT INTO LOAN_LEDGER_POSTING_PARAMETERS(UNIQUE_ID, INSTITUTION_ID, ENTRY_TYPE_ID, ACCOUNT_TYPE_ID, AFFECTS_DATE_LAST_ACTIVITY, AFFECTS_ORIG_LOAN_BALANCE, AFFECTS_PRINCIPAL_BALANCE, AFFECTS_PRINCIPAL_DUE, AFFECTS_INTEREST_DUE, AFFECTS_ESCROW_DUE, AFFECTS_ESCROW_BALANCE, AFFECTS_NONESCROW_DUE, AFFECTS_NONESCROW_BALANCE, AFFECTS_BANK_REBATE, AFFECTS_CREDIT_LIFE_DUE, AFFECTS_CREDIT_LIFE_PREMIUM, AFFECTS_CREDIT_LIFE_REBATE, AFFECTS_ACC_HEALTH_DUE, AFFECTS_ACC_HEALTH_PREMIUM, AFFECTS_ACC_HEALTH_REBATE, AFFECTS_OTHER_FEE_DUE, AFFECTS_COLLATERAL_INS_DUE, AFFECTS_COLLATERAL_INS_PREMIUM, AFFECTS_COLLATERAL_INS_REBATE, AFFECTS_UNAPPLIED_FUND, AFFECTS_PARTIAL_PAYMENT, AFFECTS_COLL_LATE_CHARGE, AFFECTS_UNCOLL_LATE_CHARGE, AFFECTS_WAIVED_LATE_CHARGE, AFFECTS_DATE_LAST_TRANSACTION, AFFECTS_DATE_NEXT_DUE, AFFECTS_LINE_OF_CREDIT, AFFECTS_UNUSED_LINE_OF_CREDIT, AFFECTS_NET_PAYOFF, AFFECTS_PAYMENT_MAID, AFFECTS_RETURNED_CHECKS, AFFECTS_INTEREST_YTD, AFFECTS_INTEREST_MTD, AFFECTS_INTEREST_LTD, AFFECTS_ACCRUED_INTEREST, AFFECTS_LOAN_STATUS, AFFECTS_PAYOUT_CODE, AFFECTS_DATE_CLOSED, AFFECTS_NEXTESCROWDISBURSEDATE, AFFECTS_PRINCIPAL_PAID_TO_DATE, AFFECTS_INTEREST_PAID_TO_DATE, AFFECTS_FUTURE_PAYMENT_COUNT, AFFECTS_DATE_PREVIOUS_ACTIVITY, AFFECTS_SPECIAL_RES_REBATE_1, AFFECTS_SPECIAL_RES_REBATE_2, AFFECTS_PAYMENT_NUMBER, AFFECTS_ACCRUED_INTEREST_NET, AFFECTS_ACCRUED_INTEREST_MTD, AFFECTS_ACCRUED_INTEREST_YTD, AFFECTS_ACCUMULATED_INTEREST, AFFECTS_NEXT_NONESCDISBURDATE, AFFECTS_DEALER_RESERVE_REBATE, AFFECTS_DEALER_HOLDBACK_REBATE, AFFECTS_SPECIAL_RESERVE1, AFFECTS_SPECIAL_RESERVE2, AFFECTS_LAST_STMT_BALANCE, AFFECTS_LAST_STMT_DATE, AFFECTS_LAST_PAYMENT_DATE, AFFECTS_DEALER_INTEREST, AFFECTS_DEALER_ACCRUED_INT, AFFECTS_DEALER_ACCUMULATED_INT, AFFECTS_ACCRUED_CHARGE1, AFFECTS_ACCUMULATED_CHARGE1, AFFECTS_ACCRUED_CHARGE2, AFFECTS_ACCUMULATED_CHARGE2, AFFECTS_UNUSED_LINE_COMMIT_FEE, AFFECTS_ACCRDUNUSEDLINECOMMFEE, AFFECTS_LOW_BORROWING_YTD, AFFECTS_AGGREGATE_BAL_YTD, AFFECTS_TAX_PAID_YTD, AFFECTS_PRE_YEAR_TAX_PAID, AFFECTS_PRE_YEAR_INT_PAID, AFFECTS_ACCUMUNUSEDLINECOMMFEE) 
--    VALUES(22207, '1','22207', '207', 0, 0, 0, 0, 0, 0, 0, 0, 0, 0, 0, 0, 0, 0, 0, 0, 0, 0, 0, 0, 0, 0, 0, 0, 0, 0, 0, 0, 0, 0, 0, 0, 0, 0, 0, 0, 0, 0, 0, 0, 0, 0, 0, 0, 0, 0, 0, 0, 0, 0, 0, 0, 0, 0, 0, 0, 0, 0, 0, 0, 0, 0, 0, 0, 0, 0, 0, 0, 0, 0, 0, 0, 0, 0);
-- 
--UPDATE LOAN_LEDGER_POSTING_PARAMETERS SET AFFECTS_DATE_LAST_ACTIVITY=1,AFFECTS_DATE_PREVIOUS_ACTIVITY=1,
-- AFFECTS_UNCOLL_LATE_CHARGE=1,AFFECTS_DATE_LAST_TRANSACTION=1,AFFECTS_NET_PAYOFF=1 WHERE UNIQUE_ID=22207;
--
--INSERT INTO LOAN_LEDGER_POSTING_PARAMETERS(UNIQUE_ID, INSTITUTION_ID, ENTRY_TYPE_ID, ACCOUNT_TYPE_ID, AFFECTS_DATE_LAST_ACTIVITY, AFFECTS_ORIG_LOAN_BALANCE, AFFECTS_PRINCIPAL_BALANCE, AFFECTS_PRINCIPAL_DUE, AFFECTS_INTEREST_DUE, AFFECTS_ESCROW_DUE, AFFECTS_ESCROW_BALANCE, AFFECTS_NONESCROW_DUE, AFFECTS_NONESCROW_BALANCE, AFFECTS_BANK_REBATE, AFFECTS_CREDIT_LIFE_DUE, AFFECTS_CREDIT_LIFE_PREMIUM, AFFECTS_CREDIT_LIFE_REBATE, AFFECTS_ACC_HEALTH_DUE, AFFECTS_ACC_HEALTH_PREMIUM, AFFECTS_ACC_HEALTH_REBATE, AFFECTS_OTHER_FEE_DUE, AFFECTS_COLLATERAL_INS_DUE, AFFECTS_COLLATERAL_INS_PREMIUM, AFFECTS_COLLATERAL_INS_REBATE, AFFECTS_UNAPPLIED_FUND, AFFECTS_PARTIAL_PAYMENT, AFFECTS_COLL_LATE_CHARGE, AFFECTS_UNCOLL_LATE_CHARGE, AFFECTS_WAIVED_LATE_CHARGE, AFFECTS_DATE_LAST_TRANSACTION, AFFECTS_DATE_NEXT_DUE, AFFECTS_LINE_OF_CREDIT, AFFECTS_UNUSED_LINE_OF_CREDIT, AFFECTS_NET_PAYOFF, AFFECTS_PAYMENT_MAID, AFFECTS_RETURNED_CHECKS, AFFECTS_INTEREST_YTD, AFFECTS_INTEREST_MTD, AFFECTS_INTEREST_LTD, AFFECTS_ACCRUED_INTEREST, AFFECTS_LOAN_STATUS, AFFECTS_PAYOUT_CODE, AFFECTS_DATE_CLOSED, AFFECTS_NEXTESCROWDISBURSEDATE, AFFECTS_PRINCIPAL_PAID_TO_DATE, AFFECTS_INTEREST_PAID_TO_DATE, AFFECTS_FUTURE_PAYMENT_COUNT, AFFECTS_DATE_PREVIOUS_ACTIVITY, AFFECTS_SPECIAL_RES_REBATE_1, AFFECTS_SPECIAL_RES_REBATE_2, AFFECTS_PAYMENT_NUMBER, AFFECTS_ACCRUED_INTEREST_NET, AFFECTS_ACCRUED_INTEREST_MTD, AFFECTS_ACCRUED_INTEREST_YTD, AFFECTS_ACCUMULATED_INTEREST, AFFECTS_NEXT_NONESCDISBURDATE, AFFECTS_DEALER_RESERVE_REBATE, AFFECTS_DEALER_HOLDBACK_REBATE, AFFECTS_SPECIAL_RESERVE1, AFFECTS_SPECIAL_RESERVE2, AFFECTS_LAST_STMT_BALANCE, AFFECTS_LAST_STMT_DATE, AFFECTS_LAST_PAYMENT_DATE, AFFECTS_DEALER_INTEREST, AFFECTS_DEALER_ACCRUED_INT, AFFECTS_DEALER_ACCUMULATED_INT, AFFECTS_ACCRUED_CHARGE1, AFFECTS_ACCUMULATED_CHARGE1, AFFECTS_ACCRUED_CHARGE2, AFFECTS_ACCUMULATED_CHARGE2, AFFECTS_UNUSED_LINE_COMMIT_FEE, AFFECTS_ACCRDUNUSEDLINECOMMFEE, AFFECTS_LOW_BORROWING_YTD, AFFECTS_AGGREGATE_BAL_YTD, AFFECTS_TAX_PAID_YTD, AFFECTS_PRE_YEAR_TAX_PAID, AFFECTS_PRE_YEAR_INT_PAID, AFFECTS_ACCUMUNUSEDLINECOMMFEE) 
--    VALUES(32207, '1','32207', '207', 0, 0, 0, 0, 0, 0, 0, 0, 0, 0, 0, 0, 0, 0, 0, 0, 0, 0, 0, 0, 0, 0, 0, 0, 0, 0, 0, 0, 0, 0, 0, 0, 0, 0, 0, 0, 0, 0, 0, 0, 0, 0, 0, 0, 0, 0, 0, 0, 0, 0, 0, 0, 0, 0, 0, 0, 0, 0, 0, 0, 0, 0, 0, 0, 0, 0, 0, 0, 0, 0, 0, 0, 0, 0);
-- 
--UPDATE LOAN_LEDGER_POSTING_PARAMETERS SET AFFECTS_DATE_LAST_ACTIVITY=1,AFFECTS_DATE_PREVIOUS_ACTIVITY=1,
-- AFFECTS_UNCOLL_LATE_CHARGE=1,AFFECTS_DATE_LAST_TRANSACTION=1,AFFECTS_NET_PAYOFF=1 WHERE UNIQUE_ID=32207;

 -------LOAN_LEDGER_POSTING_PARAMETERS
 
--update LOAN_LEDGER_POSTING_PARAMETERS set ENTRY_TYPE_ID='1302'  where UNIQUE_ID='1302';
--update LOAN_LEDGER_POSTING_PARAMETERS set ENTRY_TYPE_ID='22110'  where UNIQUE_ID='22110';
--update LOAN_LEDGER_POSTING_PARAMETERS set ENTRY_TYPE_ID='32110'  where UNIQUE_ID='32110';


