
-- EVENT TYPE

INSERT INTO EVENT_TYPE (EVENT_TYPE_ID,EVENT_TYPE_NAME,EVENT_TYPE_GROUP_ID) VALUES ('1','Initial Funding','REGULAR');
INSERT INTO EVENT_TYPE (EVENT_TYPE_ID,EVENT_TYPE_NAME,EVENT_TYPE_GROUP_ID) VALUES ('11,0','Regular Payment','REGULAR');
INSERT INTO EVENT_TYPE (EVENT_TYPE_ID,EVENT_TYPE_NAME,EVENT_TYPE_GROUP_ID) VALUES ('11,1','Regular Payment -Future','REGULAR');
INSERT INTO EVENT_TYPE (EVENT_TYPE_ID,EVENT_TYPE_NAME,EVENT_TYPE_GROUP_ID) VALUES ('12,1','Curtailment - True','REGULAR');
INSERT INTO EVENT_TYPE (EVENT_TYPE_ID,EVENT_TYPE_NAME,EVENT_TYPE_GROUP_ID) VALUES ('16','Late Charge Payment','REGULAR');
INSERT INTO EVENT_TYPE (EVENT_TYPE_ID,EVENT_TYPE_NAME,EVENT_TYPE_GROUP_ID) VALUES ('12,0','Curtailment - Non True','REGULAR');
INSERT INTO EVENT_TYPE (EVENT_TYPE_ID,EVENT_TYPE_NAME,EVENT_TYPE_GROUP_ID) VALUES ('15','Loan Payoff','REGULAR');
INSERT INTO EVENT_TYPE (EVENT_TYPE_ID,EVENT_TYPE_NAME,EVENT_TYPE_GROUP_ID) VALUES ('14','Escrow Payment','REGULAR');
INSERT INTO EVENT_TYPE (EVENT_TYPE_ID,EVENT_TYPE_NAME,EVENT_TYPE_GROUP_ID) VALUES ('5','Advance','REGULAR');
INSERT INTO EVENT_TYPE (EVENT_TYPE_ID,EVENT_TYPE_NAME,EVENT_TYPE_GROUP_ID) VALUES ('17','Credit Life Payment','REGULAR');
INSERT INTO EVENT_TYPE (EVENT_TYPE_ID,EVENT_TYPE_NAME,EVENT_TYPE_GROUP_ID) VALUES ('18','A&H Payment','REGULAR');
INSERT INTO EVENT_TYPE (EVENT_TYPE_ID,EVENT_TYPE_NAME,EVENT_TYPE_GROUP_ID) VALUES ('13','Interest Payment','REGULAR');
INSERT INTO EVENT_TYPE (EVENT_TYPE_ID,EVENT_TYPE_NAME,EVENT_TYPE_GROUP_ID) VALUES ('11,2','Apply Future - Payment','REGULAR');
INSERT INTO EVENT_TYPE (EVENT_TYPE_ID,EVENT_TYPE_NAME,EVENT_TYPE_GROUP_ID) VALUES ('2,1','Debit Memo - Principal','REGULAR');
INSERT INTO EVENT_TYPE (EVENT_TYPE_ID,EVENT_TYPE_NAME,EVENT_TYPE_GROUP_ID) VALUES ('3,1','Credit Memo - Principal','REGULAR');
INSERT INTO EVENT_TYPE (EVENT_TYPE_ID,EVENT_TYPE_NAME,EVENT_TYPE_GROUP_ID) VALUES ('2,2','Debit Memo - Late Charge','REGULAR');
INSERT INTO EVENT_TYPE (EVENT_TYPE_ID,EVENT_TYPE_NAME,EVENT_TYPE_GROUP_ID) VALUES ('3,2','Credit Memo - Late Charge','REGULAR');
INSERT INTO EVENT_TYPE (EVENT_TYPE_ID,EVENT_TYPE_NAME,EVENT_TYPE_GROUP_ID) VALUES ('2,3','Debit Memo - Escrow','REGULAR');
INSERT INTO EVENT_TYPE (EVENT_TYPE_ID,EVENT_TYPE_NAME,EVENT_TYPE_GROUP_ID) VALUES ('3,3','Credit Memo - Escrow','REGULAR');
INSERT INTO EVENT_TYPE (EVENT_TYPE_ID,EVENT_TYPE_NAME,EVENT_TYPE_GROUP_ID) VALUES ('2,4','Debit Memo - Other Fee','REGULAR');
INSERT INTO EVENT_TYPE (EVENT_TYPE_ID,EVENT_TYPE_NAME,EVENT_TYPE_GROUP_ID) VALUES ('3,4','Credit Memo - Other Fee','REGULAR');

--monetary debit entry types
INSERT INTO LOAN_ENTRY_TYPE(UNIQUE_ID, ID, INSTITUTION_ID, ACCOUNT_CATEGORY, ACCOUNT_TYPE_ID, TRAN_TYPE_GROUP_ID, EVENT_TYPE_ID, DISTRIBUTION_RULE_ID, DEBIT_OR_CREDIT, DESCRIPTION, IS_MONETARY) 
    VALUES(1801, '801', null, 'LOAN', null, 'Principal', null, null, '0', 'Principal', 1);
INSERT INTO LOAN_ENTRY_TYPE(UNIQUE_ID, ID, INSTITUTION_ID, ACCOUNT_CATEGORY, ACCOUNT_TYPE_ID, TRAN_TYPE_GROUP_ID, EVENT_TYPE_ID, DISTRIBUTION_RULE_ID, DEBIT_OR_CREDIT, DESCRIPTION, IS_MONETARY) 
    VALUES(1802, '802', null, 'LOAN', null, 'Late Charge', null, null, '0', 'Late Charge', 1);
INSERT INTO LOAN_ENTRY_TYPE(UNIQUE_ID, ID, INSTITUTION_ID, ACCOUNT_CATEGORY, ACCOUNT_TYPE_ID, TRAN_TYPE_GROUP_ID, EVENT_TYPE_ID, DISTRIBUTION_RULE_ID, DEBIT_OR_CREDIT, DESCRIPTION, IS_MONETARY) 
    VALUES(1803, '803', null, 'LOAN', null, 'Escrow', null, null, '0', 'Escrow', 1);
INSERT INTO LOAN_ENTRY_TYPE(UNIQUE_ID, ID, INSTITUTION_ID, ACCOUNT_CATEGORY, ACCOUNT_TYPE_ID, TRAN_TYPE_GROUP_ID, EVENT_TYPE_ID, DISTRIBUTION_RULE_ID, DEBIT_OR_CREDIT, DESCRIPTION, IS_MONETARY) 
    VALUES(1804, '804', null, 'LOAN', null, 'Other Fees', null, null, '0', 'Other Fees', 1);
INSERT INTO LOAN_ENTRY_TYPE(UNIQUE_ID, ID, INSTITUTION_ID, ACCOUNT_CATEGORY, ACCOUNT_TYPE_ID, TRAN_TYPE_GROUP_ID, EVENT_TYPE_ID, DISTRIBUTION_RULE_ID, DEBIT_OR_CREDIT, DESCRIPTION, IS_MONETARY) 
    VALUES(1805, '805', null, 'LOAN', null, 'Interest', null, null, '0', 'Interest', 1);
INSERT INTO LOAN_ENTRY_TYPE(UNIQUE_ID, ID, INSTITUTION_ID, ACCOUNT_CATEGORY, ACCOUNT_TYPE_ID, TRAN_TYPE_GROUP_ID, EVENT_TYPE_ID, DISTRIBUTION_RULE_ID, DEBIT_OR_CREDIT, DESCRIPTION, IS_MONETARY) 
    VALUES(1806, '806', null, 'LOAN', null, 'NonEscrow', null, null, '0', 'NonEscrow', 1);
INSERT INTO LOAN_ENTRY_TYPE(UNIQUE_ID, ID, INSTITUTION_ID, ACCOUNT_CATEGORY, ACCOUNT_TYPE_ID, TRAN_TYPE_GROUP_ID, EVENT_TYPE_ID, DISTRIBUTION_RULE_ID, DEBIT_OR_CREDIT, DESCRIPTION, IS_MONETARY) 
    VALUES(1807, '807', null, 'LOAN', null, 'Credit Life', null, null, '0', 'Credit Life', 1);
INSERT INTO LOAN_ENTRY_TYPE(UNIQUE_ID, ID, INSTITUTION_ID, ACCOUNT_CATEGORY, ACCOUNT_TYPE_ID, TRAN_TYPE_GROUP_ID, EVENT_TYPE_ID, DISTRIBUTION_RULE_ID, DEBIT_OR_CREDIT, DESCRIPTION, IS_MONETARY) 
    VALUES(1808, '808', null, 'LOAN', null, 'Accidental Health Life', null, null, '0', 'Accidental Health Life', 1);
INSERT INTO LOAN_ENTRY_TYPE(UNIQUE_ID, ID, INSTITUTION_ID, ACCOUNT_CATEGORY, ACCOUNT_TYPE_ID, TRAN_TYPE_GROUP_ID, EVENT_TYPE_ID, DISTRIBUTION_RULE_ID, DEBIT_OR_CREDIT, DESCRIPTION, IS_MONETARY) 
    VALUES(1809, '809', null, 'LOAN', null, 'UnApplied Fund', null, null, '0', 'UnApplied Fund', 1);

--monetary credit entry types
INSERT INTO LOAN_ENTRY_TYPE(UNIQUE_ID, ID, INSTITUTION_ID, ACCOUNT_CATEGORY, ACCOUNT_TYPE_ID, TRAN_TYPE_GROUP_ID, EVENT_TYPE_ID, DISTRIBUTION_RULE_ID, DEBIT_OR_CREDIT, DESCRIPTION, IS_MONETARY) 
    VALUES(1901, '901', null, 'LOAN', null, 'Principal', null, null, '1', 'Principal', 1);
INSERT INTO LOAN_ENTRY_TYPE(UNIQUE_ID, ID, INSTITUTION_ID, ACCOUNT_CATEGORY, ACCOUNT_TYPE_ID, TRAN_TYPE_GROUP_ID, EVENT_TYPE_ID, DISTRIBUTION_RULE_ID, DEBIT_OR_CREDIT, DESCRIPTION, IS_MONETARY) 
    VALUES(1902, '902', null, 'LOAN', null, 'Late Charge', null, null, '1', 'Late Charge', 1);
INSERT INTO LOAN_ENTRY_TYPE(UNIQUE_ID, ID, INSTITUTION_ID, ACCOUNT_CATEGORY, ACCOUNT_TYPE_ID, TRAN_TYPE_GROUP_ID, EVENT_TYPE_ID, DISTRIBUTION_RULE_ID, DEBIT_OR_CREDIT, DESCRIPTION, IS_MONETARY) 
    VALUES(1903, '903', null, 'LOAN', null, 'Escrow', null, null, '1', 'Escrow', 1);
INSERT INTO LOAN_ENTRY_TYPE(UNIQUE_ID, ID, INSTITUTION_ID, ACCOUNT_CATEGORY, ACCOUNT_TYPE_ID, TRAN_TYPE_GROUP_ID, EVENT_TYPE_ID, DISTRIBUTION_RULE_ID, DEBIT_OR_CREDIT, DESCRIPTION, IS_MONETARY) 
    VALUES(1904, '904', null, 'LOAN', null, 'Other Fees', null, null, '1', 'Other Fees', 1);
INSERT INTO LOAN_ENTRY_TYPE(UNIQUE_ID, ID, INSTITUTION_ID, ACCOUNT_CATEGORY, ACCOUNT_TYPE_ID, TRAN_TYPE_GROUP_ID, EVENT_TYPE_ID, DISTRIBUTION_RULE_ID, DEBIT_OR_CREDIT, DESCRIPTION, IS_MONETARY) 
    VALUES(1905, '905', null, 'LOAN', null, 'Interest', null, null, '1', 'Interest', 1);
INSERT INTO LOAN_ENTRY_TYPE(UNIQUE_ID, ID, INSTITUTION_ID, ACCOUNT_CATEGORY, ACCOUNT_TYPE_ID, TRAN_TYPE_GROUP_ID, EVENT_TYPE_ID, DISTRIBUTION_RULE_ID, DEBIT_OR_CREDIT, DESCRIPTION, IS_MONETARY) 
    VALUES(1906, '906', null, 'LOAN', null, 'NonEscrow', null, null, '1', 'NonEscrow', 1);
INSERT INTO LOAN_ENTRY_TYPE(UNIQUE_ID, ID, INSTITUTION_ID, ACCOUNT_CATEGORY, ACCOUNT_TYPE_ID, TRAN_TYPE_GROUP_ID, EVENT_TYPE_ID, DISTRIBUTION_RULE_ID, DEBIT_OR_CREDIT, DESCRIPTION, IS_MONETARY) 
    VALUES(1907, '907', null, 'LOAN', null, 'Credit Life', null, null, '1', 'Credit Life', 1);
INSERT INTO LOAN_ENTRY_TYPE(UNIQUE_ID, ID, INSTITUTION_ID, ACCOUNT_CATEGORY, ACCOUNT_TYPE_ID, TRAN_TYPE_GROUP_ID, EVENT_TYPE_ID, DISTRIBUTION_RULE_ID, DEBIT_OR_CREDIT, DESCRIPTION, IS_MONETARY) 
    VALUES(1908, '908', null, 'LOAN', null, 'Accidental Health Life', null, null, '1', 'Accidental Health Life', 1);
INSERT INTO LOAN_ENTRY_TYPE(UNIQUE_ID, ID, INSTITUTION_ID, ACCOUNT_CATEGORY, ACCOUNT_TYPE_ID, TRAN_TYPE_GROUP_ID, EVENT_TYPE_ID, DISTRIBUTION_RULE_ID, DEBIT_OR_CREDIT, DESCRIPTION, IS_MONETARY) 
    VALUES(1909, '909', null, 'LOAN', null, 'UnApplied Fund', null, null, '1', 'UnApplied Fund', 1);


--IL (RO78) loan transactions LINKING 
INSERT INTO LOAN_ENTRY_TYPE_LINK (ENTRY_TYPE_ID,CHILD_ENTRY_TYPE_ID)
VALUES('1525','1901');
INSERT INTO LOAN_ENTRY_TYPE_LINK (ENTRY_TYPE_ID,CHILD_ENTRY_TYPE_ID)
VALUES('1525','1902');
INSERT INTO LOAN_ENTRY_TYPE_LINK (ENTRY_TYPE_ID,CHILD_ENTRY_TYPE_ID)
VALUES('1502','1801');
INSERT INTO LOAN_ENTRY_TYPE_LINK (ENTRY_TYPE_ID,CHILD_ENTRY_TYPE_ID)
VALUES('1511','1901');
INSERT INTO LOAN_ENTRY_TYPE_LINK (ENTRY_TYPE_ID,CHILD_ENTRY_TYPE_ID)
VALUES('1538','1901');
INSERT INTO LOAN_ENTRY_TYPE_LINK (ENTRY_TYPE_ID,CHILD_ENTRY_TYPE_ID)
VALUES('1538','1902');
INSERT INTO LOAN_ENTRY_TYPE_LINK (ENTRY_TYPE_ID,CHILD_ENTRY_TYPE_ID)
VALUES('1528','1901');
INSERT INTO LOAN_ENTRY_TYPE_LINK (ENTRY_TYPE_ID,CHILD_ENTRY_TYPE_ID)
VALUES('1544','1901');
INSERT INTO LOAN_ENTRY_TYPE_LINK (ENTRY_TYPE_ID,CHILD_ENTRY_TYPE_ID)
VALUES('1544','1902');
INSERT INTO LOAN_ENTRY_TYPE_LINK (ENTRY_TYPE_ID,CHILD_ENTRY_TYPE_ID)
VALUES('1544','1904');
INSERT INTO LOAN_ENTRY_TYPE_LINK (ENTRY_TYPE_ID,CHILD_ENTRY_TYPE_ID)
VALUES('1512','1801');

--SIL loan transactions LINKING
INSERT INTO LOAN_ENTRY_TYPE_LINK (ENTRY_TYPE_ID,CHILD_ENTRY_TYPE_ID)
VALUES('1738','1901');
INSERT INTO LOAN_ENTRY_TYPE_LINK (ENTRY_TYPE_ID,CHILD_ENTRY_TYPE_ID)
VALUES('1738','1902');
INSERT INTO LOAN_ENTRY_TYPE_LINK (ENTRY_TYPE_ID,CHILD_ENTRY_TYPE_ID)
VALUES('1744','1901');
INSERT INTO LOAN_ENTRY_TYPE_LINK (ENTRY_TYPE_ID,CHILD_ENTRY_TYPE_ID)
VALUES('1744','1902');
INSERT INTO LOAN_ENTRY_TYPE_LINK (ENTRY_TYPE_ID,CHILD_ENTRY_TYPE_ID)
VALUES('1744','1904');
INSERT INTO LOAN_ENTRY_TYPE_LINK (ENTRY_TYPE_ID,CHILD_ENTRY_TYPE_ID)
VALUES('1744','1905');
INSERT INTO LOAN_ENTRY_TYPE_LINK (ENTRY_TYPE_ID,CHILD_ENTRY_TYPE_ID)
VALUES('17010','1801');
INSERT INTO LOAN_ENTRY_TYPE_LINK (ENTRY_TYPE_ID,CHILD_ENTRY_TYPE_ID)
VALUES('1751','1801');
INSERT INTO LOAN_ENTRY_TYPE_LINK (ENTRY_TYPE_ID,CHILD_ENTRY_TYPE_ID)
VALUES('1736','1907');
INSERT INTO LOAN_ENTRY_TYPE_LINK (ENTRY_TYPE_ID,CHILD_ENTRY_TYPE_ID)
VALUES('1737','1908');
INSERT INTO LOAN_ENTRY_TYPE_LINK (ENTRY_TYPE_ID,CHILD_ENTRY_TYPE_ID)
VALUES('1732','1905');
INSERT INTO LOAN_ENTRY_TYPE_LINK (ENTRY_TYPE_ID,CHILD_ENTRY_TYPE_ID)
VALUES('1725','1905');
INSERT INTO LOAN_ENTRY_TYPE_LINK (ENTRY_TYPE_ID,CHILD_ENTRY_TYPE_ID)
VALUES('1725','1903');
INSERT INTO LOAN_ENTRY_TYPE_LINK (ENTRY_TYPE_ID,CHILD_ENTRY_TYPE_ID)
VALUES('1725','1907');
INSERT INTO LOAN_ENTRY_TYPE_LINK (ENTRY_TYPE_ID,CHILD_ENTRY_TYPE_ID)
VALUES('1725','1908');
INSERT INTO LOAN_ENTRY_TYPE_LINK (ENTRY_TYPE_ID,CHILD_ENTRY_TYPE_ID)
VALUES('1725','1904');
INSERT INTO LOAN_ENTRY_TYPE_LINK (ENTRY_TYPE_ID,CHILD_ENTRY_TYPE_ID)
VALUES('1725','1901');
INSERT INTO LOAN_ENTRY_TYPE_LINK (ENTRY_TYPE_ID,CHILD_ENTRY_TYPE_ID)
VALUES('1725','1902');

INSERT INTO LOAN_ENTRY_TYPE_LINK (ENTRY_TYPE_ID,CHILD_ENTRY_TYPE_ID)
VALUES('1728','1901');
INSERT INTO LOAN_ENTRY_TYPE_LINK (ENTRY_TYPE_ID,CHILD_ENTRY_TYPE_ID)
VALUES('1728','1902');
INSERT INTO LOAN_ENTRY_TYPE_LINK (ENTRY_TYPE_ID,CHILD_ENTRY_TYPE_ID)
VALUES('1728','1903');
INSERT INTO LOAN_ENTRY_TYPE_LINK (ENTRY_TYPE_ID,CHILD_ENTRY_TYPE_ID)
VALUES('1728','1904');
INSERT INTO LOAN_ENTRY_TYPE_LINK (ENTRY_TYPE_ID,CHILD_ENTRY_TYPE_ID)
VALUES('1728','1905');
INSERT INTO LOAN_ENTRY_TYPE_LINK (ENTRY_TYPE_ID,CHILD_ENTRY_TYPE_ID)
VALUES('1728','1907');
INSERT INTO LOAN_ENTRY_TYPE_LINK (ENTRY_TYPE_ID,CHILD_ENTRY_TYPE_ID)
VALUES('1728','1908');


INSERT INTO LOAN_ENTRY_TYPE_LINK (ENTRY_TYPE_ID,CHILD_ENTRY_TYPE_ID)
VALUES('1799','1905');
INSERT INTO LOAN_ENTRY_TYPE_LINK (ENTRY_TYPE_ID,CHILD_ENTRY_TYPE_ID)
VALUES('1799','1903');
INSERT INTO LOAN_ENTRY_TYPE_LINK (ENTRY_TYPE_ID,CHILD_ENTRY_TYPE_ID)
VALUES('1799','1907');
INSERT INTO LOAN_ENTRY_TYPE_LINK (ENTRY_TYPE_ID,CHILD_ENTRY_TYPE_ID)
VALUES('1799','1908');
INSERT INTO LOAN_ENTRY_TYPE_LINK (ENTRY_TYPE_ID,CHILD_ENTRY_TYPE_ID)
VALUES('1799','1904');
INSERT INTO LOAN_ENTRY_TYPE_LINK (ENTRY_TYPE_ID,CHILD_ENTRY_TYPE_ID)
VALUES('1799','1901');

INSERT INTO LOAN_ENTRY_TYPE_LINK (ENTRY_TYPE_ID,CHILD_ENTRY_TYPE_ID)
VALUES('17111','1901');
INSERT INTO LOAN_ENTRY_TYPE_LINK (ENTRY_TYPE_ID,CHILD_ENTRY_TYPE_ID)
VALUES('17111','1902');

INSERT INTO LOAN_ENTRY_TYPE_LINK (ENTRY_TYPE_ID,CHILD_ENTRY_TYPE_ID)
VALUES('17110','1901');

insert into LOAN_ENTRY_TYPE_LINK values ('1744','1907' );
insert into LOAN_ENTRY_TYPE_LINK values ('1744','1908' );


--Mortgage loan transactions LINKING
INSERT INTO LOAN_ENTRY_TYPE_LINK (ENTRY_TYPE_ID,CHILD_ENTRY_TYPE_ID)
VALUES('11002','1803');
INSERT INTO LOAN_ENTRY_TYPE_LINK (ENTRY_TYPE_ID,CHILD_ENTRY_TYPE_ID)
VALUES('1301','1901');
INSERT INTO LOAN_ENTRY_TYPE_LINK (ENTRY_TYPE_ID,CHILD_ENTRY_TYPE_ID)
VALUES('1301','1902');
INSERT INTO LOAN_ENTRY_TYPE_LINK (ENTRY_TYPE_ID,CHILD_ENTRY_TYPE_ID)
VALUES('1701','1901');
INSERT INTO LOAN_ENTRY_TYPE_LINK (ENTRY_TYPE_ID,CHILD_ENTRY_TYPE_ID)
VALUES('1701','1902');
INSERT INTO LOAN_ENTRY_TYPE_LINK (ENTRY_TYPE_ID,CHILD_ENTRY_TYPE_ID)
VALUES('1951','1901');
INSERT INTO LOAN_ENTRY_TYPE_LINK (ENTRY_TYPE_ID,CHILD_ENTRY_TYPE_ID)
VALUES('1951','1902');
INSERT INTO LOAN_ENTRY_TYPE_LINK (ENTRY_TYPE_ID,CHILD_ENTRY_TYPE_ID)
VALUES('1951','1903');
INSERT INTO LOAN_ENTRY_TYPE_LINK (ENTRY_TYPE_ID,CHILD_ENTRY_TYPE_ID)
VALUES('1951','1904');
INSERT INTO LOAN_ENTRY_TYPE_LINK (ENTRY_TYPE_ID,CHILD_ENTRY_TYPE_ID)
VALUES('1951','1905');
INSERT INTO LOAN_ENTRY_TYPE_LINK (ENTRY_TYPE_ID,CHILD_ENTRY_TYPE_ID)
VALUES('1951','1906');
INSERT INTO LOAN_ENTRY_TYPE_LINK (ENTRY_TYPE_ID,CHILD_ENTRY_TYPE_ID)
VALUES('1501','1903');
INSERT INTO LOAN_ENTRY_TYPE_LINK (ENTRY_TYPE_ID,CHILD_ENTRY_TYPE_ID)
VALUES('19020','1801');

INSERT INTO LOAN_ENTRY_TYPE_LINK (ENTRY_TYPE_ID,CHILD_ENTRY_TYPE_ID)
VALUES('11101','1901');
INSERT INTO LOAN_ENTRY_TYPE_LINK (ENTRY_TYPE_ID,CHILD_ENTRY_TYPE_ID)
VALUES('11101','1902');
INSERT INTO LOAN_ENTRY_TYPE_LINK (ENTRY_TYPE_ID,CHILD_ENTRY_TYPE_ID)
VALUES('11101','1903');
INSERT INTO LOAN_ENTRY_TYPE_LINK (ENTRY_TYPE_ID,CHILD_ENTRY_TYPE_ID)
VALUES('11101','1904');
INSERT INTO LOAN_ENTRY_TYPE_LINK (ENTRY_TYPE_ID,CHILD_ENTRY_TYPE_ID)
VALUES('11101','1905');
INSERT INTO LOAN_ENTRY_TYPE_LINK (ENTRY_TYPE_ID,CHILD_ENTRY_TYPE_ID)
VALUES('11101','1906');

--IL (RO78) loan transactions
INSERT INTO LOAN_ENTRY_TYPE(UNIQUE_ID, ID, INSTITUTION_ID, ACCOUNT_CATEGORY, ACCOUNT_TYPE_ID, TRAN_TYPE_GROUP_ID, EVENT_TYPE_ID, DISTRIBUTION_RULE_ID, DEBIT_OR_CREDIT, DESCRIPTION, IS_MONETARY) 
    VALUES(1525, '525', null, 'LOAN', '207', 'REGULAR', '11,0', 525, 1, 'Regular Payment', 0);
INSERT INTO LOAN_ENTRY_TYPE(UNIQUE_ID, ID, INSTITUTION_ID, ACCOUNT_CATEGORY, ACCOUNT_TYPE_ID, TRAN_TYPE_GROUP_ID, EVENT_TYPE_ID, DISTRIBUTION_RULE_ID, DEBIT_OR_CREDIT, DESCRIPTION, IS_MONETARY) 
    VALUES(1502, '502', null, 'LOAN', '207', 'REGULAR', '1', 502, 0, 'Initial Funding', 0);
INSERT INTO LOAN_ENTRY_TYPE(UNIQUE_ID, ID, INSTITUTION_ID, ACCOUNT_CATEGORY, ACCOUNT_TYPE_ID, TRAN_TYPE_GROUP_ID, EVENT_TYPE_ID, DISTRIBUTION_RULE_ID, DEBIT_OR_CREDIT, DESCRIPTION, IS_MONETARY) 
    VALUES(1511, '511', null, 'LOAN', '207', 'REGULAR', '12,1', 511, 1, 'Curtailment - True', 0);
INSERT INTO LOAN_ENTRY_TYPE(UNIQUE_ID, ID, INSTITUTION_ID, ACCOUNT_CATEGORY, ACCOUNT_TYPE_ID, TRAN_TYPE_GROUP_ID, EVENT_TYPE_ID, DISTRIBUTION_RULE_ID, DEBIT_OR_CREDIT, DESCRIPTION, IS_MONETARY) 
    VALUES(1538, '538', null, 'LOAN', '207', 'REGULAR', '16', 538, 1, 'Late Charge Payment', 0);
INSERT INTO LOAN_ENTRY_TYPE(UNIQUE_ID, ID, INSTITUTION_ID, ACCOUNT_CATEGORY, ACCOUNT_TYPE_ID, TRAN_TYPE_GROUP_ID, EVENT_TYPE_ID, DISTRIBUTION_RULE_ID, DEBIT_OR_CREDIT, DESCRIPTION, IS_MONETARY) 
    VALUES(1528, '528', null, 'LOAN', '207', 'REGULAR', '12,0', 528, 1, 'Curtailment - Non True', 0);
INSERT INTO LOAN_ENTRY_TYPE(UNIQUE_ID, ID, INSTITUTION_ID, ACCOUNT_CATEGORY, ACCOUNT_TYPE_ID, TRAN_TYPE_GROUP_ID, EVENT_TYPE_ID, DISTRIBUTION_RULE_ID, DEBIT_OR_CREDIT, DESCRIPTION, IS_MONETARY) 
    VALUES(1544, '544', null, 'LOAN', '207', 'REGULAR', '15', 544, 1, 'Loan Payoff', 0);

INSERT INTO LOAN_ENTRY_TYPE(UNIQUE_ID, ID, INSTITUTION_ID, ACCOUNT_CATEGORY, ACCOUNT_TYPE_ID, TRAN_TYPE_GROUP_ID, EVENT_TYPE_ID, DISTRIBUTION_RULE_ID, DEBIT_OR_CREDIT, DESCRIPTION, IS_MONETARY) 
    VALUES(1512, '512', null, 'LOAN', '207', 'REGULAR', 512, 512, 0, 'Reject Transaction', 0);

--reversal
INSERT INTO LOAN_ENTRY_TYPE(UNIQUE_ID, ID, INSTITUTION_ID, ACCOUNT_CATEGORY, ACCOUNT_TYPE_ID, TRAN_TYPE_GROUP_ID, EVENT_TYPE_ID, DISTRIBUTION_RULE_ID, DEBIT_OR_CREDIT, DESCRIPTION, IS_MONETARY) 
    VALUES(1518, '518', null, 'LOAN', '207', 'REGULAR', '31', 518, 1, 'Regular Payment Reversal', 0);



--SIL loan transactions
INSERT INTO LOAN_ENTRY_TYPE(UNIQUE_ID, ID, INSTITUTION_ID, ACCOUNT_CATEGORY, ACCOUNT_TYPE_ID, TRAN_TYPE_GROUP_ID, EVENT_TYPE_ID, DISTRIBUTION_RULE_ID, DEBIT_OR_CREDIT, DESCRIPTION, IS_MONETARY) 
    VALUES(1738, '738', null, 'LOAN', '208', 'REGULAR', '16', 738, 1, 'Late Chagre Payment', 0);
INSERT INTO LOAN_ENTRY_TYPE(UNIQUE_ID, ID, INSTITUTION_ID, ACCOUNT_CATEGORY, ACCOUNT_TYPE_ID, TRAN_TYPE_GROUP_ID, EVENT_TYPE_ID, DISTRIBUTION_RULE_ID, DEBIT_OR_CREDIT, DESCRIPTION, IS_MONETARY) 
    VALUES(1744, '744', null, 'LOAN', '208', 'REGULAR', '15', 744, 1, 'Loan Payoff', 0);
INSERT INTO LOAN_ENTRY_TYPE(UNIQUE_ID, ID, INSTITUTION_ID, ACCOUNT_CATEGORY, ACCOUNT_TYPE_ID, TRAN_TYPE_GROUP_ID, EVENT_TYPE_ID, DISTRIBUTION_RULE_ID, DEBIT_OR_CREDIT, DESCRIPTION, IS_MONETARY) 
    VALUES(17010, '701', null, 'LOAN', '208', 'REGULAR', '1', 7010, 0, 'Initial Funding', 0);
INSERT INTO LOAN_ENTRY_TYPE(UNIQUE_ID, ID, INSTITUTION_ID, ACCOUNT_CATEGORY, ACCOUNT_TYPE_ID, TRAN_TYPE_GROUP_ID, EVENT_TYPE_ID, DISTRIBUTION_RULE_ID, DEBIT_OR_CREDIT, DESCRIPTION, IS_MONETARY) 
    VALUES(1751, '751', null, 'LOAN', '208', 'REGULAR', '5', 751, 0, 'Advance', 0);
INSERT INTO LOAN_ENTRY_TYPE(UNIQUE_ID, ID, INSTITUTION_ID, ACCOUNT_CATEGORY, ACCOUNT_TYPE_ID, TRAN_TYPE_GROUP_ID, EVENT_TYPE_ID, DISTRIBUTION_RULE_ID, DEBIT_OR_CREDIT, DESCRIPTION, IS_MONETARY) 
    VALUES(1736, '736', null, 'LOAN', '208', 'REGULAR', '17', 736, 1, 'Credit Life Payment', 0);
INSERT INTO LOAN_ENTRY_TYPE(UNIQUE_ID, ID, INSTITUTION_ID, ACCOUNT_CATEGORY, ACCOUNT_TYPE_ID, TRAN_TYPE_GROUP_ID, EVENT_TYPE_ID, DISTRIBUTION_RULE_ID, DEBIT_OR_CREDIT, DESCRIPTION, IS_MONETARY) 
    VALUES(1737, '737', null, 'LOAN', '208', 'REGULAR', '18', 737, 1, 'A&H Payment', 0);
INSERT INTO LOAN_ENTRY_TYPE(UNIQUE_ID, ID, INSTITUTION_ID, ACCOUNT_CATEGORY, ACCOUNT_TYPE_ID, TRAN_TYPE_GROUP_ID, EVENT_TYPE_ID, DISTRIBUTION_RULE_ID, DEBIT_OR_CREDIT, DESCRIPTION, IS_MONETARY) 
    VALUES(1732, '732', null, 'LOAN', '208', 'REGULAR', '13', 732, 1, 'Interest Payment', 0);
INSERT INTO LOAN_ENTRY_TYPE(UNIQUE_ID, ID, INSTITUTION_ID, ACCOUNT_CATEGORY, ACCOUNT_TYPE_ID, TRAN_TYPE_GROUP_ID, EVENT_TYPE_ID, DISTRIBUTION_RULE_ID, DEBIT_OR_CREDIT, DESCRIPTION, IS_MONETARY) 
    VALUES(1725, '725', null, 'LOAN', '208', 'REGULAR', '11,0', 725, 1, 'Regular Payment', 0);
INSERT INTO LOAN_ENTRY_TYPE(UNIQUE_ID, ID, INSTITUTION_ID, ACCOUNT_CATEGORY, ACCOUNT_TYPE_ID, TRAN_TYPE_GROUP_ID,
 EVENT_TYPE_ID, DISTRIBUTION_RULE_ID, DEBIT_OR_CREDIT, DESCRIPTION, IS_MONETARY) 
    VALUES(1728, '728', null, 'LOAN', '208', 'REGULAR', '11,1', 728, 1, 'Regular Payment - Future', 0);
INSERT INTO LOAN_ENTRY_TYPE(UNIQUE_ID, ID, INSTITUTION_ID, ACCOUNT_CATEGORY, ACCOUNT_TYPE_ID, TRAN_TYPE_GROUP_ID,
 EVENT_TYPE_ID, DISTRIBUTION_RULE_ID, DEBIT_OR_CREDIT, DESCRIPTION, IS_MONETARY) 
    VALUES(1799, '799', null, 'LOAN', '208', 'REGULAR', '11,2', 799, 1, 'Apply Future Payment', 0);



--Mortgage loan transactions
INSERT INTO LOAN_ENTRY_TYPE(UNIQUE_ID, ID, INSTITUTION_ID, ACCOUNT_CATEGORY, ACCOUNT_TYPE_ID, TRAN_TYPE_GROUP_ID, EVENT_TYPE_ID, DISTRIBUTION_RULE_ID, DEBIT_OR_CREDIT, DESCRIPTION, IS_MONETARY) 
    VALUES(19020, '902', null, 'LOAN', '110', 'REGULAR', '1', 9020, 0, 'Initial Funding', 0);

INSERT INTO LOAN_ENTRY_TYPE(UNIQUE_ID, ID, INSTITUTION_ID, ACCOUNT_CATEGORY, ACCOUNT_TYPE_ID, TRAN_TYPE_GROUP_ID, EVENT_TYPE_ID, DISTRIBUTION_RULE_ID, DEBIT_OR_CREDIT, DESCRIPTION, IS_MONETARY) 
    VALUES(11002, '1002', null, 'LOAN', '110', 'REGULAR', '40', 1002, 0, 'Escrow Disbursment', 0);

INSERT INTO LOAN_ENTRY_TYPE(UNIQUE_ID, ID, INSTITUTION_ID, ACCOUNT_CATEGORY, ACCOUNT_TYPE_ID, TRAN_TYPE_GROUP_ID, EVENT_TYPE_ID, DISTRIBUTION_RULE_ID, DEBIT_OR_CREDIT, DESCRIPTION, IS_MONETARY) 
    VALUES(1301, '301', null, 'LOAN', '110', 'REGULAR', '12,1', 301, 1, 'Curtailment -True', 0);

INSERT INTO LOAN_ENTRY_TYPE(UNIQUE_ID, ID, INSTITUTION_ID, ACCOUNT_CATEGORY, ACCOUNT_TYPE_ID, TRAN_TYPE_GROUP_ID, EVENT_TYPE_ID, DISTRIBUTION_RULE_ID, DEBIT_OR_CREDIT, DESCRIPTION, IS_MONETARY) 
    VALUES(1951, '951', null, 'LOAN', '110', 'REGULAR', '15', 951, 1, 'Loan Payoff', 0);

INSERT INTO LOAN_ENTRY_TYPE(UNIQUE_ID, ID, INSTITUTION_ID, ACCOUNT_CATEGORY, ACCOUNT_TYPE_ID, TRAN_TYPE_GROUP_ID, EVENT_TYPE_ID, DISTRIBUTION_RULE_ID, DEBIT_OR_CREDIT, DESCRIPTION, IS_MONETARY) 
    VALUES(1501, '501', null, 'LOAN', '110', 'REGULAR', '14', 501, 1, 'Escrow Payment', 0);

INSERT INTO LOAN_ENTRY_TYPE(UNIQUE_ID, ID, INSTITUTION_ID, ACCOUNT_CATEGORY, ACCOUNT_TYPE_ID, TRAN_TYPE_GROUP_ID, EVENT_TYPE_ID, DISTRIBUTION_RULE_ID, DEBIT_OR_CREDIT, DESCRIPTION, IS_MONETARY) 
    VALUES(11101, '101', null, 'LOAN', '110', 'REGULAR', '11,0', 101, 1, 'Regular Payment', 0);

INSERT INTO LOAN_ENTRY_TYPE(UNIQUE_ID, ID, INSTITUTION_ID, ACCOUNT_CATEGORY, ACCOUNT_TYPE_ID, TRAN_TYPE_GROUP_ID, EVENT_TYPE_ID, DISTRIBUTION_RULE_ID, DEBIT_OR_CREDIT, DESCRIPTION, IS_MONETARY) 
    VALUES(1701, '701', null, 'LOAN', '110', 'REGULAR', '16', 701, 1, 'Late Chagre Payment', 0);



----INSERT INTO LOAN_LEDGER_POSTING_PARAMETERS(UNIQUE_ID, INSTITUTION_ID, ENTRY_TYPE_ID, ACCOUNT_TYPE_ID, AFFECTS_DATE_LAST_ACTIVITY, AFFECTS_ORIG_LOAN_BALANCE, AFFECTS_PRINCIPAL_BALANCE, AFFECTS_PRINCIPAL_DUE, AFFECTS_INTEREST_DUE, AFFECTS_ESCROW_DUE, AFFECTS_ESCROW_BALANCE, AFFECTS_NONESCROW_DUE, AFFECTS_NONESCROW_BALANCE, AFFECTS_BANK_REBATE, AFFECTS_CREDIT_LIFE_DUE, AFFECTS_CREDIT_LIFE_PREMIUM, AFFECTS_CREDIT_LIFE_REBATE, AFFECTS_ACC_HEALTH_DUE, AFFECTS_ACC_HEALTH_PREMIUM, AFFECTS_ACC_HEALTH_REBATE, AFFECTS_OTHER_FEE_DUE, AFFECTS_COLLATERAL_INS_DUE, AFFECTS_COLLATERAL_INS_PREMIUM, AFFECTS_COLLATERAL_INS_REBATE, AFFECTS_UNAPPLIED_FUND, AFFECTS_PARTIAL_PAYMENT, AFFECTS_COLL_LATE_CHARGE, AFFECTS_UNCOLL_LATE_CHARGE, AFFECTS_WAIVED_LATE_CHARGE, AFFECTS_DATE_LAST_TRANSACTION, AFFECTS_DATE_NEXT_DUE, AFFECTS_LINE_OF_CREDIT, AFFECTS_UNUSED_LINE_OF_CREDIT, AFFECTS_NET_PAYOFF, AFFECTS_PAYMENT_MAID, AFFECTS_RETURNED_CHECKS, AFFECTS_INTEREST_YTD, AFFECTS_INTEREST_MTD, AFFECTS_INTEREST_LTD, AFFECTS_ACCRUED_INTEREST, AFFECTS_LOAN_STATUS, AFFECTS_PAYOUT_CODE, AFFECTS_DATE_CLOSED, AFFECTS_NEXTESCROWDISBURSEDATE, AFFECTS_PRINCIPAL_PAID_TO_DATE, AFFECTS_INTEREST_PAID_TO_DATE, AFFECTS_FUTURE_PAYMENT_COUNT) 
----    VALUES(1525, '1', '525', '207', 0, 0, 0, 0, 0, 0, 0, 0, 0, 0, 0, 0, 0, 0, 0, 0, 0, 0, 0, 0, 0, 0, 0, 0, 0, 0, 0, 0, 0, 0, 0, 0, 0, 0, 0, 0, 0, 0, 0, 0, 0, 0, 0);
--
--
--UPDATE LOAN_LEDGER_POSTING_PARAMETERS SET 
--AFFECTS_DATE_LAST_ACTIVITY=1,AFFECTS_PRINCIPAL_BALANCE=1,AFFECTS_PRINCIPAL_DUE=1,
--AFFECTS_PARTIAL_PAYMENT=1,AFFECTS_COLL_LATE_CHARGE=1,AFFECTS_UNCOLL_LATE_CHARGE=1,AFFECTS_DATE_LAST_TRANSACTION=1,  
--AFFECTS_DATE_NEXT_DUE=1,AFFECTS_NET_PAYOFF=1,AFFECTS_PAYMENT_MAID=1 WHERE UNIQUE_ID=1525;
--
----INSERT INTO LOAN_LEDGER_POSTING_PARAMETERS(UNIQUE_ID, INSTITUTION_ID, ENTRY_TYPE_ID, ACCOUNT_TYPE_ID, AFFECTS_DATE_LAST_ACTIVITY, AFFECTS_ORIG_LOAN_BALANCE, AFFECTS_PRINCIPAL_BALANCE, AFFECTS_PRINCIPAL_DUE, AFFECTS_INTEREST_DUE, AFFECTS_ESCROW_DUE, AFFECTS_ESCROW_BALANCE, AFFECTS_NONESCROW_DUE, AFFECTS_NONESCROW_BALANCE, AFFECTS_BANK_REBATE, AFFECTS_CREDIT_LIFE_DUE, AFFECTS_CREDIT_LIFE_PREMIUM, AFFECTS_CREDIT_LIFE_REBATE, AFFECTS_ACC_HEALTH_DUE, AFFECTS_ACC_HEALTH_PREMIUM, AFFECTS_ACC_HEALTH_REBATE, AFFECTS_OTHER_FEE_DUE, AFFECTS_COLLATERAL_INS_DUE, AFFECTS_COLLATERAL_INS_PREMIUM, AFFECTS_COLLATERAL_INS_REBATE, AFFECTS_UNAPPLIED_FUND, AFFECTS_PARTIAL_PAYMENT, AFFECTS_COLL_LATE_CHARGE, AFFECTS_UNCOLL_LATE_CHARGE, AFFECTS_WAIVED_LATE_CHARGE, AFFECTS_DATE_LAST_TRANSACTION, AFFECTS_DATE_NEXT_DUE, AFFECTS_LINE_OF_CREDIT, AFFECTS_UNUSED_LINE_OF_CREDIT, AFFECTS_NET_PAYOFF, AFFECTS_PAYMENT_MAID, AFFECTS_RETURNED_CHECKS, AFFECTS_INTEREST_YTD, AFFECTS_INTEREST_MTD, AFFECTS_INTEREST_LTD, AFFECTS_ACCRUED_INTEREST, AFFECTS_LOAN_STATUS, AFFECTS_PAYOUT_CODE, AFFECTS_DATE_CLOSED, AFFECTS_NEXTESCROWDISBURSEDATE, AFFECTS_PRINCIPAL_PAID_TO_DATE, AFFECTS_INTEREST_PAID_TO_DATE, AFFECTS_FUTURE_PAYMENT_COUNT) 
----    VALUES(19020, '1', '902', '110', 0, 0, 0, 0, 0, 0, 0, 0, 0, 0, 0, 0, 0, 0, 0, 0, 0, 0, 0, 0, 0, 0, 0, 0, 0, 0, 0, 0, 0, 0, 0, 0, 0, 0, 0, 0, 0, 0, 0, 0, 0, 0, 0);
--
--UPDATE LOAN_LEDGER_POSTING_PARAMETERS SET 
--AFFECTS_DATE_LAST_ACTIVITY=1,AFFECTS_ORIG_LOAN_BALANCE=1,AFFECTS_PRINCIPAL_BALANCE=1,
--AFFECTS_DATE_LAST_TRANSACTION=1,AFFECTS_DATE_NEXT_DUE=1,AFFECTS_NET_PAYOFF=1 WHERE UNIQUE_ID=19020;
--
----INSERT INTO LOAN_LEDGER_POSTING_PARAMETERS(UNIQUE_ID, INSTITUTION_ID, ENTRY_TYPE_ID, ACCOUNT_TYPE_ID, AFFECTS_DATE_LAST_ACTIVITY, AFFECTS_ORIG_LOAN_BALANCE, AFFECTS_PRINCIPAL_BALANCE, AFFECTS_PRINCIPAL_DUE, AFFECTS_INTEREST_DUE, AFFECTS_ESCROW_DUE, AFFECTS_ESCROW_BALANCE, AFFECTS_NONESCROW_DUE, AFFECTS_NONESCROW_BALANCE, AFFECTS_BANK_REBATE, AFFECTS_CREDIT_LIFE_DUE, AFFECTS_CREDIT_LIFE_PREMIUM, AFFECTS_CREDIT_LIFE_REBATE, AFFECTS_ACC_HEALTH_DUE, AFFECTS_ACC_HEALTH_PREMIUM, AFFECTS_ACC_HEALTH_REBATE, AFFECTS_OTHER_FEE_DUE, AFFECTS_COLLATERAL_INS_DUE, AFFECTS_COLLATERAL_INS_PREMIUM, AFFECTS_COLLATERAL_INS_REBATE, AFFECTS_UNAPPLIED_FUND, AFFECTS_PARTIAL_PAYMENT, AFFECTS_COLL_LATE_CHARGE, AFFECTS_UNCOLL_LATE_CHARGE, AFFECTS_WAIVED_LATE_CHARGE, AFFECTS_DATE_LAST_TRANSACTION, AFFECTS_DATE_NEXT_DUE, AFFECTS_LINE_OF_CREDIT, AFFECTS_UNUSED_LINE_OF_CREDIT, AFFECTS_NET_PAYOFF, AFFECTS_PAYMENT_MAID, AFFECTS_RETURNED_CHECKS, AFFECTS_INTEREST_YTD, AFFECTS_INTEREST_MTD, AFFECTS_INTEREST_LTD, AFFECTS_ACCRUED_INTEREST, AFFECTS_LOAN_STATUS, AFFECTS_PAYOUT_CODE, AFFECTS_DATE_CLOSED, AFFECTS_NEXTESCROWDISBURSEDATE, AFFECTS_PRINCIPAL_PAID_TO_DATE, AFFECTS_INTEREST_PAID_TO_DATE, AFFECTS_FUTURE_PAYMENT_COUNT) 
----    VALUES(11002, '1', '1002', '110', 0, 0, 0, 0, 0, 0, 0, 0, 0, 0, 0, 0, 0, 0, 0, 0, 0, 0, 0, 0, 0, 0, 0, 0, 0, 0, 0, 0, 0, 0, 0, 0, 0, 0, 0, 0, 0, 0, 0, 0, 0, 0, 0);
--
--UPDATE LOAN_LEDGER_POSTING_PARAMETERS SET 
--AFFECTS_DATE_LAST_ACTIVITY=1,AFFECTS_ESCROW_BALANCE=1,
--AFFECTS_DATE_LAST_TRANSACTION=1,AFFECTS_NET_PAYOFF=1,
--AFFECTS_NEXTESCROWDISBURSEDATE=1 WHERE UNIQUE_ID=11002;
--
--INSERT INTO LOAN_LEDGER_POSTING_PARAMETERS(UNIQUE_ID, INSTITUTION_ID, ENTRY_TYPE_ID, ACCOUNT_TYPE_ID, AFFECTS_DATE_LAST_ACTIVITY, AFFECTS_ORIG_LOAN_BALANCE, AFFECTS_PRINCIPAL_BALANCE, AFFECTS_PRINCIPAL_DUE, AFFECTS_INTEREST_DUE, AFFECTS_ESCROW_DUE, AFFECTS_ESCROW_BALANCE, AFFECTS_NONESCROW_DUE, AFFECTS_NONESCROW_BALANCE, AFFECTS_BANK_REBATE, AFFECTS_CREDIT_LIFE_DUE, AFFECTS_CREDIT_LIFE_PREMIUM, AFFECTS_CREDIT_LIFE_REBATE, AFFECTS_ACC_HEALTH_DUE, AFFECTS_ACC_HEALTH_PREMIUM, AFFECTS_ACC_HEALTH_REBATE, AFFECTS_OTHER_FEE_DUE, AFFECTS_COLLATERAL_INS_DUE, AFFECTS_COLLATERAL_INS_PREMIUM, AFFECTS_COLLATERAL_INS_REBATE, AFFECTS_UNAPPLIED_FUND, AFFECTS_PARTIAL_PAYMENT, AFFECTS_COLL_LATE_CHARGE, AFFECTS_UNCOLL_LATE_CHARGE, AFFECTS_WAIVED_LATE_CHARGE, AFFECTS_DATE_LAST_TRANSACTION, AFFECTS_DATE_NEXT_DUE, AFFECTS_LINE_OF_CREDIT, AFFECTS_UNUSED_LINE_OF_CREDIT, AFFECTS_NET_PAYOFF, AFFECTS_PAYMENT_MAID, AFFECTS_RETURNED_CHECKS, AFFECTS_INTEREST_YTD, AFFECTS_INTEREST_MTD, AFFECTS_INTEREST_LTD, AFFECTS_ACCRUED_INTEREST, AFFECTS_LOAN_STATUS, AFFECTS_PAYOUT_CODE, AFFECTS_DATE_CLOSED, AFFECTS_NEXTESCROWDISBURSEDATE, AFFECTS_PRINCIPAL_PAID_TO_DATE, AFFECTS_INTEREST_PAID_TO_DATE, AFFECTS_FUTURE_PAYMENT_COUNT) 
--    VALUES(1301, '1', '301', '110', 0, 0, 0, 0, 0, 0, 0, 0, 0, 0, 0, 0, 0, 0, 0, 0, 0, 0, 0, 0, 0, 0, 0, 0, 0, 0, 0, 0, 0, 0, 0, 0, 0, 0, 0, 0, 0, 0, 0, 0, 0, 0, 0);
--
--UPDATE LOAN_LEDGER_POSTING_PARAMETERS SET 
--AFFECTS_DATE_LAST_ACTIVITY=1,AFFECTS_PRINCIPAL_BALANCE=1,AFFECTS_COLL_LATE_CHARGE=1,AFFECTS_UNCOLL_LATE_CHARGE=1,
--AFFECTS_DATE_LAST_TRANSACTION=1,AFFECTS_NET_PAYOFF=1 WHERE UNIQUE_ID=1301;
--
--INSERT INTO LOAN_LEDGER_POSTING_PARAMETERS(UNIQUE_ID, INSTITUTION_ID, ENTRY_TYPE_ID, ACCOUNT_TYPE_ID, AFFECTS_DATE_LAST_ACTIVITY, AFFECTS_ORIG_LOAN_BALANCE, AFFECTS_PRINCIPAL_BALANCE, AFFECTS_PRINCIPAL_DUE, AFFECTS_INTEREST_DUE, AFFECTS_ESCROW_DUE, AFFECTS_ESCROW_BALANCE, AFFECTS_NONESCROW_DUE, AFFECTS_NONESCROW_BALANCE, AFFECTS_BANK_REBATE, AFFECTS_CREDIT_LIFE_DUE, AFFECTS_CREDIT_LIFE_PREMIUM, AFFECTS_CREDIT_LIFE_REBATE, AFFECTS_ACC_HEALTH_DUE, AFFECTS_ACC_HEALTH_PREMIUM, AFFECTS_ACC_HEALTH_REBATE, AFFECTS_OTHER_FEE_DUE, AFFECTS_COLLATERAL_INS_DUE, AFFECTS_COLLATERAL_INS_PREMIUM, AFFECTS_COLLATERAL_INS_REBATE, AFFECTS_UNAPPLIED_FUND, AFFECTS_PARTIAL_PAYMENT, AFFECTS_COLL_LATE_CHARGE, AFFECTS_UNCOLL_LATE_CHARGE, AFFECTS_WAIVED_LATE_CHARGE, AFFECTS_DATE_LAST_TRANSACTION, AFFECTS_DATE_NEXT_DUE, AFFECTS_LINE_OF_CREDIT, AFFECTS_UNUSED_LINE_OF_CREDIT, AFFECTS_NET_PAYOFF, AFFECTS_PAYMENT_MAID, AFFECTS_RETURNED_CHECKS, AFFECTS_INTEREST_YTD, AFFECTS_INTEREST_MTD, AFFECTS_INTEREST_LTD, AFFECTS_ACCRUED_INTEREST, AFFECTS_LOAN_STATUS, AFFECTS_PAYOUT_CODE, AFFECTS_DATE_CLOSED, AFFECTS_NEXTESCROWDISBURSEDATE, AFFECTS_PRINCIPAL_PAID_TO_DATE, AFFECTS_INTEREST_PAID_TO_DATE, AFFECTS_FUTURE_PAYMENT_COUNT) 
--    VALUES(1701, '1', '701', '110', 0, 0, 0, 0, 0, 0, 0, 0, 0, 0, 0, 0, 0, 0, 0, 0, 0, 0, 0, 0, 0, 0, 0, 0, 0, 0, 0, 0, 0, 0, 0, 0, 0, 0, 0, 0, 0, 0, 0, 0, 0, 0, 0);
--
--UPDATE LOAN_LEDGER_POSTING_PARAMETERS SET 
--AFFECTS_DATE_LAST_ACTIVITY=1,AFFECTS_PRINCIPAL_BALANCE=1,AFFECTS_COLL_LATE_CHARGE=1,AFFECTS_UNCOLL_LATE_CHARGE=1,
--AFFECTS_DATE_LAST_TRANSACTION=1,AFFECTS_DATE_NEXT_DUE=1,AFFECTS_NET_PAYOFF=1,AFFECTS_LOAN_STATUS=1
--WHERE UNIQUE_ID=1701;
--
--INSERT INTO LOAN_LEDGER_POSTING_PARAMETERS(UNIQUE_ID, INSTITUTION_ID, ENTRY_TYPE_ID, ACCOUNT_TYPE_ID, AFFECTS_DATE_LAST_ACTIVITY, AFFECTS_ORIG_LOAN_BALANCE, AFFECTS_PRINCIPAL_BALANCE, AFFECTS_PRINCIPAL_DUE, AFFECTS_INTEREST_DUE, AFFECTS_ESCROW_DUE, AFFECTS_ESCROW_BALANCE, AFFECTS_NONESCROW_DUE, AFFECTS_NONESCROW_BALANCE, AFFECTS_BANK_REBATE, AFFECTS_CREDIT_LIFE_DUE, AFFECTS_CREDIT_LIFE_PREMIUM, AFFECTS_CREDIT_LIFE_REBATE, AFFECTS_ACC_HEALTH_DUE, AFFECTS_ACC_HEALTH_PREMIUM, AFFECTS_ACC_HEALTH_REBATE, AFFECTS_OTHER_FEE_DUE, AFFECTS_COLLATERAL_INS_DUE, AFFECTS_COLLATERAL_INS_PREMIUM, AFFECTS_COLLATERAL_INS_REBATE, AFFECTS_UNAPPLIED_FUND, AFFECTS_PARTIAL_PAYMENT, AFFECTS_COLL_LATE_CHARGE, AFFECTS_UNCOLL_LATE_CHARGE, AFFECTS_WAIVED_LATE_CHARGE, AFFECTS_DATE_LAST_TRANSACTION, AFFECTS_DATE_NEXT_DUE, AFFECTS_LINE_OF_CREDIT, AFFECTS_UNUSED_LINE_OF_CREDIT, AFFECTS_NET_PAYOFF, AFFECTS_PAYMENT_MAID, AFFECTS_RETURNED_CHECKS, AFFECTS_INTEREST_YTD, AFFECTS_INTEREST_MTD, AFFECTS_INTEREST_LTD, AFFECTS_ACCRUED_INTEREST, AFFECTS_LOAN_STATUS, AFFECTS_PAYOUT_CODE, AFFECTS_DATE_CLOSED, AFFECTS_NEXTESCROWDISBURSEDATE, AFFECTS_PRINCIPAL_PAID_TO_DATE, AFFECTS_INTEREST_PAID_TO_DATE, AFFECTS_FUTURE_PAYMENT_COUNT) 
--    VALUES(1951, '1', '951', '110', 0, 0, 0, 0, 0, 0, 0, 0, 0, 0, 0, 0, 0, 0, 0, 0, 0, 0, 0, 0, 0, 0, 0, 0, 0, 0, 0, 0, 0, 0, 0, 0, 0, 0, 0, 0, 0, 0, 0, 0, 0, 0, 0);
--
--UPDATE LOAN_LEDGER_POSTING_PARAMETERS SET 
--AFFECTS_DATE_LAST_ACTIVITY=1,AFFECTS_PRINCIPAL_BALANCE=1,AFFECTS_INTEREST_DUE=1,AFFECTS_ESCROW_DUE=1,
--AFFECTS_ESCROW_BALANCE=1,AFFECTS_NONESCROW_DUE=1,AFFECTS_NONESCROW_BALANCE=1,
--AFFECTS_COLL_LATE_CHARGE=1,AFFECTS_UNCOLL_LATE_CHARGE=1,AFFECTS_INTEREST_YTD=1,
--AFFECTS_INTEREST_MTD=1,AFFECTS_INTEREST_LTD=1,AFFECTS_ACCRUED_INTEREST=1,AFFECTS_LOAN_STATUS=1,
--AFFECTS_DATE_LAST_TRANSACTION=1,AFFECTS_NET_PAYOFF=1 WHERE UNIQUE_ID=1951;
--
--INSERT INTO LOAN_LEDGER_POSTING_PARAMETERS(UNIQUE_ID, INSTITUTION_ID, ENTRY_TYPE_ID, ACCOUNT_TYPE_ID, AFFECTS_DATE_LAST_ACTIVITY, AFFECTS_ORIG_LOAN_BALANCE, AFFECTS_PRINCIPAL_BALANCE, AFFECTS_PRINCIPAL_DUE, AFFECTS_INTEREST_DUE, AFFECTS_ESCROW_DUE, AFFECTS_ESCROW_BALANCE, AFFECTS_NONESCROW_DUE, AFFECTS_NONESCROW_BALANCE, AFFECTS_BANK_REBATE, AFFECTS_CREDIT_LIFE_DUE, AFFECTS_CREDIT_LIFE_PREMIUM, AFFECTS_CREDIT_LIFE_REBATE, AFFECTS_ACC_HEALTH_DUE, AFFECTS_ACC_HEALTH_PREMIUM, AFFECTS_ACC_HEALTH_REBATE, AFFECTS_OTHER_FEE_DUE, AFFECTS_COLLATERAL_INS_DUE, AFFECTS_COLLATERAL_INS_PREMIUM, AFFECTS_COLLATERAL_INS_REBATE, AFFECTS_UNAPPLIED_FUND, AFFECTS_PARTIAL_PAYMENT, AFFECTS_COLL_LATE_CHARGE, AFFECTS_UNCOLL_LATE_CHARGE, AFFECTS_WAIVED_LATE_CHARGE, AFFECTS_DATE_LAST_TRANSACTION, AFFECTS_DATE_NEXT_DUE, AFFECTS_LINE_OF_CREDIT, AFFECTS_UNUSED_LINE_OF_CREDIT, AFFECTS_NET_PAYOFF, AFFECTS_PAYMENT_MAID, AFFECTS_RETURNED_CHECKS, AFFECTS_INTEREST_YTD, AFFECTS_INTEREST_MTD, AFFECTS_INTEREST_LTD, AFFECTS_ACCRUED_INTEREST, AFFECTS_LOAN_STATUS, AFFECTS_PAYOUT_CODE, AFFECTS_DATE_CLOSED, AFFECTS_NEXTESCROWDISBURSEDATE, AFFECTS_PRINCIPAL_PAID_TO_DATE, AFFECTS_INTEREST_PAID_TO_DATE, AFFECTS_FUTURE_PAYMENT_COUNT) 
--    VALUES(1501, '1', '501', '110', 0, 0, 0, 0, 0, 0, 0, 0, 0, 0, 0, 0, 0, 0, 0, 0, 0, 0, 0, 0, 0, 0, 0, 0, 0, 0, 0, 0, 0, 0, 0, 0, 0, 0, 0, 0, 0, 0, 0, 0, 0, 0, 0);
--
--UPDATE LOAN_LEDGER_POSTING_PARAMETERS SET 
--AFFECTS_DATE_LAST_ACTIVITY=1,AFFECTS_ESCROW_BALANCE=1,
--AFFECTS_DATE_LAST_TRANSACTION=1,AFFECTS_NET_PAYOFF=1 WHERE UNIQUE_ID=1501;
--
--
--INSERT INTO LOAN_LEDGER_POSTING_PARAMETERS(UNIQUE_ID, INSTITUTION_ID, ENTRY_TYPE_ID, ACCOUNT_TYPE_ID, AFFECTS_DATE_LAST_ACTIVITY, AFFECTS_ORIG_LOAN_BALANCE, AFFECTS_PRINCIPAL_BALANCE, AFFECTS_PRINCIPAL_DUE, AFFECTS_INTEREST_DUE, AFFECTS_ESCROW_DUE, AFFECTS_ESCROW_BALANCE, AFFECTS_NONESCROW_DUE, AFFECTS_NONESCROW_BALANCE, AFFECTS_BANK_REBATE, AFFECTS_CREDIT_LIFE_DUE, AFFECTS_CREDIT_LIFE_PREMIUM, AFFECTS_CREDIT_LIFE_REBATE, AFFECTS_ACC_HEALTH_DUE, AFFECTS_ACC_HEALTH_PREMIUM, AFFECTS_ACC_HEALTH_REBATE, AFFECTS_OTHER_FEE_DUE, AFFECTS_COLLATERAL_INS_DUE, AFFECTS_COLLATERAL_INS_PREMIUM, AFFECTS_COLLATERAL_INS_REBATE, AFFECTS_UNAPPLIED_FUND, AFFECTS_PARTIAL_PAYMENT, AFFECTS_COLL_LATE_CHARGE, AFFECTS_UNCOLL_LATE_CHARGE, AFFECTS_WAIVED_LATE_CHARGE, AFFECTS_DATE_LAST_TRANSACTION, AFFECTS_DATE_NEXT_DUE, AFFECTS_LINE_OF_CREDIT, AFFECTS_UNUSED_LINE_OF_CREDIT, AFFECTS_NET_PAYOFF, AFFECTS_PAYMENT_MAID, AFFECTS_RETURNED_CHECKS, AFFECTS_INTEREST_YTD, AFFECTS_INTEREST_MTD, AFFECTS_INTEREST_LTD, AFFECTS_ACCRUED_INTEREST, AFFECTS_LOAN_STATUS, AFFECTS_PAYOUT_CODE, AFFECTS_DATE_CLOSED, AFFECTS_NEXTESCROWDISBURSEDATE, AFFECTS_PRINCIPAL_PAID_TO_DATE, AFFECTS_INTEREST_PAID_TO_DATE, AFFECTS_FUTURE_PAYMENT_COUNT) 
--    VALUES(1502, '1', '502', '207', 0, 0, 0, 0, 0, 0, 0, 0, 0, 0, 0, 0, 0, 0, 0, 0, 0, 0, 0, 0, 0, 0, 0, 0, 0, 0, 0, 0, 0, 0, 0, 0, 0, 0, 0, 0, 0, 0, 0, 0, 0, 0, 0);
--
--UPDATE LOAN_LEDGER_POSTING_PARAMETERS SET AFFECTS_ORIG_LOAN_BALANCE=1,AFFECTS_PRINCIPAL_BALANCE=1,
--AFFECTS_DATE_LAST_ACTIVITY=1,AFFECTS_DATE_LAST_TRANSACTION=1,AFFECTS_DATE_NEXT_DUE=1,
--AFFECTS_NET_PAYOFF=1,AFFECTS_LOAN_STATUS=1,AFFECTS_BANK_REBATE=1 WHERE UNIQUE_ID=1502;
--
--INSERT INTO LOAN_LEDGER_POSTING_PARAMETERS(UNIQUE_ID, INSTITUTION_ID, ENTRY_TYPE_ID, ACCOUNT_TYPE_ID, AFFECTS_DATE_LAST_ACTIVITY, AFFECTS_ORIG_LOAN_BALANCE, AFFECTS_PRINCIPAL_BALANCE, AFFECTS_PRINCIPAL_DUE, AFFECTS_INTEREST_DUE, AFFECTS_ESCROW_DUE, AFFECTS_ESCROW_BALANCE, AFFECTS_NONESCROW_DUE, AFFECTS_NONESCROW_BALANCE, AFFECTS_BANK_REBATE, AFFECTS_CREDIT_LIFE_DUE, AFFECTS_CREDIT_LIFE_PREMIUM, AFFECTS_CREDIT_LIFE_REBATE, AFFECTS_ACC_HEALTH_DUE, AFFECTS_ACC_HEALTH_PREMIUM, AFFECTS_ACC_HEALTH_REBATE, AFFECTS_OTHER_FEE_DUE, AFFECTS_COLLATERAL_INS_DUE, AFFECTS_COLLATERAL_INS_PREMIUM, AFFECTS_COLLATERAL_INS_REBATE, AFFECTS_UNAPPLIED_FUND, AFFECTS_PARTIAL_PAYMENT, AFFECTS_COLL_LATE_CHARGE, AFFECTS_UNCOLL_LATE_CHARGE, AFFECTS_WAIVED_LATE_CHARGE, AFFECTS_DATE_LAST_TRANSACTION, AFFECTS_DATE_NEXT_DUE, AFFECTS_LINE_OF_CREDIT, AFFECTS_UNUSED_LINE_OF_CREDIT, AFFECTS_NET_PAYOFF, AFFECTS_PAYMENT_MAID, AFFECTS_RETURNED_CHECKS, AFFECTS_INTEREST_YTD, AFFECTS_INTEREST_MTD, AFFECTS_INTEREST_LTD, AFFECTS_ACCRUED_INTEREST, AFFECTS_LOAN_STATUS, AFFECTS_PAYOUT_CODE, AFFECTS_DATE_CLOSED, AFFECTS_NEXTESCROWDISBURSEDATE, AFFECTS_PRINCIPAL_PAID_TO_DATE, AFFECTS_INTEREST_PAID_TO_DATE, AFFECTS_FUTURE_PAYMENT_COUNT) 
--    VALUES(1511, '1', '511', '207', 0, 0, 0, 0, 0, 0, 0, 0, 0, 0, 0, 0, 0, 0, 0, 0, 0, 0, 0, 0, 0, 0, 0, 0, 0, 0, 0, 0, 0, 0, 0, 0, 0, 0, 0, 0, 0, 0, 0, 0, 0, 0, 0);
--
--UPDATE LOAN_LEDGER_POSTING_PARAMETERS SET 
--AFFECTS_DATE_LAST_ACTIVITY=1,AFFECTS_DATE_LAST_TRANSACTION=1,AFFECTS_PRINCIPAL_BALANCE=1,
--AFFECTS_NET_PAYOFF=1,AFFECTS_LOAN_STATUS=1 WHERE UNIQUE_ID=1511;
--
--INSERT INTO LOAN_LEDGER_POSTING_PARAMETERS(UNIQUE_ID, INSTITUTION_ID, ENTRY_TYPE_ID, ACCOUNT_TYPE_ID, AFFECTS_DATE_LAST_ACTIVITY, AFFECTS_ORIG_LOAN_BALANCE, AFFECTS_PRINCIPAL_BALANCE, AFFECTS_PRINCIPAL_DUE, AFFECTS_INTEREST_DUE, AFFECTS_ESCROW_DUE, AFFECTS_ESCROW_BALANCE, AFFECTS_NONESCROW_DUE, AFFECTS_NONESCROW_BALANCE, AFFECTS_BANK_REBATE, AFFECTS_CREDIT_LIFE_DUE, AFFECTS_CREDIT_LIFE_PREMIUM, AFFECTS_CREDIT_LIFE_REBATE, AFFECTS_ACC_HEALTH_DUE, AFFECTS_ACC_HEALTH_PREMIUM, AFFECTS_ACC_HEALTH_REBATE, AFFECTS_OTHER_FEE_DUE, AFFECTS_COLLATERAL_INS_DUE, AFFECTS_COLLATERAL_INS_PREMIUM, AFFECTS_COLLATERAL_INS_REBATE, AFFECTS_UNAPPLIED_FUND, AFFECTS_PARTIAL_PAYMENT, AFFECTS_COLL_LATE_CHARGE, AFFECTS_UNCOLL_LATE_CHARGE, AFFECTS_WAIVED_LATE_CHARGE, AFFECTS_DATE_LAST_TRANSACTION, AFFECTS_DATE_NEXT_DUE, AFFECTS_LINE_OF_CREDIT, AFFECTS_UNUSED_LINE_OF_CREDIT, AFFECTS_NET_PAYOFF, AFFECTS_PAYMENT_MAID, AFFECTS_RETURNED_CHECKS, AFFECTS_INTEREST_YTD, AFFECTS_INTEREST_MTD, AFFECTS_INTEREST_LTD, AFFECTS_ACCRUED_INTEREST, AFFECTS_LOAN_STATUS, AFFECTS_PAYOUT_CODE, AFFECTS_DATE_CLOSED, AFFECTS_NEXTESCROWDISBURSEDATE, AFFECTS_PRINCIPAL_PAID_TO_DATE, AFFECTS_INTEREST_PAID_TO_DATE, AFFECTS_FUTURE_PAYMENT_COUNT) 
--    VALUES(1538, '1', '538', '207', 0, 0, 0, 0, 0, 0, 0, 0, 0, 0, 0, 0, 0, 0, 0, 0, 0, 0, 0, 0, 0, 0, 0, 0, 0, 0, 0, 0, 0, 0, 0, 0, 0, 0, 0, 0, 0, 0, 0, 0, 0, 0, 0);
--
--UPDATE LOAN_LEDGER_POSTING_PARAMETERS SET 
--AFFECTS_DATE_LAST_ACTIVITY=1,AFFECTS_PRINCIPAL_BALANCE=1,
--AFFECTS_UNAPPLIED_FUND=1,AFFECTS_COLL_LATE_CHARGE=1,AFFECTS_UNCOLL_LATE_CHARGE=1,
--AFFECTS_DATE_LAST_TRANSACTION=1,AFFECTS_DATE_NEXT_DUE=1,
--AFFECTS_NET_PAYOFF=1,AFFECTS_PAYMENT_MAID=1,AFFECTS_PARTIAL_PAYMENT=1 WHERE UNIQUE_ID=1538;
--
--INSERT INTO LOAN_LEDGER_POSTING_PARAMETERS(UNIQUE_ID, INSTITUTION_ID, ENTRY_TYPE_ID, ACCOUNT_TYPE_ID, AFFECTS_DATE_LAST_ACTIVITY, AFFECTS_ORIG_LOAN_BALANCE, AFFECTS_PRINCIPAL_BALANCE, AFFECTS_PRINCIPAL_DUE, AFFECTS_INTEREST_DUE, AFFECTS_ESCROW_DUE, AFFECTS_ESCROW_BALANCE, AFFECTS_NONESCROW_DUE, AFFECTS_NONESCROW_BALANCE, AFFECTS_BANK_REBATE, AFFECTS_CREDIT_LIFE_DUE, AFFECTS_CREDIT_LIFE_PREMIUM, AFFECTS_CREDIT_LIFE_REBATE, AFFECTS_ACC_HEALTH_DUE, AFFECTS_ACC_HEALTH_PREMIUM, AFFECTS_ACC_HEALTH_REBATE, AFFECTS_OTHER_FEE_DUE, AFFECTS_COLLATERAL_INS_DUE, AFFECTS_COLLATERAL_INS_PREMIUM, AFFECTS_COLLATERAL_INS_REBATE, AFFECTS_UNAPPLIED_FUND, AFFECTS_PARTIAL_PAYMENT, AFFECTS_COLL_LATE_CHARGE, AFFECTS_UNCOLL_LATE_CHARGE, AFFECTS_WAIVED_LATE_CHARGE, AFFECTS_DATE_LAST_TRANSACTION, AFFECTS_DATE_NEXT_DUE, AFFECTS_LINE_OF_CREDIT, AFFECTS_UNUSED_LINE_OF_CREDIT, AFFECTS_NET_PAYOFF, AFFECTS_PAYMENT_MAID, AFFECTS_RETURNED_CHECKS, AFFECTS_INTEREST_YTD, AFFECTS_INTEREST_MTD, AFFECTS_INTEREST_LTD, AFFECTS_ACCRUED_INTEREST, AFFECTS_LOAN_STATUS, AFFECTS_PAYOUT_CODE, AFFECTS_DATE_CLOSED, AFFECTS_NEXTESCROWDISBURSEDATE, AFFECTS_PRINCIPAL_PAID_TO_DATE, AFFECTS_INTEREST_PAID_TO_DATE, AFFECTS_FUTURE_PAYMENT_COUNT) 
--    VALUES(1528, '1', '528', '207', 0, 0, 0, 0, 0, 0, 0, 0, 0, 0, 0, 0, 0, 0, 0, 0, 0, 0, 0, 0, 0, 0, 0, 0, 0, 0, 0, 0, 0, 0, 0, 0, 0, 0, 0, 0, 0, 0, 0, 0, 0, 0, 0);
--
--UPDATE LOAN_LEDGER_POSTING_PARAMETERS SET 
--AFFECTS_DATE_LAST_ACTIVITY=1,AFFECTS_PRINCIPAL_BALANCE=1,
--AFFECTS_UNAPPLIED_FUND=1,AFFECTS_DATE_LAST_TRANSACTION=1,AFFECTS_DATE_NEXT_DUE=1,
--AFFECTS_NET_PAYOFF=1,AFFECTS_PAYMENT_MAID=1,AFFECTS_PARTIAL_PAYMENT=1 WHERE UNIQUE_ID=1528;
--
--INSERT INTO LOAN_LEDGER_POSTING_PARAMETERS(UNIQUE_ID, INSTITUTION_ID, ENTRY_TYPE_ID, ACCOUNT_TYPE_ID, AFFECTS_DATE_LAST_ACTIVITY, AFFECTS_ORIG_LOAN_BALANCE, AFFECTS_PRINCIPAL_BALANCE, AFFECTS_PRINCIPAL_DUE, AFFECTS_INTEREST_DUE, AFFECTS_ESCROW_DUE, AFFECTS_ESCROW_BALANCE, AFFECTS_NONESCROW_DUE, AFFECTS_NONESCROW_BALANCE, AFFECTS_BANK_REBATE, AFFECTS_CREDIT_LIFE_DUE, AFFECTS_CREDIT_LIFE_PREMIUM, AFFECTS_CREDIT_LIFE_REBATE, AFFECTS_ACC_HEALTH_DUE, AFFECTS_ACC_HEALTH_PREMIUM, AFFECTS_ACC_HEALTH_REBATE, AFFECTS_OTHER_FEE_DUE, AFFECTS_COLLATERAL_INS_DUE, AFFECTS_COLLATERAL_INS_PREMIUM, AFFECTS_COLLATERAL_INS_REBATE, AFFECTS_UNAPPLIED_FUND, AFFECTS_PARTIAL_PAYMENT, AFFECTS_COLL_LATE_CHARGE, AFFECTS_UNCOLL_LATE_CHARGE, AFFECTS_WAIVED_LATE_CHARGE, AFFECTS_DATE_LAST_TRANSACTION, AFFECTS_DATE_NEXT_DUE, AFFECTS_LINE_OF_CREDIT, AFFECTS_UNUSED_LINE_OF_CREDIT, AFFECTS_NET_PAYOFF, AFFECTS_PAYMENT_MAID, AFFECTS_RETURNED_CHECKS, AFFECTS_INTEREST_YTD, AFFECTS_INTEREST_MTD, AFFECTS_INTEREST_LTD, AFFECTS_ACCRUED_INTEREST, AFFECTS_LOAN_STATUS, AFFECTS_PAYOUT_CODE, AFFECTS_DATE_CLOSED, AFFECTS_NEXTESCROWDISBURSEDATE, AFFECTS_PRINCIPAL_PAID_TO_DATE, AFFECTS_INTEREST_PAID_TO_DATE, AFFECTS_FUTURE_PAYMENT_COUNT) 
--    VALUES(1544, '1', '544', '207', 0, 0, 0, 0, 0, 0, 0, 0, 0, 0, 0, 0, 0, 0, 0, 0, 0, 0, 0, 0, 0, 0, 0, 0, 0, 0, 0, 0, 0, 0, 0, 0, 0, 0, 0, 0, 0, 0, 0, 0, 0, 0, 0);
--
--UPDATE LOAN_LEDGER_POSTING_PARAMETERS SET 
--AFFECTS_DATE_LAST_ACTIVITY=1,AFFECTS_PRINCIPAL_BALANCE=1,AFFECTS_BANK_REBATE=1,AFFECTS_CREDIT_LIFE_REBATE=1,
--AFFECTS_ACC_HEALTH_REBATE=1, AFFECTS_COLLATERAL_INS_REBATE=1,AFFECTS_COLL_LATE_CHARGE=1,AFFECTS_UNCOLL_LATE_CHARGE=1,
--AFFECTS_DATE_LAST_TRANSACTION=1,AFFECTS_NET_PAYOFF=1,AFFECTS_LOAN_STATUS=1,AFFECTS_DATE_CLOSED=1,AFFECTS_PAYMENT_MAID =1,AFFECTS_PAYOUT_CODE=1 
--WHERE UNIQUE_ID=1544;
--
--INSERT INTO LOAN_LEDGER_POSTING_PARAMETERS(UNIQUE_ID, INSTITUTION_ID, ENTRY_TYPE_ID, ACCOUNT_TYPE_ID, AFFECTS_DATE_LAST_ACTIVITY, AFFECTS_ORIG_LOAN_BALANCE, AFFECTS_PRINCIPAL_BALANCE, AFFECTS_PRINCIPAL_DUE, AFFECTS_INTEREST_DUE, AFFECTS_ESCROW_DUE, AFFECTS_ESCROW_BALANCE, AFFECTS_NONESCROW_DUE, AFFECTS_NONESCROW_BALANCE, AFFECTS_BANK_REBATE, AFFECTS_CREDIT_LIFE_DUE, AFFECTS_CREDIT_LIFE_PREMIUM, AFFECTS_CREDIT_LIFE_REBATE, AFFECTS_ACC_HEALTH_DUE, AFFECTS_ACC_HEALTH_PREMIUM, AFFECTS_ACC_HEALTH_REBATE, AFFECTS_OTHER_FEE_DUE, AFFECTS_COLLATERAL_INS_DUE, AFFECTS_COLLATERAL_INS_PREMIUM, AFFECTS_COLLATERAL_INS_REBATE, AFFECTS_UNAPPLIED_FUND, AFFECTS_PARTIAL_PAYMENT, AFFECTS_COLL_LATE_CHARGE, AFFECTS_UNCOLL_LATE_CHARGE, AFFECTS_WAIVED_LATE_CHARGE, AFFECTS_DATE_LAST_TRANSACTION, AFFECTS_DATE_NEXT_DUE, AFFECTS_LINE_OF_CREDIT, AFFECTS_UNUSED_LINE_OF_CREDIT, AFFECTS_NET_PAYOFF, AFFECTS_PAYMENT_MAID, AFFECTS_RETURNED_CHECKS, AFFECTS_INTEREST_YTD, AFFECTS_INTEREST_MTD, AFFECTS_INTEREST_LTD, AFFECTS_ACCRUED_INTEREST, AFFECTS_LOAN_STATUS, AFFECTS_PAYOUT_CODE, AFFECTS_DATE_CLOSED, AFFECTS_NEXTESCROWDISBURSEDATE, AFFECTS_PRINCIPAL_PAID_TO_DATE, AFFECTS_INTEREST_PAID_TO_DATE, AFFECTS_FUTURE_PAYMENT_COUNT) 
--    VALUES(11101, '1', '101', '110', 0, 0, 0, 0, 0, 0, 0, 0, 0, 0, 0, 0, 0, 0, 0, 0, 0, 0, 0, 0, 0, 0, 0, 0, 0, 0, 0, 0, 0, 0, 0, 0, 0, 0, 0, 0, 0, 0, 0, 0, 0, 0, 0);
--
--UPDATE LOAN_LEDGER_POSTING_PARAMETERS SET 
--AFFECTS_DATE_LAST_ACTIVITY=1,AFFECTS_PRINCIPAL_BALANCE=1,AFFECTS_PRINCIPAL_DUE=1,AFFECTS_INTEREST_DUE=1,
--AFFECTS_ESCROW_DUE=1,AFFECTS_ESCROW_BALANCE=1,AFFECTS_NONESCROW_DUE=1,AFFECTS_NONESCROW_BALANCE=1,
--AFFECTS_COLL_LATE_CHARGE=1,AFFECTS_UNCOLL_LATE_CHARGE=1,AFFECTS_DATE_LAST_TRANSACTION=1,AFFECTS_DATE_NEXT_DUE=1,
--AFFECTS_NET_PAYOFF=1,AFFECTS_PAYMENT_MAID=1,AFFECTS_INTEREST_YTD=1,AFFECTS_INTEREST_MTD=1,
--AFFECTS_INTEREST_LTD=1,AFFECTS_ACCRUED_INTEREST=1,AFFECTS_INTEREST_PAID_TO_DATE=1,AFFECTS_PRINCIPAL_PAID_TO_DATE=1
--WHERE UNIQUE_ID=11101;
--
--INSERT INTO LOAN_LEDGER_POSTING_PARAMETERS(UNIQUE_ID, INSTITUTION_ID, ENTRY_TYPE_ID, ACCOUNT_TYPE_ID, AFFECTS_DATE_LAST_ACTIVITY, AFFECTS_ORIG_LOAN_BALANCE, AFFECTS_PRINCIPAL_BALANCE, AFFECTS_PRINCIPAL_DUE, AFFECTS_INTEREST_DUE, AFFECTS_ESCROW_DUE, AFFECTS_ESCROW_BALANCE, AFFECTS_NONESCROW_DUE, AFFECTS_NONESCROW_BALANCE, AFFECTS_BANK_REBATE, AFFECTS_CREDIT_LIFE_DUE, AFFECTS_CREDIT_LIFE_PREMIUM, AFFECTS_CREDIT_LIFE_REBATE, AFFECTS_ACC_HEALTH_DUE, AFFECTS_ACC_HEALTH_PREMIUM, AFFECTS_ACC_HEALTH_REBATE, AFFECTS_OTHER_FEE_DUE, AFFECTS_COLLATERAL_INS_DUE, AFFECTS_COLLATERAL_INS_PREMIUM, AFFECTS_COLLATERAL_INS_REBATE, AFFECTS_UNAPPLIED_FUND, AFFECTS_PARTIAL_PAYMENT, AFFECTS_COLL_LATE_CHARGE, AFFECTS_UNCOLL_LATE_CHARGE, AFFECTS_WAIVED_LATE_CHARGE, AFFECTS_DATE_LAST_TRANSACTION, AFFECTS_DATE_NEXT_DUE, AFFECTS_LINE_OF_CREDIT, AFFECTS_UNUSED_LINE_OF_CREDIT, AFFECTS_NET_PAYOFF, AFFECTS_PAYMENT_MAID, AFFECTS_RETURNED_CHECKS, AFFECTS_INTEREST_YTD, AFFECTS_INTEREST_MTD, AFFECTS_INTEREST_LTD, AFFECTS_ACCRUED_INTEREST, AFFECTS_LOAN_STATUS, AFFECTS_PAYOUT_CODE, AFFECTS_DATE_CLOSED, AFFECTS_NEXTESCROWDISBURSEDATE, AFFECTS_PRINCIPAL_PAID_TO_DATE, AFFECTS_INTEREST_PAID_TO_DATE, AFFECTS_FUTURE_PAYMENT_COUNT) 
--    VALUES(1738, '1', '738', '208', 0, 0, 0, 0, 0, 0, 0, 0, 0, 0, 0, 0, 0, 0, 0, 0, 0, 0, 0, 0, 0, 0, 0, 0, 0, 0, 0, 0, 0, 0, 0, 0, 0, 0, 0, 0, 0, 0, 0, 0, 0, 0, 0);
--
--
--UPDATE LOAN_LEDGER_POSTING_PARAMETERS SET 
--AFFECTS_DATE_LAST_ACTIVITY=1,AFFECTS_PRINCIPAL_BALANCE=1,AFFECTS_COLL_LATE_CHARGE=1,AFFECTS_UNCOLL_LATE_CHARGE=1,
--AFFECTS_DATE_LAST_TRANSACTION=1,
--AFFECTS_NET_PAYOFF=1 WHERE UNIQUE_ID=1738;
--
--INSERT INTO LOAN_LEDGER_POSTING_PARAMETERS(UNIQUE_ID, INSTITUTION_ID, ENTRY_TYPE_ID, ACCOUNT_TYPE_ID, AFFECTS_DATE_LAST_ACTIVITY, AFFECTS_ORIG_LOAN_BALANCE, AFFECTS_PRINCIPAL_BALANCE, AFFECTS_PRINCIPAL_DUE, AFFECTS_INTEREST_DUE, AFFECTS_ESCROW_DUE, AFFECTS_ESCROW_BALANCE, AFFECTS_NONESCROW_DUE, AFFECTS_NONESCROW_BALANCE, AFFECTS_BANK_REBATE, AFFECTS_CREDIT_LIFE_DUE, AFFECTS_CREDIT_LIFE_PREMIUM, AFFECTS_CREDIT_LIFE_REBATE, AFFECTS_ACC_HEALTH_DUE, AFFECTS_ACC_HEALTH_PREMIUM, AFFECTS_ACC_HEALTH_REBATE, AFFECTS_OTHER_FEE_DUE, AFFECTS_COLLATERAL_INS_DUE, AFFECTS_COLLATERAL_INS_PREMIUM, AFFECTS_COLLATERAL_INS_REBATE, AFFECTS_UNAPPLIED_FUND, AFFECTS_PARTIAL_PAYMENT, AFFECTS_COLL_LATE_CHARGE, AFFECTS_UNCOLL_LATE_CHARGE, AFFECTS_WAIVED_LATE_CHARGE, AFFECTS_DATE_LAST_TRANSACTION, AFFECTS_DATE_NEXT_DUE, AFFECTS_LINE_OF_CREDIT, AFFECTS_UNUSED_LINE_OF_CREDIT, AFFECTS_NET_PAYOFF, AFFECTS_PAYMENT_MAID, AFFECTS_RETURNED_CHECKS, AFFECTS_INTEREST_YTD, AFFECTS_INTEREST_MTD, AFFECTS_INTEREST_LTD, AFFECTS_ACCRUED_INTEREST, AFFECTS_LOAN_STATUS, AFFECTS_PAYOUT_CODE, AFFECTS_DATE_CLOSED, AFFECTS_NEXTESCROWDISBURSEDATE, AFFECTS_PRINCIPAL_PAID_TO_DATE, AFFECTS_INTEREST_PAID_TO_DATE, AFFECTS_FUTURE_PAYMENT_COUNT) 
--    VALUES(1744, '1', '744', '208', 0, 0, 0, 0, 0, 0, 0, 0, 0, 0, 0, 0, 0, 0, 0, 0, 0, 0, 0, 0, 0, 0, 0, 0, 0, 0, 0, 0, 0, 0, 0, 0, 0, 0, 0, 0, 0, 0, 0, 0, 0, 0, 0);
--
--UPDATE LOAN_LEDGER_POSTING_PARAMETERS SET 
--AFFECTS_DATE_LAST_ACTIVITY=1,AFFECTS_PRINCIPAL_BALANCE=1,AFFECTS_ORIG_LOAN_BALANCE=1,AFFECTS_INTEREST_DUE=1,
--AFFECTS_OTHER_FEE_DUE=1,AFFECTS_COLL_LATE_CHARGE=1,AFFECTS_UNCOLL_LATE_CHARGE=1,
--AFFECTS_DATE_LAST_TRANSACTION=1,AFFECTS_NET_PAYOFF=1,AFFECTS_INTEREST_YTD=1,
--AFFECTS_INTEREST_MTD=1,AFFECTS_INTEREST_LTD=1,AFFECTS_ACCRUED_INTEREST=1,AFFECTS_LOAN_STATUS=1,
--AFFECTS_DATE_CLOSED=1,AFFECTS_PAYOUT_CODE=1 WHERE UNIQUE_ID=1744;
--
--INSERT INTO LOAN_LEDGER_POSTING_PARAMETERS(UNIQUE_ID, INSTITUTION_ID, ENTRY_TYPE_ID, ACCOUNT_TYPE_ID, AFFECTS_DATE_LAST_ACTIVITY, AFFECTS_ORIG_LOAN_BALANCE, AFFECTS_PRINCIPAL_BALANCE, AFFECTS_PRINCIPAL_DUE, AFFECTS_INTEREST_DUE, AFFECTS_ESCROW_DUE, AFFECTS_ESCROW_BALANCE, AFFECTS_NONESCROW_DUE, AFFECTS_NONESCROW_BALANCE, AFFECTS_BANK_REBATE, AFFECTS_CREDIT_LIFE_DUE, AFFECTS_CREDIT_LIFE_PREMIUM, AFFECTS_CREDIT_LIFE_REBATE, AFFECTS_ACC_HEALTH_DUE, AFFECTS_ACC_HEALTH_PREMIUM, AFFECTS_ACC_HEALTH_REBATE, AFFECTS_OTHER_FEE_DUE, AFFECTS_COLLATERAL_INS_DUE, AFFECTS_COLLATERAL_INS_PREMIUM, AFFECTS_COLLATERAL_INS_REBATE, AFFECTS_UNAPPLIED_FUND, AFFECTS_PARTIAL_PAYMENT, AFFECTS_COLL_LATE_CHARGE, AFFECTS_UNCOLL_LATE_CHARGE, AFFECTS_WAIVED_LATE_CHARGE, AFFECTS_DATE_LAST_TRANSACTION, AFFECTS_DATE_NEXT_DUE, AFFECTS_LINE_OF_CREDIT, AFFECTS_UNUSED_LINE_OF_CREDIT, AFFECTS_NET_PAYOFF, AFFECTS_PAYMENT_MAID, AFFECTS_RETURNED_CHECKS, AFFECTS_INTEREST_YTD, AFFECTS_INTEREST_MTD, AFFECTS_INTEREST_LTD, AFFECTS_ACCRUED_INTEREST, AFFECTS_LOAN_STATUS, AFFECTS_PAYOUT_CODE, AFFECTS_DATE_CLOSED, AFFECTS_NEXTESCROWDISBURSEDATE, AFFECTS_PRINCIPAL_PAID_TO_DATE, AFFECTS_INTEREST_PAID_TO_DATE, AFFECTS_FUTURE_PAYMENT_COUNT) 
--    VALUES(17010, '1', '701', '208', 0, 0, 0, 0, 0, 0, 0, 0, 0, 0, 0, 0, 0, 0, 0, 0, 0, 0, 0, 0, 0, 0, 0, 0, 0, 0, 0, 0, 0, 0, 0, 0, 0, 0, 0, 0, 0, 0, 0, 0, 0, 0, 0);
--
--UPDATE LOAN_LEDGER_POSTING_PARAMETERS SET 
--AFFECTS_DATE_LAST_ACTIVITY=1,AFFECTS_PRINCIPAL_BALANCE=1,
--AFFECTS_DATE_LAST_TRANSACTION=1,AFFECTS_DATE_NEXT_DUE=1,AFFECTS_NET_PAYOFF=1,AFFECTS_LOAN_STATUS=1
--WHERE UNIQUE_ID=17010;
--
--INSERT INTO LOAN_LEDGER_POSTING_PARAMETERS(UNIQUE_ID, INSTITUTION_ID, ENTRY_TYPE_ID, ACCOUNT_TYPE_ID, AFFECTS_DATE_LAST_ACTIVITY, AFFECTS_ORIG_LOAN_BALANCE, AFFECTS_PRINCIPAL_BALANCE, AFFECTS_PRINCIPAL_DUE, AFFECTS_INTEREST_DUE, AFFECTS_ESCROW_DUE, AFFECTS_ESCROW_BALANCE, AFFECTS_NONESCROW_DUE, AFFECTS_NONESCROW_BALANCE, AFFECTS_BANK_REBATE, AFFECTS_CREDIT_LIFE_DUE, AFFECTS_CREDIT_LIFE_PREMIUM, AFFECTS_CREDIT_LIFE_REBATE, AFFECTS_ACC_HEALTH_DUE, AFFECTS_ACC_HEALTH_PREMIUM, AFFECTS_ACC_HEALTH_REBATE, AFFECTS_OTHER_FEE_DUE, AFFECTS_COLLATERAL_INS_DUE, AFFECTS_COLLATERAL_INS_PREMIUM, AFFECTS_COLLATERAL_INS_REBATE, AFFECTS_UNAPPLIED_FUND, AFFECTS_PARTIAL_PAYMENT, AFFECTS_COLL_LATE_CHARGE, AFFECTS_UNCOLL_LATE_CHARGE, AFFECTS_WAIVED_LATE_CHARGE, AFFECTS_DATE_LAST_TRANSACTION, AFFECTS_DATE_NEXT_DUE, AFFECTS_LINE_OF_CREDIT, AFFECTS_UNUSED_LINE_OF_CREDIT, AFFECTS_NET_PAYOFF, AFFECTS_PAYMENT_MAID, AFFECTS_RETURNED_CHECKS, AFFECTS_INTEREST_YTD, AFFECTS_INTEREST_MTD, AFFECTS_INTEREST_LTD, AFFECTS_ACCRUED_INTEREST, AFFECTS_LOAN_STATUS, AFFECTS_PAYOUT_CODE, AFFECTS_DATE_CLOSED, AFFECTS_NEXTESCROWDISBURSEDATE, AFFECTS_PRINCIPAL_PAID_TO_DATE, AFFECTS_INTEREST_PAID_TO_DATE, AFFECTS_FUTURE_PAYMENT_COUNT) 
--    VALUES(1751, '1', '751', '208', 0, 0, 0, 0, 0, 0, 0, 0, 0, 0, 0, 0, 0, 0, 0, 0, 0, 0, 0, 0, 0, 0, 0, 0, 0, 0, 0, 0, 0, 0, 0, 0, 0, 0, 0, 0, 0, 0, 0, 0, 0, 0, 0);
--
--UPDATE LOAN_LEDGER_POSTING_PARAMETERS SET 
--AFFECTS_DATE_LAST_ACTIVITY=1,AFFECTS_PRINCIPAL_BALANCE=1,
--AFFECTS_DATE_LAST_TRANSACTION=1,AFFECTS_UNUSED_LINE_OF_CREDIT=1,
--AFFECTS_NET_PAYOFF=1 WHERE UNIQUE_ID=1751;
--
--INSERT INTO LOAN_LEDGER_POSTING_PARAMETERS(UNIQUE_ID, INSTITUTION_ID, ENTRY_TYPE_ID, ACCOUNT_TYPE_ID, AFFECTS_DATE_LAST_ACTIVITY, AFFECTS_ORIG_LOAN_BALANCE, AFFECTS_PRINCIPAL_BALANCE, AFFECTS_PRINCIPAL_DUE, AFFECTS_INTEREST_DUE, AFFECTS_ESCROW_DUE, AFFECTS_ESCROW_BALANCE, AFFECTS_NONESCROW_DUE, AFFECTS_NONESCROW_BALANCE, AFFECTS_BANK_REBATE, AFFECTS_CREDIT_LIFE_DUE, AFFECTS_CREDIT_LIFE_PREMIUM, AFFECTS_CREDIT_LIFE_REBATE, AFFECTS_ACC_HEALTH_DUE, AFFECTS_ACC_HEALTH_PREMIUM, AFFECTS_ACC_HEALTH_REBATE, AFFECTS_OTHER_FEE_DUE, AFFECTS_COLLATERAL_INS_DUE, AFFECTS_COLLATERAL_INS_PREMIUM, AFFECTS_COLLATERAL_INS_REBATE, AFFECTS_UNAPPLIED_FUND, AFFECTS_PARTIAL_PAYMENT, AFFECTS_COLL_LATE_CHARGE, AFFECTS_UNCOLL_LATE_CHARGE, AFFECTS_WAIVED_LATE_CHARGE, AFFECTS_DATE_LAST_TRANSACTION, AFFECTS_DATE_NEXT_DUE, AFFECTS_LINE_OF_CREDIT, AFFECTS_UNUSED_LINE_OF_CREDIT, AFFECTS_NET_PAYOFF, AFFECTS_PAYMENT_MAID, AFFECTS_RETURNED_CHECKS, AFFECTS_INTEREST_YTD, AFFECTS_INTEREST_MTD, AFFECTS_INTEREST_LTD, AFFECTS_ACCRUED_INTEREST, AFFECTS_LOAN_STATUS, AFFECTS_PAYOUT_CODE, AFFECTS_DATE_CLOSED, AFFECTS_NEXTESCROWDISBURSEDATE, AFFECTS_PRINCIPAL_PAID_TO_DATE, AFFECTS_INTEREST_PAID_TO_DATE, AFFECTS_FUTURE_PAYMENT_COUNT) 
--    VALUES(1736, '1', '736', '208', 0, 0, 0, 0, 0, 0, 0, 0, 0, 0, 0, 0, 0, 0, 0, 0, 0, 0, 0, 0, 0, 0, 0, 0, 0, 0, 0, 0, 0, 0, 0, 0, 0, 0, 0, 0, 0, 0, 0, 0, 0, 0, 0);
--
--UPDATE LOAN_LEDGER_POSTING_PARAMETERS SET 
--AFFECTS_DATE_LAST_ACTIVITY=1,AFFECTS_CREDIT_LIFE_DUE=1,
--AFFECTS_DATE_LAST_TRANSACTION=1,
--AFFECTS_NET_PAYOFF=1 WHERE UNIQUE_ID=1736;
--
--INSERT INTO LOAN_LEDGER_POSTING_PARAMETERS(UNIQUE_ID, INSTITUTION_ID, ENTRY_TYPE_ID, ACCOUNT_TYPE_ID, AFFECTS_DATE_LAST_ACTIVITY, AFFECTS_ORIG_LOAN_BALANCE, AFFECTS_PRINCIPAL_BALANCE, AFFECTS_PRINCIPAL_DUE, AFFECTS_INTEREST_DUE, AFFECTS_ESCROW_DUE, AFFECTS_ESCROW_BALANCE, AFFECTS_NONESCROW_DUE, AFFECTS_NONESCROW_BALANCE, AFFECTS_BANK_REBATE, AFFECTS_CREDIT_LIFE_DUE, AFFECTS_CREDIT_LIFE_PREMIUM, AFFECTS_CREDIT_LIFE_REBATE, AFFECTS_ACC_HEALTH_DUE, AFFECTS_ACC_HEALTH_PREMIUM, AFFECTS_ACC_HEALTH_REBATE, AFFECTS_OTHER_FEE_DUE, AFFECTS_COLLATERAL_INS_DUE, AFFECTS_COLLATERAL_INS_PREMIUM, AFFECTS_COLLATERAL_INS_REBATE, AFFECTS_UNAPPLIED_FUND, AFFECTS_PARTIAL_PAYMENT, AFFECTS_COLL_LATE_CHARGE, AFFECTS_UNCOLL_LATE_CHARGE, AFFECTS_WAIVED_LATE_CHARGE, AFFECTS_DATE_LAST_TRANSACTION, AFFECTS_DATE_NEXT_DUE, AFFECTS_LINE_OF_CREDIT, AFFECTS_UNUSED_LINE_OF_CREDIT, AFFECTS_NET_PAYOFF, AFFECTS_PAYMENT_MAID, AFFECTS_RETURNED_CHECKS, AFFECTS_INTEREST_YTD, AFFECTS_INTEREST_MTD, AFFECTS_INTEREST_LTD, AFFECTS_ACCRUED_INTEREST, AFFECTS_LOAN_STATUS, AFFECTS_PAYOUT_CODE, AFFECTS_DATE_CLOSED, AFFECTS_NEXTESCROWDISBURSEDATE, AFFECTS_PRINCIPAL_PAID_TO_DATE, AFFECTS_INTEREST_PAID_TO_DATE, AFFECTS_FUTURE_PAYMENT_COUNT) 
--    VALUES(1737, '1', '737', '208', 0, 0, 0, 0, 0, 0, 0, 0, 0, 0, 0, 0, 0, 0, 0, 0, 0, 0, 0, 0, 0, 0, 0, 0, 0, 0, 0, 0, 0, 0, 0, 0, 0, 0, 0, 0, 0, 0, 0, 0, 0, 0, 0);
--
--UPDATE LOAN_LEDGER_POSTING_PARAMETERS SET 
--AFFECTS_DATE_LAST_ACTIVITY=1,AFFECTS_ACC_HEALTH_DUE=1,
--AFFECTS_DATE_LAST_TRANSACTION=1,
--AFFECTS_NET_PAYOFF=1 WHERE UNIQUE_ID=1737;
--
--INSERT INTO LOAN_LEDGER_POSTING_PARAMETERS(UNIQUE_ID, INSTITUTION_ID, ENTRY_TYPE_ID, ACCOUNT_TYPE_ID, AFFECTS_DATE_LAST_ACTIVITY, AFFECTS_ORIG_LOAN_BALANCE, AFFECTS_PRINCIPAL_BALANCE, AFFECTS_PRINCIPAL_DUE, AFFECTS_INTEREST_DUE, AFFECTS_ESCROW_DUE, AFFECTS_ESCROW_BALANCE, AFFECTS_NONESCROW_DUE, AFFECTS_NONESCROW_BALANCE, AFFECTS_BANK_REBATE, AFFECTS_CREDIT_LIFE_DUE, AFFECTS_CREDIT_LIFE_PREMIUM, AFFECTS_CREDIT_LIFE_REBATE, AFFECTS_ACC_HEALTH_DUE, AFFECTS_ACC_HEALTH_PREMIUM, AFFECTS_ACC_HEALTH_REBATE, AFFECTS_OTHER_FEE_DUE, AFFECTS_COLLATERAL_INS_DUE, AFFECTS_COLLATERAL_INS_PREMIUM, AFFECTS_COLLATERAL_INS_REBATE, AFFECTS_UNAPPLIED_FUND, AFFECTS_PARTIAL_PAYMENT, AFFECTS_COLL_LATE_CHARGE, AFFECTS_UNCOLL_LATE_CHARGE, AFFECTS_WAIVED_LATE_CHARGE, AFFECTS_DATE_LAST_TRANSACTION, AFFECTS_DATE_NEXT_DUE, AFFECTS_LINE_OF_CREDIT, AFFECTS_UNUSED_LINE_OF_CREDIT, AFFECTS_NET_PAYOFF, AFFECTS_PAYMENT_MAID, AFFECTS_RETURNED_CHECKS, AFFECTS_INTEREST_YTD, AFFECTS_INTEREST_MTD, AFFECTS_INTEREST_LTD, AFFECTS_ACCRUED_INTEREST, AFFECTS_LOAN_STATUS, AFFECTS_PAYOUT_CODE, AFFECTS_DATE_CLOSED, AFFECTS_NEXTESCROWDISBURSEDATE, AFFECTS_PRINCIPAL_PAID_TO_DATE, AFFECTS_INTEREST_PAID_TO_DATE, AFFECTS_FUTURE_PAYMENT_COUNT) 
--    VALUES(1732, '1', '732', '208', 0, 0, 0, 0, 0, 0, 0, 0, 0, 0, 0, 0, 0, 0, 0, 0, 0, 0, 0, 0, 0, 0, 0, 0, 0, 0, 0, 0, 0, 0, 0, 0, 0, 0, 0, 0, 0, 0, 0, 0, 0, 0, 0);
--
--UPDATE LOAN_LEDGER_POSTING_PARAMETERS SET 
--AFFECTS_DATE_LAST_ACTIVITY=1,AFFECTS_INTEREST_DUE=1,
--AFFECTS_DATE_LAST_TRANSACTION=1,AFFECTS_INTEREST_YTD=1,AFFECTS_INTEREST_MTD=1,
--AFFECTS_INTEREST_LTD=1,AFFECTS_ACCRUED_INTEREST=1,
--AFFECTS_NET_PAYOFF=1 WHERE UNIQUE_ID=1732;
--
--INSERT INTO LOAN_LEDGER_POSTING_PARAMETERS(UNIQUE_ID, INSTITUTION_ID, ENTRY_TYPE_ID, ACCOUNT_TYPE_ID, AFFECTS_DATE_LAST_ACTIVITY, AFFECTS_ORIG_LOAN_BALANCE, AFFECTS_PRINCIPAL_BALANCE, AFFECTS_PRINCIPAL_DUE, AFFECTS_INTEREST_DUE, AFFECTS_ESCROW_DUE, AFFECTS_ESCROW_BALANCE, AFFECTS_NONESCROW_DUE, AFFECTS_NONESCROW_BALANCE, AFFECTS_BANK_REBATE, AFFECTS_CREDIT_LIFE_DUE, AFFECTS_CREDIT_LIFE_PREMIUM, AFFECTS_CREDIT_LIFE_REBATE, AFFECTS_ACC_HEALTH_DUE, AFFECTS_ACC_HEALTH_PREMIUM, AFFECTS_ACC_HEALTH_REBATE, AFFECTS_OTHER_FEE_DUE, AFFECTS_COLLATERAL_INS_DUE, AFFECTS_COLLATERAL_INS_PREMIUM, AFFECTS_COLLATERAL_INS_REBATE, AFFECTS_UNAPPLIED_FUND, AFFECTS_PARTIAL_PAYMENT, AFFECTS_COLL_LATE_CHARGE, AFFECTS_UNCOLL_LATE_CHARGE, AFFECTS_WAIVED_LATE_CHARGE, AFFECTS_DATE_LAST_TRANSACTION, AFFECTS_DATE_NEXT_DUE, AFFECTS_LINE_OF_CREDIT, AFFECTS_UNUSED_LINE_OF_CREDIT, AFFECTS_NET_PAYOFF, AFFECTS_PAYMENT_MAID, AFFECTS_RETURNED_CHECKS, AFFECTS_INTEREST_YTD, AFFECTS_INTEREST_MTD, AFFECTS_INTEREST_LTD, AFFECTS_ACCRUED_INTEREST, AFFECTS_LOAN_STATUS, AFFECTS_PAYOUT_CODE, AFFECTS_DATE_CLOSED, AFFECTS_NEXTESCROWDISBURSEDATE, AFFECTS_PRINCIPAL_PAID_TO_DATE, AFFECTS_INTEREST_PAID_TO_DATE, AFFECTS_FUTURE_PAYMENT_COUNT) 
--    VALUES(1725, '1', '725', '208', 0, 0, 0, 0, 0, 0, 0, 0, 0, 0, 0, 0, 0, 0, 0, 0, 0, 0, 0, 0, 0, 0, 0, 0, 0, 0, 0, 0, 0, 0, 0, 0, 0, 0, 0, 0, 0, 0, 0, 0, 0, 0, 0);
--
--UPDATE LOAN_LEDGER_POSTING_PARAMETERS SET 
--AFFECTS_DATE_LAST_ACTIVITY=1,AFFECTS_PRINCIPAL_BALANCE=1,AFFECTS_PRINCIPAL_DUE=1,AFFECTS_INTEREST_DUE=1,
--AFFECTS_CREDIT_LIFE_DUE=1,AFFECTS_ACC_HEALTH_DUE=1,AFFECTS_OTHER_FEE_DUE=1,
--AFFECTS_COLL_LATE_CHARGE=1,AFFECTS_UNCOLL_LATE_CHARGE=1,AFFECTS_DATE_LAST_TRANSACTION=1,AFFECTS_DATE_NEXT_DUE=1,
--AFFECTS_NET_PAYOFF=1,AFFECTS_PAYMENT_MAID=1,AFFECTS_INTEREST_YTD=1,AFFECTS_INTEREST_MTD=1,
--AFFECTS_INTEREST_LTD=1,AFFECTS_ACCRUED_INTEREST=1,AFFECTS_INTEREST_PAID_TO_DATE=1,AFFECTS_PRINCIPAL_PAID_TO_DATE=1
--WHERE UNIQUE_ID=1725;
--
--INSERT INTO LOAN_LEDGER_POSTING_PARAMETERS(UNIQUE_ID, INSTITUTION_ID, ENTRY_TYPE_ID, ACCOUNT_TYPE_ID, AFFECTS_DATE_LAST_ACTIVITY, AFFECTS_ORIG_LOAN_BALANCE, AFFECTS_PRINCIPAL_BALANCE, AFFECTS_PRINCIPAL_DUE, AFFECTS_INTEREST_DUE, AFFECTS_ESCROW_DUE, AFFECTS_ESCROW_BALANCE, AFFECTS_NONESCROW_DUE, AFFECTS_NONESCROW_BALANCE, AFFECTS_BANK_REBATE, AFFECTS_CREDIT_LIFE_DUE, AFFECTS_CREDIT_LIFE_PREMIUM, AFFECTS_CREDIT_LIFE_REBATE, AFFECTS_ACC_HEALTH_DUE, AFFECTS_ACC_HEALTH_PREMIUM, AFFECTS_ACC_HEALTH_REBATE, AFFECTS_OTHER_FEE_DUE, AFFECTS_COLLATERAL_INS_DUE, AFFECTS_COLLATERAL_INS_PREMIUM, AFFECTS_COLLATERAL_INS_REBATE, AFFECTS_UNAPPLIED_FUND, AFFECTS_PARTIAL_PAYMENT, AFFECTS_COLL_LATE_CHARGE, AFFECTS_UNCOLL_LATE_CHARGE, AFFECTS_WAIVED_LATE_CHARGE, AFFECTS_DATE_LAST_TRANSACTION, AFFECTS_DATE_NEXT_DUE, AFFECTS_LINE_OF_CREDIT, AFFECTS_UNUSED_LINE_OF_CREDIT, AFFECTS_NET_PAYOFF, AFFECTS_PAYMENT_MAID, AFFECTS_RETURNED_CHECKS, AFFECTS_INTEREST_YTD, AFFECTS_INTEREST_MTD, AFFECTS_INTEREST_LTD, AFFECTS_ACCRUED_INTEREST, AFFECTS_LOAN_STATUS, AFFECTS_PAYOUT_CODE, AFFECTS_DATE_CLOSED, AFFECTS_NEXTESCROWDISBURSEDATE, AFFECTS_PRINCIPAL_PAID_TO_DATE, AFFECTS_INTEREST_PAID_TO_DATE, AFFECTS_FUTURE_PAYMENT_COUNT) 
--    VALUES(1728, '1', '728', '208', 0, 0, 0, 0, 0, 0, 0, 0, 0, 0, 0, 0, 0, 0, 0, 0, 0, 0, 0, 0, 0, 0, 0, 0, 0, 0, 0, 0, 0, 0, 0, 0, 0, 0, 0, 0, 0, 0, 0, 0, 0, 0, 0);
--
--UPDATE LOAN_LEDGER_POSTING_PARAMETERS SET 
--AFFECTS_DATE_LAST_ACTIVITY=1,AFFECTS_PRINCIPAL_BALANCE=1,AFFECTS_PRINCIPAL_DUE=1,
--AFFECTS_INTEREST_DUE=1,AFFECTS_CREDIT_LIFE_DUE=1,AFFECTS_ACC_HEALTH_DUE=1,AFFECTS_OTHER_FEE_DUE=1,
--AFFECTS_PARTIAL_PAYMENT=1,AFFECTS_COLL_LATE_CHARGE=1,AFFECTS_UNCOLL_LATE_CHARGE=1,
--AFFECTS_DATE_LAST_TRANSACTION=1,AFFECTS_DATE_NEXT_DUE=1,AFFECTS_NET_PAYOFF=1,
--AFFECTS_PAYMENT_MAID=1,AFFECTS_INTEREST_YTD=1,AFFECTS_INTEREST_MTD=1,AFFECTS_INTEREST_LTD=1,
--AFFECTS_ACCRUED_INTEREST=1,AFFECTS_FUTURE_PAYMENT_COUNT=1,AFFECTS_INTEREST_PAID_TO_DATE=1,AFFECTS_PRINCIPAL_PAID_TO_DATE=1
--WHERE UNIQUE_ID=1728;
--
--INSERT INTO LOAN_LEDGER_POSTING_PARAMETERS(UNIQUE_ID, INSTITUTION_ID, ENTRY_TYPE_ID, ACCOUNT_TYPE_ID, AFFECTS_DATE_LAST_ACTIVITY, AFFECTS_ORIG_LOAN_BALANCE, AFFECTS_PRINCIPAL_BALANCE, AFFECTS_PRINCIPAL_DUE, AFFECTS_INTEREST_DUE, AFFECTS_ESCROW_DUE, AFFECTS_ESCROW_BALANCE, AFFECTS_NONESCROW_DUE, AFFECTS_NONESCROW_BALANCE, AFFECTS_BANK_REBATE, AFFECTS_CREDIT_LIFE_DUE, AFFECTS_CREDIT_LIFE_PREMIUM, AFFECTS_CREDIT_LIFE_REBATE, AFFECTS_ACC_HEALTH_DUE, AFFECTS_ACC_HEALTH_PREMIUM, AFFECTS_ACC_HEALTH_REBATE, AFFECTS_OTHER_FEE_DUE, AFFECTS_COLLATERAL_INS_DUE, AFFECTS_COLLATERAL_INS_PREMIUM, AFFECTS_COLLATERAL_INS_REBATE, AFFECTS_UNAPPLIED_FUND, AFFECTS_PARTIAL_PAYMENT, AFFECTS_COLL_LATE_CHARGE, AFFECTS_UNCOLL_LATE_CHARGE, AFFECTS_WAIVED_LATE_CHARGE, AFFECTS_DATE_LAST_TRANSACTION, AFFECTS_DATE_NEXT_DUE, AFFECTS_LINE_OF_CREDIT, AFFECTS_UNUSED_LINE_OF_CREDIT, AFFECTS_NET_PAYOFF, AFFECTS_PAYMENT_MAID, AFFECTS_RETURNED_CHECKS, AFFECTS_INTEREST_YTD, AFFECTS_INTEREST_MTD, AFFECTS_INTEREST_LTD, AFFECTS_ACCRUED_INTEREST, AFFECTS_LOAN_STATUS, AFFECTS_PAYOUT_CODE, AFFECTS_DATE_CLOSED, AFFECTS_NEXTESCROWDISBURSEDATE, AFFECTS_PRINCIPAL_PAID_TO_DATE, AFFECTS_INTEREST_PAID_TO_DATE, AFFECTS_FUTURE_PAYMENT_COUNT) 
--    VALUES(1799, '1', '799', '208', 0, 0, 0, 0, 0, 0, 0, 0, 0, 0, 0, 0, 0, 0, 0, 0, 0, 0, 0, 0, 0, 0, 0, 0, 0, 0, 0, 0, 0, 0, 0, 0, 0, 0, 0, 0, 0, 0, 0, 0, 0, 0, 0);
--
--
--UPDATE LOAN_LEDGER_POSTING_PARAMETERS SET 
--AFFECTS_DATE_LAST_ACTIVITY=1,AFFECTS_PRINCIPAL_BALANCE=1,AFFECTS_PRINCIPAL_DUE=1,AFFECTS_INTEREST_DUE=1,
--AFFECTS_CREDIT_LIFE_DUE=1,AFFECTS_ACC_HEALTH_DUE=1,AFFECTS_OTHER_FEE_DUE=1,AFFECTS_UNAPPLIED_FUND=1,
--AFFECTS_PARTIAL_PAYMENT=1,AFFECTS_COLL_LATE_CHARGE=1,AFFECTS_UNCOLL_LATE_CHARGE=1,AFFECTS_DATE_LAST_TRANSACTION=1,
--AFFECTS_DATE_NEXT_DUE=1,AFFECTS_NET_PAYOFF=1,AFFECTS_PAYMENT_MAID=1,AFFECTS_INTEREST_YTD=1,AFFECTS_INTEREST_MTD=1,
--AFFECTS_INTEREST_LTD=1,AFFECTS_ACCRUED_INTEREST=1,AFFECTS_FUTURE_PAYMENT_COUNT=1,
--AFFECTS_INTEREST_PAID_TO_DATE=1
--WHERE UNIQUE_ID=1799;

alter table LOAN_LEDGER_POSTING_PARAMETERS add
affects_date_previous_activity number(1);
update LOAN_LEDGER_POSTING_PARAMETERS set affects_date_previous_activity=1;

-- adding new field  for sr1 rebate
alter table LOAN_LEDGER_POSTING_PARAMETERS add
affects_special_res_rebate_1 number(1);
update LOAN_LEDGER_POSTING_PARAMETERS set affects_special_res_rebate_1=0;
--update LOAN_LEDGER_POSTING_PARAMETERS set affects_special_res_rebate_1=1
--where UNIQUE_ID=1544;

-- adding new field  for sr2 rebate
alter table LOAN_LEDGER_POSTING_PARAMETERS add affects_special_res_rebate_2 number(1);

update LOAN_LEDGER_POSTING_PARAMETERS set affects_special_res_rebate_2=0;

--update LOAN_LEDGER_POSTING_PARAMETERS set affects_special_res_rebate_2=1 where UNIQUE_ID=1544;

--LOAN_ENTRY_TYPE
-------------------------

INSERT INTO LOAN_ENTRY_TYPE(UNIQUE_ID, ID, INSTITUTION_ID,
ACCOUNT_CATEGORY, ACCOUNT_TYPE_ID, TRAN_TYPE_GROUP_ID,
 EVENT_TYPE_ID, DISTRIBUTION_RULE_ID, DEBIT_OR_CREDIT, DESCRIPTION,
IS_MONETARY)
    VALUES(17110, '7110', null, 'LOAN', '208', 'REGULAR', '12,1', 7110, 1,
'Curtailment -True', 0);
INSERT INTO LOAN_ENTRY_TYPE(UNIQUE_ID, ID, INSTITUTION_ID,
ACCOUNT_CATEGORY, ACCOUNT_TYPE_ID, TRAN_TYPE_GROUP_ID,
 EVENT_TYPE_ID, DISTRIBUTION_RULE_ID, DEBIT_OR_CREDIT, DESCRIPTION,
IS_MONETARY)
    VALUES(17111, '7111', null, 'LOAN', '208', 'REGULAR', '16', 7111, 1,
'Late Chagre Payment', 0);





--INSERT INTO LOAN_LEDGER_POSTING_PARAMETERS(UNIQUE_ID, INSTITUTION_ID,
--ENTRY_TYPE_ID, ACCOUNT_TYPE_ID, AFFECTS_DATE_LAST_ACTIVITY,
--AFFECTS_ORIG_LOAN_BALANCE, AFFECTS_PRINCIPAL_BALANCE,
--AFFECTS_PRINCIPAL_DUE, AFFECTS_INTEREST_DUE, AFFECTS_ESCROW_DUE,
--AFFECTS_ESCROW_BALANCE, AFFECTS_NONESCROW_DUE,
--AFFECTS_NONESCROW_BALANCE, AFFECTS_BANK_REBATE, AFFECTS_CREDIT_LIFE_DUE,
--AFFECTS_CREDIT_LIFE_PREMIUM, AFFECTS_CREDIT_LIFE_REBATE,
--AFFECTS_ACC_HEALTH_DUE, AFFECTS_ACC_HEALTH_PREMIUM,
--AFFECTS_ACC_HEALTH_REBATE, AFFECTS_OTHER_FEE_DUE,
--AFFECTS_COLLATERAL_INS_DUE, AFFECTS_COLLATERAL_INS_PREMIUM,
--AFFECTS_COLLATERAL_INS_REBATE, AFFECTS_UNAPPLIED_FUND,
--AFFECTS_PARTIAL_PAYMENT, AFFECTS_COLL_LATE_CHARGE,
--AFFECTS_UNCOLL_LATE_CHARGE, AFFECTS_WAIVED_LATE_CHARGE,
--AFFECTS_DATE_LAST_TRANSACTION, AFFECTS_DATE_NEXT_DUE,
--AFFECTS_LINE_OF_CREDIT, AFFECTS_UNUSED_LINE_OF_CREDIT,
--AFFECTS_NET_PAYOFF, AFFECTS_PAYMENT_MAID, AFFECTS_RETURNED_CHECKS,
--AFFECTS_INTEREST_YTD, AFFECTS_INTEREST_MTD, AFFECTS_INTEREST_LTD,
--AFFECTS_ACCRUED_INTEREST, AFFECTS_LOAN_STATUS, AFFECTS_PAYOUT_CODE,
--AFFECTS_DATE_CLOSED, AFFECTS_NEXTESCROWDISBURSEDATE,
--AFFECTS_PRINCIPAL_PAID_TO_DATE, AFFECTS_INTEREST_PAID_TO_DATE,
--AFFECTS_FUTURE_PAYMENT_COUNT)
--    VALUES(17110, '1', '7110', '208', 0, 0, 0, 0, 0, 0, 0, 0, 0, 0, 0, 0,
--0, 0, 0, 0, 0, 0, 0, 0, 0, 0, 0, 0, 0, 0, 0, 0, 0, 0, 0, 0, 0, 0, 0, 0,
--0, 0, 0, 0, 0, 0, 0);
--
--UPDATE LOAN_LEDGER_POSTING_PARAMETERS SET
--AFFECTS_DATE_LAST_ACTIVITY=1,AFFECTS_PRINCIPAL_BALANCE=1,AFFECTS_DATE_LAST_TRANSACTION=1
--WHERE UNIQUE_ID=17110;
--
--INSERT INTO LOAN_LEDGER_POSTING_PARAMETERS(UNIQUE_ID, INSTITUTION_ID,
--ENTRY_TYPE_ID, ACCOUNT_TYPE_ID, AFFECTS_DATE_LAST_ACTIVITY,
--AFFECTS_ORIG_LOAN_BALANCE, AFFECTS_PRINCIPAL_BALANCE,
--AFFECTS_PRINCIPAL_DUE, AFFECTS_INTEREST_DUE, AFFECTS_ESCROW_DUE,
--AFFECTS_ESCROW_BALANCE, AFFECTS_NONESCROW_DUE,
--AFFECTS_NONESCROW_BALANCE, AFFECTS_BANK_REBATE, AFFECTS_CREDIT_LIFE_DUE,
--AFFECTS_CREDIT_LIFE_PREMIUM, AFFECTS_CREDIT_LIFE_REBATE,
--AFFECTS_ACC_HEALTH_DUE, AFFECTS_ACC_HEALTH_PREMIUM,
--AFFECTS_ACC_HEALTH_REBATE, AFFECTS_OTHER_FEE_DUE,
--AFFECTS_COLLATERAL_INS_DUE, AFFECTS_COLLATERAL_INS_PREMIUM,
--AFFECTS_COLLATERAL_INS_REBATE, AFFECTS_UNAPPLIED_FUND,
--AFFECTS_PARTIAL_PAYMENT, AFFECTS_COLL_LATE_CHARGE,
--AFFECTS_UNCOLL_LATE_CHARGE, AFFECTS_WAIVED_LATE_CHARGE,
--AFFECTS_DATE_LAST_TRANSACTION, AFFECTS_DATE_NEXT_DUE,
--AFFECTS_LINE_OF_CREDIT, AFFECTS_UNUSED_LINE_OF_CREDIT,
--AFFECTS_NET_PAYOFF, AFFECTS_PAYMENT_MAID, AFFECTS_RETURNED_CHECKS,
--AFFECTS_INTEREST_YTD, AFFECTS_INTEREST_MTD, AFFECTS_INTEREST_LTD,
--AFFECTS_ACCRUED_INTEREST, AFFECTS_LOAN_STATUS, AFFECTS_PAYOUT_CODE,
--AFFECTS_DATE_CLOSED, AFFECTS_NEXTESCROWDISBURSEDATE,
--AFFECTS_PRINCIPAL_PAID_TO_DATE, AFFECTS_INTEREST_PAID_TO_DATE,
--AFFECTS_FUTURE_PAYMENT_COUNT)
--    VALUES(17111, '1', '7111', '208', 0, 0, 0, 0, 0, 0, 0, 0, 0, 0, 0, 0,
--0, 0, 0, 0, 0, 0, 0, 0, 0, 0, 0, 0, 0, 0, 0, 0, 0, 0, 0, 0, 0, 0, 0, 0,
--0, 0, 0, 0, 0, 0, 0);
--
--UPDATE LOAN_LEDGER_POSTING_PARAMETERS SET
--AFFECTS_DATE_LAST_ACTIVITY=1,AFFECTS_PRINCIPAL_BALANCE=1,AFFECTS_DATE_LAST_TRANSACTION=1,
--AFFECTS_COLL_LATE_CHARGE=1,AFFECTS_UNCOLL_LATE_CHARGE=1
--WHERE UNIQUE_ID=17111;
--
----LOAN_LEDGER_POSTING_PARAMETERS
--INSERT INTO LOAN_LEDGER_POSTING_PARAMETERS(UNIQUE_ID, INSTITUTION_ID,
--ENTRY_TYPE_ID, ACCOUNT_TYPE_ID,
-- AFFECTS_DATE_LAST_ACTIVITY, AFFECTS_ORIG_LOAN_BALANCE,
--AFFECTS_PRINCIPAL_BALANCE, AFFECTS_PRINCIPAL_DUE,
-- AFFECTS_INTEREST_DUE, AFFECTS_ESCROW_DUE, AFFECTS_ESCROW_BALANCE,
--AFFECTS_NONESCROW_DUE, AFFECTS_NONESCROW_BALANCE,
--AFFECTS_BANK_REBATE, AFFECTS_CREDIT_LIFE_DUE,
--AFFECTS_CREDIT_LIFE_PREMIUM, AFFECTS_CREDIT_LIFE_REBATE,
-- AFFECTS_ACC_HEALTH_DUE, AFFECTS_ACC_HEALTH_PREMIUM,
--AFFECTS_ACC_HEALTH_REBATE, AFFECTS_OTHER_FEE_DUE,
--AFFECTS_COLLATERAL_INS_DUE, AFFECTS_COLLATERAL_INS_PREMIUM,
--AFFECTS_COLLATERAL_INS_REBATE, AFFECTS_UNAPPLIED_FUND,
--AFFECTS_PARTIAL_PAYMENT, AFFECTS_COLL_LATE_CHARGE,
--AFFECTS_UNCOLL_LATE_CHARGE, AFFECTS_WAIVED_LATE_CHARGE,
--AFFECTS_DATE_LAST_TRANSACTION, AFFECTS_DATE_NEXT_DUE,
--AFFECTS_LINE_OF_CREDIT, AFFECTS_UNUSED_LINE_OF_CREDIT,
--AFFECTS_NET_PAYOFF, AFFECTS_PAYMENT_MAID, AFFECTS_RETURNED_CHECKS,
--AFFECTS_INTEREST_YTD, AFFECTS_INTEREST_MTD,
--AFFECTS_INTEREST_LTD, AFFECTS_ACCRUED_INTEREST, AFFECTS_LOAN_STATUS,
--AFFECTS_PAYOUT_CODE, AFFECTS_DATE_CLOSED,
--AFFECTS_NEXTESCROWDISBURSEDATE, AFFECTS_PRINCIPAL_PAID_TO_DATE,
--AFFECTS_INTEREST_PAID_TO_DATE, AFFECTS_FUTURE_PAYMENT_COUNT)
--    VALUES(1512, '1', '512', '207', 0, 0, 0, 0, 0, 0, 0, 0, 0, 0, 0, 0,
--0, 0, 0, 0, 0, 0, 0, 0, 0, 0, 0, 0, 0, 0, 0, 0, 0,
--0, 0, 0, 0, 0, 0, 0, 0, 0, 0, 0, 0, 0, 0);
--
--UPDATE LOAN_LEDGER_POSTING_PARAMETERS SET AFFECTS_PRINCIPAL_BALANCE=1,
--AFFECTS_DATE_LAST_ACTIVITY=1,AFFECTS_DATE_LAST_TRANSACTION=1,
--AFFECTS_NET_PAYOFF=1,AFFECTS_LOAN_STATUS=1 WHERE UNIQUE_ID=1512;




INSERT INTO LOAN_ENTRY_TYPE(UNIQUE_ID, ID, INSTITUTION_ID,
ACCOUNT_CATEGORY, ACCOUNT_TYPE_ID, TRAN_TYPE_GROUP_ID, EVENT_TYPE_ID,
DISTRIBUTION_RULE_ID, DEBIT_OR_CREDIT, DESCRIPTION, IS_MONETARY)
    VALUES(1810, '10', null, 'LOAN', null, 'Dealer Interest', null, null,
'0', 'Dealer Interest', 1);

INSERT INTO LOAN_ENTRY_TYPE(UNIQUE_ID, ID, INSTITUTION_ID,
ACCOUNT_CATEGORY, ACCOUNT_TYPE_ID, TRAN_TYPE_GROUP_ID, EVENT_TYPE_ID,
DISTRIBUTION_RULE_ID, DEBIT_OR_CREDIT, DESCRIPTION, IS_MONETARY)
    VALUES(1910, '10', null, 'LOAN', null, 'Dealer Interest', null, null,
'1', 'Dealer Interest', 1);


ALTER TABLE LOAN_LEDGER_POSTING_PARAMETERS ADD AFFECTS_UNUSED_LCF_DUE NUMBER (1);
UPDATE LOAN_LEDGER_POSTING_PARAMETERS SET AFFECTS_UNUSED_LCF_DUE =0; 
--UPDATE LOAN_LEDGER_POSTING_PARAMETERS SET AFFECTS_UNUSED_LCF_DUE =1 WHERE UNIQUE_ID IN (1744,1725,1799,1728);

ALTER TABLE LOAN_LEDGER_POSTING_PARAMETERS ADD AFFECTS_PAYMENT_NUMBER NUMBER(1);
ALTER TABLE LOAN_LEDGER_POSTING_PARAMETERS ADD AFFECTS_ACCRUED_INTEREST_NET NUMBER(1);
ALTER TABLE LOAN_LEDGER_POSTING_PARAMETERS ADD AFFECTS_ACCRUED_INTEREST_MTD NUMBER(1);
ALTER TABLE LOAN_LEDGER_POSTING_PARAMETERS ADD AFFECTS_ACCRUED_INTEREST_YTD NUMBER(1);
ALTER TABLE LOAN_LEDGER_POSTING_PARAMETERS ADD AFFECTS_ACCUMULATED_INTEREST NUMBER(1);
ALTER TABLE LOAN_LEDGER_POSTING_PARAMETERS ADD AFFECTS_NEXT_NONESCDISBURDATE NUMBER(1);
ALTER TABLE LOAN_LEDGER_POSTING_PARAMETERS ADD AFFECTS_DEALER_RESERVE_REBATE NUMBER(1);
ALTER TABLE LOAN_LEDGER_POSTING_PARAMETERS ADD AFFECTS_DEALER_HOLDBACK_REBATE NUMBER(1);
ALTER TABLE LOAN_LEDGER_POSTING_PARAMETERS ADD AFFECTS_SPECIAL_RESERVE1 NUMBER(1);
ALTER TABLE LOAN_LEDGER_POSTING_PARAMETERS ADD AFFECTS_SPECIAL_RESERVE2 NUMBER(1);
ALTER TABLE LOAN_LEDGER_POSTING_PARAMETERS ADD AFFECTS_LAST_STMT_BALANCE NUMBER(1);
ALTER TABLE LOAN_LEDGER_POSTING_PARAMETERS ADD AFFECTS_LAST_STMT_DATE NUMBER(1);
ALTER TABLE LOAN_LEDGER_POSTING_PARAMETERS ADD AFFECTS_LAST_PAYMENT_DATE NUMBER(1);
ALTER TABLE LOAN_LEDGER_POSTING_PARAMETERS ADD AFFECTS_DEALER_INTEREST NUMBER(1);
ALTER TABLE LOAN_LEDGER_POSTING_PARAMETERS ADD AFFECTS_DEALER_ACCRUED_INT NUMBER(1);
ALTER TABLE LOAN_LEDGER_POSTING_PARAMETERS ADD AFFECTS_DEALER_ACCUMULATED_INT NUMBER(1);
ALTER TABLE LOAN_LEDGER_POSTING_PARAMETERS ADD AFFECTS_ACCRUED_CHARGE1 NUMBER(1);
ALTER TABLE LOAN_LEDGER_POSTING_PARAMETERS ADD AFFECTS_ACCUMULATED_CHARGE1 NUMBER(1);
ALTER TABLE LOAN_LEDGER_POSTING_PARAMETERS ADD AFFECTS_ACCRUED_CHARGE2 NUMBER(1);
ALTER TABLE LOAN_LEDGER_POSTING_PARAMETERS ADD AFFECTS_ACCUMULATED_CHARGE2 NUMBER(1);
ALTER TABLE LOAN_LEDGER_POSTING_PARAMETERS ADD AFFECTS_UNUSED_LINE_COMMIT_FEE NUMBER(1);
ALTER TABLE LOAN_LEDGER_POSTING_PARAMETERS ADD AFFECTS_ACCRDUNUSEDLINECOMMFEE NUMBER(1);
ALTER TABLE LOAN_LEDGER_POSTING_PARAMETERS ADD AFFECTS_ACCUMUNUSEDLINECOMMFEE NUMBER(1);
ALTER TABLE LOAN_LEDGER_POSTING_PARAMETERS ADD AFFECTS_LOW_BORROWING_YTD NUMBER(1);
ALTER TABLE LOAN_LEDGER_POSTING_PARAMETERS ADD AFFECTS_AGGREGATE_BAL_YTD NUMBER(1);
ALTER TABLE LOAN_LEDGER_POSTING_PARAMETERS ADD AFFECTS_TAX_PAID_YTD NUMBER(1);
ALTER TABLE LOAN_LEDGER_POSTING_PARAMETERS ADD AFFECTS_PRE_YEAR_TAX_PAID NUMBER(1);
ALTER TABLE LOAN_LEDGER_POSTING_PARAMETERS ADD AFFECTS_PRE_YEAR_INT_PAID NUMBER(1);

--UPDATE LOAN_LEDGER_POSTING_PARAMETERS SET AFFECTS_PAYMENT_NUMBER=1,AFFECTS_ACCRUED_INTEREST_NET=1 WHERE UNIQUE_ID IN (11101);
--UPDATE LOAN_LEDGER_POSTING_PARAMETERS SET 
--AFFECTS_ACCRUED_INTEREST_MTD=1,AFFECTS_ACCRUED_INTEREST_YTD=1,AFFECTS_ACCUMULATED_INTEREST=1 
--WHERE UNIQUE_ID IN (1751,1732,1725,1728);

--UPDATE LOAN_LEDGER_POSTING_PARAMETERS SET 
--AFFECTS_DEALER_RESERVE_REBATE=1,AFFECTS_DEALER_HOLDBACK_REBATE=1,
--AFFECTS_SPECIAL_RESERVE1=1,AFFECTS_SPECIAL_RESERVE2=1 WHERE UNIQUE_ID IN (1502,1544);
--
--UPDATE LOAN_LEDGER_POSTING_PARAMETERS SET 
--AFFECTS_LAST_STMT_BALANCE=1,AFFECTS_LAST_STMT_DATE=1  WHERE UNIQUE_ID IN (1502,1701,1902);
--
--UPDATE LOAN_LEDGER_POSTING_PARAMETERS SET 
--AFFECTS_LAST_PAYMENT_DATE=1  WHERE UNIQUE_ID IN (1525,1538,1544,1738,1744,1736,1737,1732,1725,1728,1701,1501,11101);
--
--UPDATE LOAN_LEDGER_POSTING_PARAMETERS SET 
--AFFECTS_DEALER_INTEREST=1  WHERE UNIQUE_ID IN (1725,1728,1799);
--
--UPDATE LOAN_LEDGER_POSTING_PARAMETERS SET 
--AFFECTS_DEALER_ACCRUED_INT=1  WHERE UNIQUE_ID IN (1725,1728,1799,1744);
--
--UPDATE LOAN_LEDGER_POSTING_PARAMETERS SET 
--AFFECTS_ACCRUED_CHARGE1=1,AFFECTS_ACCRUED_CHARGE2=1  WHERE UNIQUE_ID IN (1725,1728,1799,1744,1736);
--
--UPDATE LOAN_LEDGER_POSTING_PARAMETERS SET 
--AFFECTS_UNUSED_LINE_COMMIT_FEE=1,AFFECTS_ACCRDUNUSEDLINECOMMFEE=1  WHERE UNIQUE_ID IN (1725,1728,1799);

UPDATE LOAN_LEDGER_POSTING_PARAMETERS SET AFFECTS_PAYMENT_NUMBER=0 WHERE AFFECTS_PAYMENT_NUMBER IS NULL;
UPDATE LOAN_LEDGER_POSTING_PARAMETERS SET AFFECTS_ACCRUED_INTEREST_NET=0 WHERE AFFECTS_ACCRUED_INTEREST_NET IS NULL;
UPDATE LOAN_LEDGER_POSTING_PARAMETERS SET AFFECTS_ACCRUED_INTEREST_MTD=0 WHERE AFFECTS_ACCRUED_INTEREST_MTD IS NULL;
UPDATE LOAN_LEDGER_POSTING_PARAMETERS SET AFFECTS_ACCRUED_INTEREST_YTD=0 WHERE AFFECTS_ACCRUED_INTEREST_YTD IS NULL;
UPDATE LOAN_LEDGER_POSTING_PARAMETERS SET AFFECTS_ACCUMULATED_INTEREST=0 WHERE AFFECTS_ACCUMULATED_INTEREST IS NULL;
UPDATE LOAN_LEDGER_POSTING_PARAMETERS SET AFFECTS_NEXT_NONESCDISBURDATE=0 WHERE AFFECTS_NEXT_NONESCDISBURDATE IS NULL;
UPDATE LOAN_LEDGER_POSTING_PARAMETERS SET AFFECTS_DEALER_RESERVE_REBATE=0 WHERE AFFECTS_DEALER_RESERVE_REBATE IS NULL;
UPDATE LOAN_LEDGER_POSTING_PARAMETERS SET AFFECTS_DEALER_HOLDBACK_REBATE=0 WHERE AFFECTS_DEALER_HOLDBACK_REBATE IS NULL;
UPDATE LOAN_LEDGER_POSTING_PARAMETERS SET AFFECTS_SPECIAL_RESERVE1=0 WHERE AFFECTS_SPECIAL_RESERVE1 IS NULL;
UPDATE LOAN_LEDGER_POSTING_PARAMETERS SET AFFECTS_SPECIAL_RESERVE2=0 WHERE AFFECTS_SPECIAL_RESERVE2 IS NULL;
UPDATE LOAN_LEDGER_POSTING_PARAMETERS SET AFFECTS_LAST_STMT_BALANCE=0 WHERE AFFECTS_LAST_STMT_BALANCE IS NULL;
UPDATE LOAN_LEDGER_POSTING_PARAMETERS SET AFFECTS_LAST_STMT_DATE=0 WHERE AFFECTS_LAST_STMT_DATE IS NULL;
UPDATE LOAN_LEDGER_POSTING_PARAMETERS SET AFFECTS_LAST_PAYMENT_DATE=0 WHERE AFFECTS_LAST_PAYMENT_DATE IS NULL;
UPDATE LOAN_LEDGER_POSTING_PARAMETERS SET AFFECTS_DEALER_INTEREST=0 WHERE AFFECTS_DEALER_INTEREST IS NULL;
UPDATE LOAN_LEDGER_POSTING_PARAMETERS SET AFFECTS_DEALER_ACCRUED_INT=0 WHERE AFFECTS_DEALER_ACCRUED_INT IS NULL;
UPDATE LOAN_LEDGER_POSTING_PARAMETERS SET AFFECTS_DEALER_ACCUMULATED_INT=0 WHERE AFFECTS_DEALER_ACCUMULATED_INT IS NULL;
UPDATE LOAN_LEDGER_POSTING_PARAMETERS SET AFFECTS_ACCRUED_CHARGE1=0 WHERE AFFECTS_ACCRUED_CHARGE1 IS NULL;
UPDATE LOAN_LEDGER_POSTING_PARAMETERS SET AFFECTS_ACCUMULATED_CHARGE1=0 WHERE AFFECTS_ACCUMULATED_CHARGE1 IS NULL;
UPDATE LOAN_LEDGER_POSTING_PARAMETERS SET AFFECTS_ACCRUED_CHARGE2=0 WHERE AFFECTS_ACCRUED_CHARGE2 IS NULL;
UPDATE LOAN_LEDGER_POSTING_PARAMETERS SET AFFECTS_ACCUMULATED_CHARGE2=0 WHERE AFFECTS_ACCUMULATED_CHARGE2 IS NULL;
UPDATE LOAN_LEDGER_POSTING_PARAMETERS SET AFFECTS_UNUSED_LINE_COMMIT_FEE=0 WHERE AFFECTS_UNUSED_LINE_COMMIT_FEE IS NULL;
UPDATE LOAN_LEDGER_POSTING_PARAMETERS SET AFFECTS_ACCRDUNUSEDLINECOMMFEE=0 WHERE AFFECTS_ACCRDUNUSEDLINECOMMFEE IS NULL;
UPDATE LOAN_LEDGER_POSTING_PARAMETERS SET AFFECTS_ACCUMUNUSEDLINECOMMFEE=0 WHERE AFFECTS_ACCUMUNUSEDLINECOMMFEE IS NULL;
UPDATE LOAN_LEDGER_POSTING_PARAMETERS SET AFFECTS_LOW_BORROWING_YTD=0 WHERE AFFECTS_LOW_BORROWING_YTD IS NULL;
UPDATE LOAN_LEDGER_POSTING_PARAMETERS SET AFFECTS_AGGREGATE_BAL_YTD=0 WHERE AFFECTS_AGGREGATE_BAL_YTD IS NULL;
UPDATE LOAN_LEDGER_POSTING_PARAMETERS SET AFFECTS_TAX_PAID_YTD=0 WHERE AFFECTS_TAX_PAID_YTD IS NULL;
UPDATE LOAN_LEDGER_POSTING_PARAMETERS SET AFFECTS_PRE_YEAR_TAX_PAID=0 WHERE AFFECTS_PRE_YEAR_TAX_PAID IS NULL;
UPDATE LOAN_LEDGER_POSTING_PARAMETERS SET AFFECTS_PRE_YEAR_INT_PAID=0 WHERE AFFECTS_PRE_YEAR_INT_PAID IS NULL;


--IL

--RuleOf78 Credit Memo - Other Fee(3,4)

INSERT INTO LOAN_ENTRY_TYPE_LINK (ENTRY_TYPE_ID,CHILD_ENTRY_TYPE_ID)
VALUES('34207','1904');

INSERT INTO LOAN_ENTRY_TYPE(UNIQUE_ID, ID, INSTITUTION_ID, ACCOUNT_CATEGORY, ACCOUNT_TYPE_ID, TRAN_TYPE_GROUP_ID, EVENT_TYPE_ID, DISTRIBUTION_RULE_ID, DEBIT_OR_CREDIT, DESCRIPTION, IS_MONETARY) 
    VALUES(34207, '503', null, 'LOAN', '207', 'REGULAR', '3,4', 34207, 1, 'Credit Memo - Other Fee', 0);


--INSERT INTO LOAN_LEDGER_POSTING_PARAMETERS(UNIQUE_ID, INSTITUTION_ID, ENTRY_TYPE_ID, ACCOUNT_TYPE_ID, AFFECTS_DATE_LAST_ACTIVITY, AFFECTS_ORIG_LOAN_BALANCE, AFFECTS_PRINCIPAL_BALANCE, AFFECTS_PRINCIPAL_DUE, AFFECTS_INTEREST_DUE, AFFECTS_ESCROW_DUE, AFFECTS_ESCROW_BALANCE, AFFECTS_NONESCROW_DUE, AFFECTS_NONESCROW_BALANCE, AFFECTS_BANK_REBATE, AFFECTS_CREDIT_LIFE_DUE, AFFECTS_CREDIT_LIFE_PREMIUM, AFFECTS_CREDIT_LIFE_REBATE, AFFECTS_ACC_HEALTH_DUE, AFFECTS_ACC_HEALTH_PREMIUM, AFFECTS_ACC_HEALTH_REBATE, AFFECTS_OTHER_FEE_DUE, AFFECTS_COLLATERAL_INS_DUE, AFFECTS_COLLATERAL_INS_PREMIUM, AFFECTS_COLLATERAL_INS_REBATE, AFFECTS_UNAPPLIED_FUND, AFFECTS_PARTIAL_PAYMENT, AFFECTS_COLL_LATE_CHARGE, AFFECTS_UNCOLL_LATE_CHARGE, AFFECTS_WAIVED_LATE_CHARGE, AFFECTS_DATE_LAST_TRANSACTION, AFFECTS_DATE_NEXT_DUE, AFFECTS_LINE_OF_CREDIT, AFFECTS_UNUSED_LINE_OF_CREDIT, AFFECTS_NET_PAYOFF, AFFECTS_PAYMENT_MAID, AFFECTS_RETURNED_CHECKS, AFFECTS_INTEREST_YTD, AFFECTS_INTEREST_MTD, AFFECTS_INTEREST_LTD, AFFECTS_ACCRUED_INTEREST, AFFECTS_LOAN_STATUS, AFFECTS_PAYOUT_CODE, AFFECTS_DATE_CLOSED, AFFECTS_NEXTESCROWDISBURSEDATE, AFFECTS_PRINCIPAL_PAID_TO_DATE, AFFECTS_INTEREST_PAID_TO_DATE, AFFECTS_FUTURE_PAYMENT_COUNT, AFFECTS_DATE_PREVIOUS_ACTIVITY, AFFECTS_SPECIAL_RES_REBATE_1, AFFECTS_SPECIAL_RES_REBATE_2, AFFECTS_PAYMENT_NUMBER, AFFECTS_ACCRUED_INTEREST_NET, AFFECTS_ACCRUED_INTEREST_MTD, AFFECTS_ACCRUED_INTEREST_YTD, AFFECTS_ACCUMULATED_INTEREST, AFFECTS_NEXT_NONESCDISBURDATE, AFFECTS_DEALER_RESERVE_REBATE, AFFECTS_DEALER_HOLDBACK_REBATE, AFFECTS_SPECIAL_RESERVE1, AFFECTS_SPECIAL_RESERVE2, AFFECTS_LAST_STMT_BALANCE, AFFECTS_LAST_STMT_DATE, AFFECTS_LAST_PAYMENT_DATE, AFFECTS_DEALER_INTEREST, AFFECTS_DEALER_ACCRUED_INT, AFFECTS_DEALER_ACCUMULATED_INT, AFFECTS_ACCRUED_CHARGE1, AFFECTS_ACCUMULATED_CHARGE1, AFFECTS_ACCRUED_CHARGE2, AFFECTS_ACCUMULATED_CHARGE2, AFFECTS_UNUSED_LINE_COMMIT_FEE, AFFECTS_ACCRDUNUSEDLINECOMMFEE, AFFECTS_LOW_BORROWING_YTD, AFFECTS_AGGREGATE_BAL_YTD, AFFECTS_TAX_PAID_YTD, AFFECTS_PRE_YEAR_TAX_PAID, AFFECTS_PRE_YEAR_INT_PAID, AFFECTS_ACCUMUNUSEDLINECOMMFEE) 
--    VALUES(34207, '1', '503', '207', 0, 0, 0, 0, 0, 0, 0, 0, 0, 0, 0, 0, 0, 0, 0, 0, 0, 0, 0, 0, 0, 0, 0, 0, 0, 0, 0, 0, 0, 0, 0, 0, 0, 0, 0, 0, 0, 0, 0, 0, 0, 0, 0, 0, 0, 0, 0, 0, 0, 0, 0, 0, 0, 0, 0, 0, 0, 0, 0, 0, 0, 0, 0, 0, 0, 0, 0, 0, 0, 0, 0, 0, 0, 0);

--UPDATE LOAN_LEDGER_POSTING_PARAMETERS SET AFFECTS_DATE_LAST_ACTIVITY=1,AFFECTS_DATE_PREVIOUS_ACTIVITY=1,
--AFFECTS_OTHER_FEE_DUE=1,AFFECTS_DATE_LAST_TRANSACTION=1,AFFECTS_NET_PAYOFF=1 WHERE UNIQUE_ID=34207;

--RuleOf78 Credit Memo - Principal(3,1) 

INSERT INTO LOAN_ENTRY_TYPE(UNIQUE_ID, ID, INSTITUTION_ID, ACCOUNT_CATEGORY, ACCOUNT_TYPE_ID, TRAN_TYPE_GROUP_ID, EVENT_TYPE_ID, DISTRIBUTION_RULE_ID, DEBIT_OR_CREDIT, DESCRIPTION, IS_MONETARY) 
    VALUES(31207,' ', null, 'LOAN', '207', 'REGULAR', '3,1', 31207, 1, 'Credit Memo - Principal', 0);

INSERT INTO LOAN_ENTRY_TYPE_LINK (ENTRY_TYPE_ID,CHILD_ENTRY_TYPE_ID)
VALUES('31207','1901');

--INSERT INTO LOAN_LEDGER_POSTING_PARAMETERS(UNIQUE_ID, INSTITUTION_ID, ENTRY_TYPE_ID, ACCOUNT_TYPE_ID, AFFECTS_DATE_LAST_ACTIVITY, AFFECTS_ORIG_LOAN_BALANCE, AFFECTS_PRINCIPAL_BALANCE, AFFECTS_PRINCIPAL_DUE, AFFECTS_INTEREST_DUE, AFFECTS_ESCROW_DUE, AFFECTS_ESCROW_BALANCE, AFFECTS_NONESCROW_DUE, AFFECTS_NONESCROW_BALANCE, AFFECTS_BANK_REBATE, AFFECTS_CREDIT_LIFE_DUE, AFFECTS_CREDIT_LIFE_PREMIUM, AFFECTS_CREDIT_LIFE_REBATE, AFFECTS_ACC_HEALTH_DUE, AFFECTS_ACC_HEALTH_PREMIUM, AFFECTS_ACC_HEALTH_REBATE, AFFECTS_OTHER_FEE_DUE, AFFECTS_COLLATERAL_INS_DUE, AFFECTS_COLLATERAL_INS_PREMIUM, AFFECTS_COLLATERAL_INS_REBATE, AFFECTS_UNAPPLIED_FUND, AFFECTS_PARTIAL_PAYMENT, AFFECTS_COLL_LATE_CHARGE, AFFECTS_UNCOLL_LATE_CHARGE, AFFECTS_WAIVED_LATE_CHARGE, AFFECTS_DATE_LAST_TRANSACTION, AFFECTS_DATE_NEXT_DUE, AFFECTS_LINE_OF_CREDIT, AFFECTS_UNUSED_LINE_OF_CREDIT, AFFECTS_NET_PAYOFF, AFFECTS_PAYMENT_MAID, AFFECTS_RETURNED_CHECKS, AFFECTS_INTEREST_YTD, AFFECTS_INTEREST_MTD, AFFECTS_INTEREST_LTD, AFFECTS_ACCRUED_INTEREST, AFFECTS_LOAN_STATUS, AFFECTS_PAYOUT_CODE, AFFECTS_DATE_CLOSED, AFFECTS_NEXTESCROWDISBURSEDATE, AFFECTS_PRINCIPAL_PAID_TO_DATE, AFFECTS_INTEREST_PAID_TO_DATE, AFFECTS_FUTURE_PAYMENT_COUNT, AFFECTS_DATE_PREVIOUS_ACTIVITY, AFFECTS_SPECIAL_RES_REBATE_1, AFFECTS_SPECIAL_RES_REBATE_2, AFFECTS_PAYMENT_NUMBER, AFFECTS_ACCRUED_INTEREST_NET, AFFECTS_ACCRUED_INTEREST_MTD, AFFECTS_ACCRUED_INTEREST_YTD, AFFECTS_ACCUMULATED_INTEREST, AFFECTS_NEXT_NONESCDISBURDATE, AFFECTS_DEALER_RESERVE_REBATE, AFFECTS_DEALER_HOLDBACK_REBATE, AFFECTS_SPECIAL_RESERVE1, AFFECTS_SPECIAL_RESERVE2, AFFECTS_LAST_STMT_BALANCE, AFFECTS_LAST_STMT_DATE, AFFECTS_LAST_PAYMENT_DATE, AFFECTS_DEALER_INTEREST, AFFECTS_DEALER_ACCRUED_INT, AFFECTS_DEALER_ACCUMULATED_INT, AFFECTS_ACCRUED_CHARGE1, AFFECTS_ACCUMULATED_CHARGE1, AFFECTS_ACCRUED_CHARGE2, AFFECTS_ACCUMULATED_CHARGE2, AFFECTS_UNUSED_LINE_COMMIT_FEE, AFFECTS_ACCRDUNUSEDLINECOMMFEE, AFFECTS_LOW_BORROWING_YTD, AFFECTS_AGGREGATE_BAL_YTD, AFFECTS_TAX_PAID_YTD, AFFECTS_PRE_YEAR_TAX_PAID, AFFECTS_PRE_YEAR_INT_PAID, AFFECTS_ACCUMUNUSEDLINECOMMFEE) 
--    VALUES(31207, '1',' ', '207', 0, 0, 0, 0, 0, 0, 0, 0, 0, 0, 0, 0, 0, 0, 0, 0, 0, 0, 0, 0, 0, 0, 0, 0, 0, 0, 0, 0, 0, 0, 0, 0, 0, 0, 0, 0, 0, 0, 0, 0, 0, 0, 0, 0, 0, 0, 0, 0, 0, 0, 0, 0, 0, 0, 0, 0, 0, 0, 0, 0, 0, 0, 0, 0, 0, 0, 0, 0, 0, 0, 0, 0, 0, 0);
--
--UPDATE LOAN_LEDGER_POSTING_PARAMETERS SET AFFECTS_DATE_LAST_ACTIVITY=1,AFFECTS_DATE_PREVIOUS_ACTIVITY=1,
--AFFECTS_PRINCIPAL_BALANCE=1,AFFECTS_DATE_LAST_TRANSACTION=1,AFFECTS_NET_PAYOFF=1 WHERE UNIQUE_ID=31207;

--RuleOf78 Debit Memo - Principal(2,1)

INSERT INTO LOAN_ENTRY_TYPE(UNIQUE_ID, ID, INSTITUTION_ID, ACCOUNT_CATEGORY, ACCOUNT_TYPE_ID, TRAN_TYPE_GROUP_ID, EVENT_TYPE_ID, DISTRIBUTION_RULE_ID, DEBIT_OR_CREDIT, DESCRIPTION, IS_MONETARY) 
    VALUES(21207,' ', null, 'LOAN', '207', 'REGULAR', '2,1', 21207, 0, 'Debit Memo - Principal', 0);

INSERT INTO LOAN_ENTRY_TYPE_LINK (ENTRY_TYPE_ID,CHILD_ENTRY_TYPE_ID)
VALUES('21207','1801');

--INSERT INTO LOAN_LEDGER_POSTING_PARAMETERS(UNIQUE_ID, INSTITUTION_ID, ENTRY_TYPE_ID, ACCOUNT_TYPE_ID, AFFECTS_DATE_LAST_ACTIVITY, AFFECTS_ORIG_LOAN_BALANCE, AFFECTS_PRINCIPAL_BALANCE, AFFECTS_PRINCIPAL_DUE, AFFECTS_INTEREST_DUE, AFFECTS_ESCROW_DUE, AFFECTS_ESCROW_BALANCE, AFFECTS_NONESCROW_DUE, AFFECTS_NONESCROW_BALANCE, AFFECTS_BANK_REBATE, AFFECTS_CREDIT_LIFE_DUE, AFFECTS_CREDIT_LIFE_PREMIUM, AFFECTS_CREDIT_LIFE_REBATE, AFFECTS_ACC_HEALTH_DUE, AFFECTS_ACC_HEALTH_PREMIUM, AFFECTS_ACC_HEALTH_REBATE, AFFECTS_OTHER_FEE_DUE, AFFECTS_COLLATERAL_INS_DUE, AFFECTS_COLLATERAL_INS_PREMIUM, AFFECTS_COLLATERAL_INS_REBATE, AFFECTS_UNAPPLIED_FUND, AFFECTS_PARTIAL_PAYMENT, AFFECTS_COLL_LATE_CHARGE, AFFECTS_UNCOLL_LATE_CHARGE, AFFECTS_WAIVED_LATE_CHARGE, AFFECTS_DATE_LAST_TRANSACTION, AFFECTS_DATE_NEXT_DUE, AFFECTS_LINE_OF_CREDIT, AFFECTS_UNUSED_LINE_OF_CREDIT, AFFECTS_NET_PAYOFF, AFFECTS_PAYMENT_MAID, AFFECTS_RETURNED_CHECKS, AFFECTS_INTEREST_YTD, AFFECTS_INTEREST_MTD, AFFECTS_INTEREST_LTD, AFFECTS_ACCRUED_INTEREST, AFFECTS_LOAN_STATUS, AFFECTS_PAYOUT_CODE, AFFECTS_DATE_CLOSED, AFFECTS_NEXTESCROWDISBURSEDATE, AFFECTS_PRINCIPAL_PAID_TO_DATE, AFFECTS_INTEREST_PAID_TO_DATE, AFFECTS_FUTURE_PAYMENT_COUNT, AFFECTS_DATE_PREVIOUS_ACTIVITY, AFFECTS_SPECIAL_RES_REBATE_1, AFFECTS_SPECIAL_RES_REBATE_2, AFFECTS_PAYMENT_NUMBER, AFFECTS_ACCRUED_INTEREST_NET, AFFECTS_ACCRUED_INTEREST_MTD, AFFECTS_ACCRUED_INTEREST_YTD, AFFECTS_ACCUMULATED_INTEREST, AFFECTS_NEXT_NONESCDISBURDATE, AFFECTS_DEALER_RESERVE_REBATE, AFFECTS_DEALER_HOLDBACK_REBATE, AFFECTS_SPECIAL_RESERVE1, AFFECTS_SPECIAL_RESERVE2, AFFECTS_LAST_STMT_BALANCE, AFFECTS_LAST_STMT_DATE, AFFECTS_LAST_PAYMENT_DATE, AFFECTS_DEALER_INTEREST, AFFECTS_DEALER_ACCRUED_INT, AFFECTS_DEALER_ACCUMULATED_INT, AFFECTS_ACCRUED_CHARGE1, AFFECTS_ACCUMULATED_CHARGE1, AFFECTS_ACCRUED_CHARGE2, AFFECTS_ACCUMULATED_CHARGE2, AFFECTS_UNUSED_LINE_COMMIT_FEE, AFFECTS_ACCRDUNUSEDLINECOMMFEE, AFFECTS_LOW_BORROWING_YTD, AFFECTS_AGGREGATE_BAL_YTD, AFFECTS_TAX_PAID_YTD, AFFECTS_PRE_YEAR_TAX_PAID, AFFECTS_PRE_YEAR_INT_PAID, AFFECTS_ACCUMUNUSEDLINECOMMFEE) 
--    VALUES(21207, '1',' ', '207', 0, 0, 0, 0, 0, 0, 0, 0, 0, 0, 0, 0, 0, 0, 0, 0, 0, 0, 0, 0, 0, 0, 0, 0, 0, 0, 0, 0, 0, 0, 0, 0, 0, 0, 0, 0, 0, 0, 0, 0, 0, 0, 0, 0, 0, 0, 0, 0, 0, 0, 0, 0, 0, 0, 0, 0, 0, 0, 0, 0, 0, 0, 0, 0, 0, 0, 0, 0, 0, 0, 0, 0, 0, 0);
--
--UPDATE LOAN_LEDGER_POSTING_PARAMETERS SET AFFECTS_DATE_LAST_ACTIVITY=1,AFFECTS_DATE_PREVIOUS_ACTIVITY=1,
--AFFECTS_PRINCIPAL_BALANCE=1,AFFECTS_DATE_LAST_TRANSACTION=1,AFFECTS_NET_PAYOFF=1 WHERE UNIQUE_ID=21207;

-- RuleOf78 Debit Memo - Other Fee(2,4)

INSERT INTO LOAN_ENTRY_TYPE(UNIQUE_ID, ID, INSTITUTION_ID, ACCOUNT_CATEGORY, ACCOUNT_TYPE_ID, TRAN_TYPE_GROUP_ID, EVENT_TYPE_ID, DISTRIBUTION_RULE_ID, DEBIT_OR_CREDIT, DESCRIPTION, IS_MONETARY) 
    VALUES(24207,' ', null, 'LOAN', '207', 'REGULAR', '2,4', 24207, 0, 'Debit Memo - Other Fee', 0);

INSERT INTO LOAN_ENTRY_TYPE_LINK (ENTRY_TYPE_ID,CHILD_ENTRY_TYPE_ID)
VALUES('24207','1804');

--INSERT INTO LOAN_LEDGER_POSTING_PARAMETERS(UNIQUE_ID, INSTITUTION_ID, ENTRY_TYPE_ID, ACCOUNT_TYPE_ID, AFFECTS_DATE_LAST_ACTIVITY, AFFECTS_ORIG_LOAN_BALANCE, AFFECTS_PRINCIPAL_BALANCE, AFFECTS_PRINCIPAL_DUE, AFFECTS_INTEREST_DUE, AFFECTS_ESCROW_DUE, AFFECTS_ESCROW_BALANCE, AFFECTS_NONESCROW_DUE, AFFECTS_NONESCROW_BALANCE, AFFECTS_BANK_REBATE, AFFECTS_CREDIT_LIFE_DUE, AFFECTS_CREDIT_LIFE_PREMIUM, AFFECTS_CREDIT_LIFE_REBATE, AFFECTS_ACC_HEALTH_DUE, AFFECTS_ACC_HEALTH_PREMIUM, AFFECTS_ACC_HEALTH_REBATE, AFFECTS_OTHER_FEE_DUE, AFFECTS_COLLATERAL_INS_DUE, AFFECTS_COLLATERAL_INS_PREMIUM, AFFECTS_COLLATERAL_INS_REBATE, AFFECTS_UNAPPLIED_FUND, AFFECTS_PARTIAL_PAYMENT, AFFECTS_COLL_LATE_CHARGE, AFFECTS_UNCOLL_LATE_CHARGE, AFFECTS_WAIVED_LATE_CHARGE, AFFECTS_DATE_LAST_TRANSACTION, AFFECTS_DATE_NEXT_DUE, AFFECTS_LINE_OF_CREDIT, AFFECTS_UNUSED_LINE_OF_CREDIT, AFFECTS_NET_PAYOFF, AFFECTS_PAYMENT_MAID, AFFECTS_RETURNED_CHECKS, AFFECTS_INTEREST_YTD, AFFECTS_INTEREST_MTD, AFFECTS_INTEREST_LTD, AFFECTS_ACCRUED_INTEREST, AFFECTS_LOAN_STATUS, AFFECTS_PAYOUT_CODE, AFFECTS_DATE_CLOSED, AFFECTS_NEXTESCROWDISBURSEDATE, AFFECTS_PRINCIPAL_PAID_TO_DATE, AFFECTS_INTEREST_PAID_TO_DATE, AFFECTS_FUTURE_PAYMENT_COUNT, AFFECTS_DATE_PREVIOUS_ACTIVITY, AFFECTS_SPECIAL_RES_REBATE_1, AFFECTS_SPECIAL_RES_REBATE_2, AFFECTS_PAYMENT_NUMBER, AFFECTS_ACCRUED_INTEREST_NET, AFFECTS_ACCRUED_INTEREST_MTD, AFFECTS_ACCRUED_INTEREST_YTD, AFFECTS_ACCUMULATED_INTEREST, AFFECTS_NEXT_NONESCDISBURDATE, AFFECTS_DEALER_RESERVE_REBATE, AFFECTS_DEALER_HOLDBACK_REBATE, AFFECTS_SPECIAL_RESERVE1, AFFECTS_SPECIAL_RESERVE2, AFFECTS_LAST_STMT_BALANCE, AFFECTS_LAST_STMT_DATE, AFFECTS_LAST_PAYMENT_DATE, AFFECTS_DEALER_INTEREST, AFFECTS_DEALER_ACCRUED_INT, AFFECTS_DEALER_ACCUMULATED_INT, AFFECTS_ACCRUED_CHARGE1, AFFECTS_ACCUMULATED_CHARGE1, AFFECTS_ACCRUED_CHARGE2, AFFECTS_ACCUMULATED_CHARGE2, AFFECTS_UNUSED_LINE_COMMIT_FEE, AFFECTS_ACCRDUNUSEDLINECOMMFEE, AFFECTS_LOW_BORROWING_YTD, AFFECTS_AGGREGATE_BAL_YTD, AFFECTS_TAX_PAID_YTD, AFFECTS_PRE_YEAR_TAX_PAID, AFFECTS_PRE_YEAR_INT_PAID, AFFECTS_ACCUMUNUSEDLINECOMMFEE) 
--    VALUES(24207, '1',' ', '207', 0, 0, 0, 0, 0, 0, 0, 0, 0, 0, 0, 0, 0, 0, 0, 0, 0, 0, 0, 0, 0, 0, 0, 0, 0, 0, 0, 0, 0, 0, 0, 0, 0, 0, 0, 0, 0, 0, 0, 0, 0, 0, 0, 0, 0, 0, 0, 0, 0, 0, 0, 0, 0, 0, 0, 0, 0, 0, 0, 0, 0, 0, 0, 0, 0, 0, 0, 0, 0, 0, 0, 0, 0, 0);
--
--UPDATE LOAN_LEDGER_POSTING_PARAMETERS SET AFFECTS_DATE_LAST_ACTIVITY=1,AFFECTS_DATE_PREVIOUS_ACTIVITY=1,
--AFFECTS_OTHER_FEE_DUE=1,AFFECTS_DATE_LAST_TRANSACTION=1,AFFECTS_NET_PAYOFF=1 WHERE UNIQUE_ID=24207;

-- RuleOf78 Credit Memo - Escrow (3,3)

INSERT INTO LOAN_ENTRY_TYPE(UNIQUE_ID, ID, INSTITUTION_ID, ACCOUNT_CATEGORY, ACCOUNT_TYPE_ID, TRAN_TYPE_GROUP_ID, EVENT_TYPE_ID, DISTRIBUTION_RULE_ID, DEBIT_OR_CREDIT, DESCRIPTION, IS_MONETARY) 
    VALUES(33207,' ', null, 'LOAN', '207', 'REGULAR', '3,3', 33207, 1, 'Credit Memo - Escrow', 1);

INSERT INTO LOAN_ENTRY_TYPE_LINK (ENTRY_TYPE_ID,CHILD_ENTRY_TYPE_ID)
VALUES('33207','1903');

--INSERT INTO LOAN_LEDGER_POSTING_PARAMETERS(UNIQUE_ID, INSTITUTION_ID, ENTRY_TYPE_ID, ACCOUNT_TYPE_ID, AFFECTS_DATE_LAST_ACTIVITY, AFFECTS_ORIG_LOAN_BALANCE, AFFECTS_PRINCIPAL_BALANCE, AFFECTS_PRINCIPAL_DUE, AFFECTS_INTEREST_DUE, AFFECTS_ESCROW_DUE, AFFECTS_ESCROW_BALANCE, AFFECTS_NONESCROW_DUE, AFFECTS_NONESCROW_BALANCE, AFFECTS_BANK_REBATE, AFFECTS_CREDIT_LIFE_DUE, AFFECTS_CREDIT_LIFE_PREMIUM, AFFECTS_CREDIT_LIFE_REBATE, AFFECTS_ACC_HEALTH_DUE, AFFECTS_ACC_HEALTH_PREMIUM, AFFECTS_ACC_HEALTH_REBATE, AFFECTS_OTHER_FEE_DUE, AFFECTS_COLLATERAL_INS_DUE, AFFECTS_COLLATERAL_INS_PREMIUM, AFFECTS_COLLATERAL_INS_REBATE, AFFECTS_UNAPPLIED_FUND, AFFECTS_PARTIAL_PAYMENT, AFFECTS_COLL_LATE_CHARGE, AFFECTS_UNCOLL_LATE_CHARGE, AFFECTS_WAIVED_LATE_CHARGE, AFFECTS_DATE_LAST_TRANSACTION, AFFECTS_DATE_NEXT_DUE, AFFECTS_LINE_OF_CREDIT, AFFECTS_UNUSED_LINE_OF_CREDIT, AFFECTS_NET_PAYOFF, AFFECTS_PAYMENT_MAID, AFFECTS_RETURNED_CHECKS, AFFECTS_INTEREST_YTD, AFFECTS_INTEREST_MTD, AFFECTS_INTEREST_LTD, AFFECTS_ACCRUED_INTEREST, AFFECTS_LOAN_STATUS, AFFECTS_PAYOUT_CODE, AFFECTS_DATE_CLOSED, AFFECTS_NEXTESCROWDISBURSEDATE, AFFECTS_PRINCIPAL_PAID_TO_DATE, AFFECTS_INTEREST_PAID_TO_DATE, AFFECTS_FUTURE_PAYMENT_COUNT, AFFECTS_DATE_PREVIOUS_ACTIVITY, AFFECTS_SPECIAL_RES_REBATE_1, AFFECTS_SPECIAL_RES_REBATE_2, AFFECTS_PAYMENT_NUMBER, AFFECTS_ACCRUED_INTEREST_NET, AFFECTS_ACCRUED_INTEREST_MTD, AFFECTS_ACCRUED_INTEREST_YTD, AFFECTS_ACCUMULATED_INTEREST, AFFECTS_NEXT_NONESCDISBURDATE, AFFECTS_DEALER_RESERVE_REBATE, AFFECTS_DEALER_HOLDBACK_REBATE, AFFECTS_SPECIAL_RESERVE1, AFFECTS_SPECIAL_RESERVE2, AFFECTS_LAST_STMT_BALANCE, AFFECTS_LAST_STMT_DATE, AFFECTS_LAST_PAYMENT_DATE, AFFECTS_DEALER_INTEREST, AFFECTS_DEALER_ACCRUED_INT, AFFECTS_DEALER_ACCUMULATED_INT, AFFECTS_ACCRUED_CHARGE1, AFFECTS_ACCUMULATED_CHARGE1, AFFECTS_ACCRUED_CHARGE2, AFFECTS_ACCUMULATED_CHARGE2, AFFECTS_UNUSED_LINE_COMMIT_FEE, AFFECTS_ACCRDUNUSEDLINECOMMFEE, AFFECTS_LOW_BORROWING_YTD, AFFECTS_AGGREGATE_BAL_YTD, AFFECTS_TAX_PAID_YTD, AFFECTS_PRE_YEAR_TAX_PAID, AFFECTS_PRE_YEAR_INT_PAID, AFFECTS_ACCUMUNUSEDLINECOMMFEE) 
--    VALUES(33207, '1',' ', '207', 0, 0, 0, 0, 0, 0, 0, 0, 0, 0, 0, 0, 0, 0, 0, 0, 0, 0, 0, 0, 0, 0, 0, 0, 0, 0, 0, 0, 0, 0, 0, 0, 0, 0, 0, 0, 0, 0, 0, 0, 0, 0, 0, 0, 0, 0, 0, 0, 0, 0, 0, 0, 0, 0, 0, 0, 0, 0, 0, 0, 0, 0, 0, 0, 0, 0, 0, 0, 0, 0, 0, 0, 0, 0);
--
--UPDATE LOAN_LEDGER_POSTING_PARAMETERS SET AFFECTS_DATE_LAST_ACTIVITY=1,AFFECTS_DATE_PREVIOUS_ACTIVITY=1,
--AFFECTS_ESCROW_BALANCE=1,AFFECTS_DATE_LAST_TRANSACTION=1,AFFECTS_NET_PAYOFF=1 WHERE UNIQUE_ID=33207;

-- RuleOf78 Debit Memo - Escrow (2,3)

INSERT INTO LOAN_ENTRY_TYPE(UNIQUE_ID, ID, INSTITUTION_ID, ACCOUNT_CATEGORY, ACCOUNT_TYPE_ID, TRAN_TYPE_GROUP_ID, EVENT_TYPE_ID, DISTRIBUTION_RULE_ID, DEBIT_OR_CREDIT, DESCRIPTION, IS_MONETARY) 
    VALUES(23207,' ', null, 'LOAN', '207', 'REGULAR', '2,3', 23207, 0, 'Debit Memo - Escrow', 1);

INSERT INTO LOAN_ENTRY_TYPE_LINK (ENTRY_TYPE_ID,CHILD_ENTRY_TYPE_ID)
VALUES('23207','1803');

--INSERT INTO LOAN_LEDGER_POSTING_PARAMETERS(UNIQUE_ID, INSTITUTION_ID, ENTRY_TYPE_ID, ACCOUNT_TYPE_ID, AFFECTS_DATE_LAST_ACTIVITY, AFFECTS_ORIG_LOAN_BALANCE, AFFECTS_PRINCIPAL_BALANCE, AFFECTS_PRINCIPAL_DUE, AFFECTS_INTEREST_DUE, AFFECTS_ESCROW_DUE, AFFECTS_ESCROW_BALANCE, AFFECTS_NONESCROW_DUE, AFFECTS_NONESCROW_BALANCE, AFFECTS_BANK_REBATE, AFFECTS_CREDIT_LIFE_DUE, AFFECTS_CREDIT_LIFE_PREMIUM, AFFECTS_CREDIT_LIFE_REBATE, AFFECTS_ACC_HEALTH_DUE, AFFECTS_ACC_HEALTH_PREMIUM, AFFECTS_ACC_HEALTH_REBATE, AFFECTS_OTHER_FEE_DUE, AFFECTS_COLLATERAL_INS_DUE, AFFECTS_COLLATERAL_INS_PREMIUM, AFFECTS_COLLATERAL_INS_REBATE, AFFECTS_UNAPPLIED_FUND, AFFECTS_PARTIAL_PAYMENT, AFFECTS_COLL_LATE_CHARGE, AFFECTS_UNCOLL_LATE_CHARGE, AFFECTS_WAIVED_LATE_CHARGE, AFFECTS_DATE_LAST_TRANSACTION, AFFECTS_DATE_NEXT_DUE, AFFECTS_LINE_OF_CREDIT, AFFECTS_UNUSED_LINE_OF_CREDIT, AFFECTS_NET_PAYOFF, AFFECTS_PAYMENT_MAID, AFFECTS_RETURNED_CHECKS, AFFECTS_INTEREST_YTD, AFFECTS_INTEREST_MTD, AFFECTS_INTEREST_LTD, AFFECTS_ACCRUED_INTEREST, AFFECTS_LOAN_STATUS, AFFECTS_PAYOUT_CODE, AFFECTS_DATE_CLOSED, AFFECTS_NEXTESCROWDISBURSEDATE, AFFECTS_PRINCIPAL_PAID_TO_DATE, AFFECTS_INTEREST_PAID_TO_DATE, AFFECTS_FUTURE_PAYMENT_COUNT, AFFECTS_DATE_PREVIOUS_ACTIVITY, AFFECTS_SPECIAL_RES_REBATE_1, AFFECTS_SPECIAL_RES_REBATE_2, AFFECTS_PAYMENT_NUMBER, AFFECTS_ACCRUED_INTEREST_NET, AFFECTS_ACCRUED_INTEREST_MTD, AFFECTS_ACCRUED_INTEREST_YTD, AFFECTS_ACCUMULATED_INTEREST, AFFECTS_NEXT_NONESCDISBURDATE, AFFECTS_DEALER_RESERVE_REBATE, AFFECTS_DEALER_HOLDBACK_REBATE, AFFECTS_SPECIAL_RESERVE1, AFFECTS_SPECIAL_RESERVE2, AFFECTS_LAST_STMT_BALANCE, AFFECTS_LAST_STMT_DATE, AFFECTS_LAST_PAYMENT_DATE, AFFECTS_DEALER_INTEREST, AFFECTS_DEALER_ACCRUED_INT, AFFECTS_DEALER_ACCUMULATED_INT, AFFECTS_ACCRUED_CHARGE1, AFFECTS_ACCUMULATED_CHARGE1, AFFECTS_ACCRUED_CHARGE2, AFFECTS_ACCUMULATED_CHARGE2, AFFECTS_UNUSED_LINE_COMMIT_FEE, AFFECTS_ACCRDUNUSEDLINECOMMFEE, AFFECTS_LOW_BORROWING_YTD, AFFECTS_AGGREGATE_BAL_YTD, AFFECTS_TAX_PAID_YTD, AFFECTS_PRE_YEAR_TAX_PAID, AFFECTS_PRE_YEAR_INT_PAID, AFFECTS_ACCUMUNUSEDLINECOMMFEE) 
--    VALUES(23207, '1',' ', '207', 0, 0, 0, 0, 0, 0, 0, 0, 0, 0, 0, 0, 0, 0, 0, 0, 0, 0, 0, 0, 0, 0, 0, 0, 0, 0, 0, 0, 0, 0, 0, 0, 0, 0, 0, 0, 0, 0, 0, 0, 0, 0, 0, 0, 0, 0, 0, 0, 0, 0, 0, 0, 0, 0, 0, 0, 0, 0, 0, 0, 0, 0, 0, 0, 0, 0, 0, 0, 0, 0, 0, 0, 0, 0);
--
--UPDATE LOAN_LEDGER_POSTING_PARAMETERS SET AFFECTS_DATE_LAST_ACTIVITY=1,AFFECTS_DATE_PREVIOUS_ACTIVITY=1,
--AFFECTS_ESCROW_BALANCE=1,AFFECTS_DATE_LAST_TRANSACTION=1,AFFECTS_NET_PAYOFF=1 WHERE UNIQUE_ID=23207;


--SIL

-- SIL Credit Memo - Principal (3,1)

INSERT INTO LOAN_ENTRY_TYPE(UNIQUE_ID, ID, INSTITUTION_ID, ACCOUNT_CATEGORY, ACCOUNT_TYPE_ID, TRAN_TYPE_GROUP_ID, EVENT_TYPE_ID, DISTRIBUTION_RULE_ID, DEBIT_OR_CREDIT, DESCRIPTION, IS_MONETARY) 
    VALUES(31208,' ', null, 'LOAN', '208', 'REGULAR', '3,1', 31208, 1, 'Credit Memo - Principal', 0);

INSERT INTO LOAN_ENTRY_TYPE_LINK (ENTRY_TYPE_ID,CHILD_ENTRY_TYPE_ID)
VALUES('31208','1901');

--INSERT INTO LOAN_LEDGER_POSTING_PARAMETERS(UNIQUE_ID, INSTITUTION_ID, ENTRY_TYPE_ID, ACCOUNT_TYPE_ID, AFFECTS_DATE_LAST_ACTIVITY, AFFECTS_ORIG_LOAN_BALANCE, AFFECTS_PRINCIPAL_BALANCE, AFFECTS_PRINCIPAL_DUE, AFFECTS_INTEREST_DUE, AFFECTS_ESCROW_DUE, AFFECTS_ESCROW_BALANCE, AFFECTS_NONESCROW_DUE, AFFECTS_NONESCROW_BALANCE, AFFECTS_BANK_REBATE, AFFECTS_CREDIT_LIFE_DUE, AFFECTS_CREDIT_LIFE_PREMIUM, AFFECTS_CREDIT_LIFE_REBATE, AFFECTS_ACC_HEALTH_DUE, AFFECTS_ACC_HEALTH_PREMIUM, AFFECTS_ACC_HEALTH_REBATE, AFFECTS_OTHER_FEE_DUE, AFFECTS_COLLATERAL_INS_DUE, AFFECTS_COLLATERAL_INS_PREMIUM, AFFECTS_COLLATERAL_INS_REBATE, AFFECTS_UNAPPLIED_FUND, AFFECTS_PARTIAL_PAYMENT, AFFECTS_COLL_LATE_CHARGE, AFFECTS_UNCOLL_LATE_CHARGE, AFFECTS_WAIVED_LATE_CHARGE, AFFECTS_DATE_LAST_TRANSACTION, AFFECTS_DATE_NEXT_DUE, AFFECTS_LINE_OF_CREDIT, AFFECTS_UNUSED_LINE_OF_CREDIT, AFFECTS_NET_PAYOFF, AFFECTS_PAYMENT_MAID, AFFECTS_RETURNED_CHECKS, AFFECTS_INTEREST_YTD, AFFECTS_INTEREST_MTD, AFFECTS_INTEREST_LTD, AFFECTS_ACCRUED_INTEREST, AFFECTS_LOAN_STATUS, AFFECTS_PAYOUT_CODE, AFFECTS_DATE_CLOSED, AFFECTS_NEXTESCROWDISBURSEDATE, AFFECTS_PRINCIPAL_PAID_TO_DATE, AFFECTS_INTEREST_PAID_TO_DATE, AFFECTS_FUTURE_PAYMENT_COUNT, AFFECTS_DATE_PREVIOUS_ACTIVITY, AFFECTS_SPECIAL_RES_REBATE_1, AFFECTS_SPECIAL_RES_REBATE_2, AFFECTS_PAYMENT_NUMBER, AFFECTS_ACCRUED_INTEREST_NET, AFFECTS_ACCRUED_INTEREST_MTD, AFFECTS_ACCRUED_INTEREST_YTD, AFFECTS_ACCUMULATED_INTEREST, AFFECTS_NEXT_NONESCDISBURDATE, AFFECTS_DEALER_RESERVE_REBATE, AFFECTS_DEALER_HOLDBACK_REBATE, AFFECTS_SPECIAL_RESERVE1, AFFECTS_SPECIAL_RESERVE2, AFFECTS_LAST_STMT_BALANCE, AFFECTS_LAST_STMT_DATE, AFFECTS_LAST_PAYMENT_DATE, AFFECTS_DEALER_INTEREST, AFFECTS_DEALER_ACCRUED_INT, AFFECTS_DEALER_ACCUMULATED_INT, AFFECTS_ACCRUED_CHARGE1, AFFECTS_ACCUMULATED_CHARGE1, AFFECTS_ACCRUED_CHARGE2, AFFECTS_ACCUMULATED_CHARGE2, AFFECTS_UNUSED_LINE_COMMIT_FEE, AFFECTS_ACCRDUNUSEDLINECOMMFEE, AFFECTS_LOW_BORROWING_YTD, AFFECTS_AGGREGATE_BAL_YTD, AFFECTS_TAX_PAID_YTD, AFFECTS_PRE_YEAR_TAX_PAID, AFFECTS_PRE_YEAR_INT_PAID, AFFECTS_ACCUMUNUSEDLINECOMMFEE) 
--    VALUES(31208, '1',' ', '208', 0, 0, 0, 0, 0, 0, 0, 0, 0, 0, 0, 0, 0, 0, 0, 0, 0, 0, 0, 0, 0, 0, 0, 0, 0, 0, 0, 0, 0, 0, 0, 0, 0, 0, 0, 0, 0, 0, 0, 0, 0, 0, 0, 0, 0, 0, 0, 0, 0, 0, 0, 0, 0, 0, 0, 0, 0, 0, 0, 0, 0, 0, 0, 0, 0, 0, 0, 0, 0, 0, 0, 0, 0, 0);
--
--UPDATE LOAN_LEDGER_POSTING_PARAMETERS SET AFFECTS_DATE_LAST_ACTIVITY=1,AFFECTS_DATE_PREVIOUS_ACTIVITY=1,
--AFFECTS_PRINCIPAL_BALANCE=1,AFFECTS_DATE_LAST_TRANSACTION=1,AFFECTS_NET_PAYOFF=1 WHERE UNIQUE_ID=31208;

-- SIL Debit Memo - Principal (2,1)

INSERT INTO LOAN_ENTRY_TYPE(UNIQUE_ID, ID, INSTITUTION_ID, ACCOUNT_CATEGORY, ACCOUNT_TYPE_ID, TRAN_TYPE_GROUP_ID, EVENT_TYPE_ID, DISTRIBUTION_RULE_ID, DEBIT_OR_CREDIT, DESCRIPTION, IS_MONETARY) 
    VALUES(21208,' ', null, 'LOAN', '208', 'REGULAR', '2,1', 21208, 0, 'Debit Memo - Principal', 0);

INSERT INTO LOAN_ENTRY_TYPE_LINK (ENTRY_TYPE_ID,CHILD_ENTRY_TYPE_ID)
VALUES('21208','1801');

--INSERT INTO LOAN_LEDGER_POSTING_PARAMETERS(UNIQUE_ID, INSTITUTION_ID, ENTRY_TYPE_ID, ACCOUNT_TYPE_ID, AFFECTS_DATE_LAST_ACTIVITY, AFFECTS_ORIG_LOAN_BALANCE, AFFECTS_PRINCIPAL_BALANCE, AFFECTS_PRINCIPAL_DUE, AFFECTS_INTEREST_DUE, AFFECTS_ESCROW_DUE, AFFECTS_ESCROW_BALANCE, AFFECTS_NONESCROW_DUE, AFFECTS_NONESCROW_BALANCE, AFFECTS_BANK_REBATE, AFFECTS_CREDIT_LIFE_DUE, AFFECTS_CREDIT_LIFE_PREMIUM, AFFECTS_CREDIT_LIFE_REBATE, AFFECTS_ACC_HEALTH_DUE, AFFECTS_ACC_HEALTH_PREMIUM, AFFECTS_ACC_HEALTH_REBATE, AFFECTS_OTHER_FEE_DUE, AFFECTS_COLLATERAL_INS_DUE, AFFECTS_COLLATERAL_INS_PREMIUM, AFFECTS_COLLATERAL_INS_REBATE, AFFECTS_UNAPPLIED_FUND, AFFECTS_PARTIAL_PAYMENT, AFFECTS_COLL_LATE_CHARGE, AFFECTS_UNCOLL_LATE_CHARGE, AFFECTS_WAIVED_LATE_CHARGE, AFFECTS_DATE_LAST_TRANSACTION, AFFECTS_DATE_NEXT_DUE, AFFECTS_LINE_OF_CREDIT, AFFECTS_UNUSED_LINE_OF_CREDIT, AFFECTS_NET_PAYOFF, AFFECTS_PAYMENT_MAID, AFFECTS_RETURNED_CHECKS, AFFECTS_INTEREST_YTD, AFFECTS_INTEREST_MTD, AFFECTS_INTEREST_LTD, AFFECTS_ACCRUED_INTEREST, AFFECTS_LOAN_STATUS, AFFECTS_PAYOUT_CODE, AFFECTS_DATE_CLOSED, AFFECTS_NEXTESCROWDISBURSEDATE, AFFECTS_PRINCIPAL_PAID_TO_DATE, AFFECTS_INTEREST_PAID_TO_DATE, AFFECTS_FUTURE_PAYMENT_COUNT, AFFECTS_DATE_PREVIOUS_ACTIVITY, AFFECTS_SPECIAL_RES_REBATE_1, AFFECTS_SPECIAL_RES_REBATE_2, AFFECTS_PAYMENT_NUMBER, AFFECTS_ACCRUED_INTEREST_NET, AFFECTS_ACCRUED_INTEREST_MTD, AFFECTS_ACCRUED_INTEREST_YTD, AFFECTS_ACCUMULATED_INTEREST, AFFECTS_NEXT_NONESCDISBURDATE, AFFECTS_DEALER_RESERVE_REBATE, AFFECTS_DEALER_HOLDBACK_REBATE, AFFECTS_SPECIAL_RESERVE1, AFFECTS_SPECIAL_RESERVE2, AFFECTS_LAST_STMT_BALANCE, AFFECTS_LAST_STMT_DATE, AFFECTS_LAST_PAYMENT_DATE, AFFECTS_DEALER_INTEREST, AFFECTS_DEALER_ACCRUED_INT, AFFECTS_DEALER_ACCUMULATED_INT, AFFECTS_ACCRUED_CHARGE1, AFFECTS_ACCUMULATED_CHARGE1, AFFECTS_ACCRUED_CHARGE2, AFFECTS_ACCUMULATED_CHARGE2, AFFECTS_UNUSED_LINE_COMMIT_FEE, AFFECTS_ACCRDUNUSEDLINECOMMFEE, AFFECTS_LOW_BORROWING_YTD, AFFECTS_AGGREGATE_BAL_YTD, AFFECTS_TAX_PAID_YTD, AFFECTS_PRE_YEAR_TAX_PAID, AFFECTS_PRE_YEAR_INT_PAID, AFFECTS_ACCUMUNUSEDLINECOMMFEE) 
--    VALUES(21208, '1',' ', '208', 0, 0, 0, 0, 0, 0, 0, 0, 0, 0, 0, 0, 0, 0, 0, 0, 0, 0, 0, 0, 0, 0, 0, 0, 0, 0, 0, 0, 0, 0, 0, 0, 0, 0, 0, 0, 0, 0, 0, 0, 0, 0, 0, 0, 0, 0, 0, 0, 0, 0, 0, 0, 0, 0, 0, 0, 0, 0, 0, 0, 0, 0, 0, 0, 0, 0, 0, 0, 0, 0, 0, 0, 0, 0);
--
--UPDATE LOAN_LEDGER_POSTING_PARAMETERS SET AFFECTS_DATE_LAST_ACTIVITY=1,AFFECTS_DATE_PREVIOUS_ACTIVITY=1,
--AFFECTS_PRINCIPAL_BALANCE=1,AFFECTS_DATE_LAST_TRANSACTION=1,AFFECTS_NET_PAYOFF=1 WHERE UNIQUE_ID=21208;

-- SIL Credit Memo - Other Fee (3,4)

INSERT INTO LOAN_ENTRY_TYPE_LINK (ENTRY_TYPE_ID,CHILD_ENTRY_TYPE_ID)
VALUES('34208','1904');

INSERT INTO LOAN_ENTRY_TYPE(UNIQUE_ID, ID, INSTITUTION_ID, ACCOUNT_CATEGORY, ACCOUNT_TYPE_ID, TRAN_TYPE_GROUP_ID, EVENT_TYPE_ID, DISTRIBUTION_RULE_ID, DEBIT_OR_CREDIT, DESCRIPTION, IS_MONETARY) 
    VALUES(34208, '702', null, 'LOAN', '208', 'REGULAR', '3,4', 34208, 1, 'Credit Memo - Other Fee', 0);


--INSERT INTO LOAN_LEDGER_POSTING_PARAMETERS(UNIQUE_ID, INSTITUTION_ID, ENTRY_TYPE_ID, ACCOUNT_TYPE_ID, AFFECTS_DATE_LAST_ACTIVITY, AFFECTS_ORIG_LOAN_BALANCE, AFFECTS_PRINCIPAL_BALANCE, AFFECTS_PRINCIPAL_DUE, AFFECTS_INTEREST_DUE, AFFECTS_ESCROW_DUE, AFFECTS_ESCROW_BALANCE, AFFECTS_NONESCROW_DUE, AFFECTS_NONESCROW_BALANCE, AFFECTS_BANK_REBATE, AFFECTS_CREDIT_LIFE_DUE, AFFECTS_CREDIT_LIFE_PREMIUM, AFFECTS_CREDIT_LIFE_REBATE, AFFECTS_ACC_HEALTH_DUE, AFFECTS_ACC_HEALTH_PREMIUM, AFFECTS_ACC_HEALTH_REBATE, AFFECTS_OTHER_FEE_DUE, AFFECTS_COLLATERAL_INS_DUE, AFFECTS_COLLATERAL_INS_PREMIUM, AFFECTS_COLLATERAL_INS_REBATE, AFFECTS_UNAPPLIED_FUND, AFFECTS_PARTIAL_PAYMENT, AFFECTS_COLL_LATE_CHARGE, AFFECTS_UNCOLL_LATE_CHARGE, AFFECTS_WAIVED_LATE_CHARGE, AFFECTS_DATE_LAST_TRANSACTION, AFFECTS_DATE_NEXT_DUE, AFFECTS_LINE_OF_CREDIT, AFFECTS_UNUSED_LINE_OF_CREDIT, AFFECTS_NET_PAYOFF, AFFECTS_PAYMENT_MAID, AFFECTS_RETURNED_CHECKS, AFFECTS_INTEREST_YTD, AFFECTS_INTEREST_MTD, AFFECTS_INTEREST_LTD, AFFECTS_ACCRUED_INTEREST, AFFECTS_LOAN_STATUS, AFFECTS_PAYOUT_CODE, AFFECTS_DATE_CLOSED, AFFECTS_NEXTESCROWDISBURSEDATE, AFFECTS_PRINCIPAL_PAID_TO_DATE, AFFECTS_INTEREST_PAID_TO_DATE, AFFECTS_FUTURE_PAYMENT_COUNT, AFFECTS_DATE_PREVIOUS_ACTIVITY, AFFECTS_SPECIAL_RES_REBATE_1, AFFECTS_SPECIAL_RES_REBATE_2, AFFECTS_PAYMENT_NUMBER, AFFECTS_ACCRUED_INTEREST_NET, AFFECTS_ACCRUED_INTEREST_MTD, AFFECTS_ACCRUED_INTEREST_YTD, AFFECTS_ACCUMULATED_INTEREST, AFFECTS_NEXT_NONESCDISBURDATE, AFFECTS_DEALER_RESERVE_REBATE, AFFECTS_DEALER_HOLDBACK_REBATE, AFFECTS_SPECIAL_RESERVE1, AFFECTS_SPECIAL_RESERVE2, AFFECTS_LAST_STMT_BALANCE, AFFECTS_LAST_STMT_DATE, AFFECTS_LAST_PAYMENT_DATE, AFFECTS_DEALER_INTEREST, AFFECTS_DEALER_ACCRUED_INT, AFFECTS_DEALER_ACCUMULATED_INT, AFFECTS_ACCRUED_CHARGE1, AFFECTS_ACCUMULATED_CHARGE1, AFFECTS_ACCRUED_CHARGE2, AFFECTS_ACCUMULATED_CHARGE2, AFFECTS_UNUSED_LINE_COMMIT_FEE, AFFECTS_ACCRDUNUSEDLINECOMMFEE, AFFECTS_LOW_BORROWING_YTD, AFFECTS_AGGREGATE_BAL_YTD, AFFECTS_TAX_PAID_YTD, AFFECTS_PRE_YEAR_TAX_PAID, AFFECTS_PRE_YEAR_INT_PAID, AFFECTS_ACCUMUNUSEDLINECOMMFEE) 
--    VALUES(34208, '1', '702', '208', 0, 0, 0, 0, 0, 0, 0, 0, 0, 0, 0, 0, 0, 0, 0, 0, 0, 0, 0, 0, 0, 0, 0, 0, 0, 0, 0, 0, 0, 0, 0, 0, 0, 0, 0, 0, 0, 0, 0, 0, 0, 0, 0, 0, 0, 0, 0, 0, 0, 0, 0, 0, 0, 0, 0, 0, 0, 0, 0, 0, 0, 0, 0, 0, 0, 0, 0, 0, 0, 0, 0, 0, 0, 0);
--
--UPDATE LOAN_LEDGER_POSTING_PARAMETERS SET AFFECTS_DATE_LAST_ACTIVITY=1,AFFECTS_DATE_PREVIOUS_ACTIVITY=1,
--AFFECTS_OTHER_FEE_DUE=1,AFFECTS_DATE_LAST_TRANSACTION=1,AFFECTS_NET_PAYOFF=1 WHERE UNIQUE_ID=34208;

-- SIL Debit Memo - Other Fee (2,4)

INSERT INTO LOAN_ENTRY_TYPE(UNIQUE_ID, ID, INSTITUTION_ID, ACCOUNT_CATEGORY, ACCOUNT_TYPE_ID, TRAN_TYPE_GROUP_ID, EVENT_TYPE_ID, DISTRIBUTION_RULE_ID, DEBIT_OR_CREDIT, DESCRIPTION, IS_MONETARY) 
    VALUES(24208,' ', null, 'LOAN', '208', 'REGULAR', '2,4', 24208, 0, 'Debit Memo - Other Fee', 0);

INSERT INTO LOAN_ENTRY_TYPE_LINK (ENTRY_TYPE_ID,CHILD_ENTRY_TYPE_ID)
VALUES('24208','1804');

--INSERT INTO LOAN_LEDGER_POSTING_PARAMETERS(UNIQUE_ID, INSTITUTION_ID, ENTRY_TYPE_ID, ACCOUNT_TYPE_ID, AFFECTS_DATE_LAST_ACTIVITY, AFFECTS_ORIG_LOAN_BALANCE, AFFECTS_PRINCIPAL_BALANCE, AFFECTS_PRINCIPAL_DUE, AFFECTS_INTEREST_DUE, AFFECTS_ESCROW_DUE, AFFECTS_ESCROW_BALANCE, AFFECTS_NONESCROW_DUE, AFFECTS_NONESCROW_BALANCE, AFFECTS_BANK_REBATE, AFFECTS_CREDIT_LIFE_DUE, AFFECTS_CREDIT_LIFE_PREMIUM, AFFECTS_CREDIT_LIFE_REBATE, AFFECTS_ACC_HEALTH_DUE, AFFECTS_ACC_HEALTH_PREMIUM, AFFECTS_ACC_HEALTH_REBATE, AFFECTS_OTHER_FEE_DUE, AFFECTS_COLLATERAL_INS_DUE, AFFECTS_COLLATERAL_INS_PREMIUM, AFFECTS_COLLATERAL_INS_REBATE, AFFECTS_UNAPPLIED_FUND, AFFECTS_PARTIAL_PAYMENT, AFFECTS_COLL_LATE_CHARGE, AFFECTS_UNCOLL_LATE_CHARGE, AFFECTS_WAIVED_LATE_CHARGE, AFFECTS_DATE_LAST_TRANSACTION, AFFECTS_DATE_NEXT_DUE, AFFECTS_LINE_OF_CREDIT, AFFECTS_UNUSED_LINE_OF_CREDIT, AFFECTS_NET_PAYOFF, AFFECTS_PAYMENT_MAID, AFFECTS_RETURNED_CHECKS, AFFECTS_INTEREST_YTD, AFFECTS_INTEREST_MTD, AFFECTS_INTEREST_LTD, AFFECTS_ACCRUED_INTEREST, AFFECTS_LOAN_STATUS, AFFECTS_PAYOUT_CODE, AFFECTS_DATE_CLOSED, AFFECTS_NEXTESCROWDISBURSEDATE, AFFECTS_PRINCIPAL_PAID_TO_DATE, AFFECTS_INTEREST_PAID_TO_DATE, AFFECTS_FUTURE_PAYMENT_COUNT, AFFECTS_DATE_PREVIOUS_ACTIVITY, AFFECTS_SPECIAL_RES_REBATE_1, AFFECTS_SPECIAL_RES_REBATE_2, AFFECTS_PAYMENT_NUMBER, AFFECTS_ACCRUED_INTEREST_NET, AFFECTS_ACCRUED_INTEREST_MTD, AFFECTS_ACCRUED_INTEREST_YTD, AFFECTS_ACCUMULATED_INTEREST, AFFECTS_NEXT_NONESCDISBURDATE, AFFECTS_DEALER_RESERVE_REBATE, AFFECTS_DEALER_HOLDBACK_REBATE, AFFECTS_SPECIAL_RESERVE1, AFFECTS_SPECIAL_RESERVE2, AFFECTS_LAST_STMT_BALANCE, AFFECTS_LAST_STMT_DATE, AFFECTS_LAST_PAYMENT_DATE, AFFECTS_DEALER_INTEREST, AFFECTS_DEALER_ACCRUED_INT, AFFECTS_DEALER_ACCUMULATED_INT, AFFECTS_ACCRUED_CHARGE1, AFFECTS_ACCUMULATED_CHARGE1, AFFECTS_ACCRUED_CHARGE2, AFFECTS_ACCUMULATED_CHARGE2, AFFECTS_UNUSED_LINE_COMMIT_FEE, AFFECTS_ACCRDUNUSEDLINECOMMFEE, AFFECTS_LOW_BORROWING_YTD, AFFECTS_AGGREGATE_BAL_YTD, AFFECTS_TAX_PAID_YTD, AFFECTS_PRE_YEAR_TAX_PAID, AFFECTS_PRE_YEAR_INT_PAID, AFFECTS_ACCUMUNUSEDLINECOMMFEE) 
--    VALUES(24208, '1',' ', '208', 0, 0, 0, 0, 0, 0, 0, 0, 0, 0, 0, 0, 0, 0, 0, 0, 0, 0, 0, 0, 0, 0, 0, 0, 0, 0, 0, 0, 0, 0, 0, 0, 0, 0, 0, 0, 0, 0, 0, 0, 0, 0, 0, 0, 0, 0, 0, 0, 0, 0, 0, 0, 0, 0, 0, 0, 0, 0, 0, 0, 0, 0, 0, 0, 0, 0, 0, 0, 0, 0, 0, 0, 0, 0);
--
--UPDATE LOAN_LEDGER_POSTING_PARAMETERS SET AFFECTS_DATE_LAST_ACTIVITY=1,AFFECTS_DATE_PREVIOUS_ACTIVITY=1,
--AFFECTS_OTHER_FEE_DUE=1,AFFECTS_DATE_LAST_TRANSACTION=1,AFFECTS_NET_PAYOFF=1 WHERE UNIQUE_ID=24208;

-- SIL Credit Memo - Escrow (3,3)

INSERT INTO LOAN_ENTRY_TYPE(UNIQUE_ID, ID, INSTITUTION_ID, ACCOUNT_CATEGORY, ACCOUNT_TYPE_ID, TRAN_TYPE_GROUP_ID, EVENT_TYPE_ID, DISTRIBUTION_RULE_ID, DEBIT_OR_CREDIT, DESCRIPTION, IS_MONETARY) 
    VALUES(33208,' ', null, 'LOAN', '208', 'REGULAR', '3,3', 33208, 1, 'Credit Memo - Escrow', 1);

INSERT INTO LOAN_ENTRY_TYPE_LINK (ENTRY_TYPE_ID,CHILD_ENTRY_TYPE_ID)
VALUES('33208','1903');

--INSERT INTO LOAN_LEDGER_POSTING_PARAMETERS(UNIQUE_ID, INSTITUTION_ID, ENTRY_TYPE_ID, ACCOUNT_TYPE_ID, AFFECTS_DATE_LAST_ACTIVITY, AFFECTS_ORIG_LOAN_BALANCE, AFFECTS_PRINCIPAL_BALANCE, AFFECTS_PRINCIPAL_DUE, AFFECTS_INTEREST_DUE, AFFECTS_ESCROW_DUE, AFFECTS_ESCROW_BALANCE, AFFECTS_NONESCROW_DUE, AFFECTS_NONESCROW_BALANCE, AFFECTS_BANK_REBATE, AFFECTS_CREDIT_LIFE_DUE, AFFECTS_CREDIT_LIFE_PREMIUM, AFFECTS_CREDIT_LIFE_REBATE, AFFECTS_ACC_HEALTH_DUE, AFFECTS_ACC_HEALTH_PREMIUM, AFFECTS_ACC_HEALTH_REBATE, AFFECTS_OTHER_FEE_DUE, AFFECTS_COLLATERAL_INS_DUE, AFFECTS_COLLATERAL_INS_PREMIUM, AFFECTS_COLLATERAL_INS_REBATE, AFFECTS_UNAPPLIED_FUND, AFFECTS_PARTIAL_PAYMENT, AFFECTS_COLL_LATE_CHARGE, AFFECTS_UNCOLL_LATE_CHARGE, AFFECTS_WAIVED_LATE_CHARGE, AFFECTS_DATE_LAST_TRANSACTION, AFFECTS_DATE_NEXT_DUE, AFFECTS_LINE_OF_CREDIT, AFFECTS_UNUSED_LINE_OF_CREDIT, AFFECTS_NET_PAYOFF, AFFECTS_PAYMENT_MAID, AFFECTS_RETURNED_CHECKS, AFFECTS_INTEREST_YTD, AFFECTS_INTEREST_MTD, AFFECTS_INTEREST_LTD, AFFECTS_ACCRUED_INTEREST, AFFECTS_LOAN_STATUS, AFFECTS_PAYOUT_CODE, AFFECTS_DATE_CLOSED, AFFECTS_NEXTESCROWDISBURSEDATE, AFFECTS_PRINCIPAL_PAID_TO_DATE, AFFECTS_INTEREST_PAID_TO_DATE, AFFECTS_FUTURE_PAYMENT_COUNT, AFFECTS_DATE_PREVIOUS_ACTIVITY, AFFECTS_SPECIAL_RES_REBATE_1, AFFECTS_SPECIAL_RES_REBATE_2, AFFECTS_PAYMENT_NUMBER, AFFECTS_ACCRUED_INTEREST_NET, AFFECTS_ACCRUED_INTEREST_MTD, AFFECTS_ACCRUED_INTEREST_YTD, AFFECTS_ACCUMULATED_INTEREST, AFFECTS_NEXT_NONESCDISBURDATE, AFFECTS_DEALER_RESERVE_REBATE, AFFECTS_DEALER_HOLDBACK_REBATE, AFFECTS_SPECIAL_RESERVE1, AFFECTS_SPECIAL_RESERVE2, AFFECTS_LAST_STMT_BALANCE, AFFECTS_LAST_STMT_DATE, AFFECTS_LAST_PAYMENT_DATE, AFFECTS_DEALER_INTEREST, AFFECTS_DEALER_ACCRUED_INT, AFFECTS_DEALER_ACCUMULATED_INT, AFFECTS_ACCRUED_CHARGE1, AFFECTS_ACCUMULATED_CHARGE1, AFFECTS_ACCRUED_CHARGE2, AFFECTS_ACCUMULATED_CHARGE2, AFFECTS_UNUSED_LINE_COMMIT_FEE, AFFECTS_ACCRDUNUSEDLINECOMMFEE, AFFECTS_LOW_BORROWING_YTD, AFFECTS_AGGREGATE_BAL_YTD, AFFECTS_TAX_PAID_YTD, AFFECTS_PRE_YEAR_TAX_PAID, AFFECTS_PRE_YEAR_INT_PAID, AFFECTS_ACCUMUNUSEDLINECOMMFEE) 
--    VALUES(33208, '1',' ', '208', 0, 0, 0, 0, 0, 0, 0, 0, 0, 0, 0, 0, 0, 0, 0, 0, 0, 0, 0, 0, 0, 0, 0, 0, 0, 0, 0, 0, 0, 0, 0, 0, 0, 0, 0, 0, 0, 0, 0, 0, 0, 0, 0, 0, 0, 0, 0, 0, 0, 0, 0, 0, 0, 0, 0, 0, 0, 0, 0, 0, 0, 0, 0, 0, 0, 0, 0, 0, 0, 0, 0, 0, 0, 0);
--
--UPDATE LOAN_LEDGER_POSTING_PARAMETERS SET AFFECTS_DATE_LAST_ACTIVITY=1,AFFECTS_DATE_PREVIOUS_ACTIVITY=1,
--AFFECTS_ESCROW_BALANCE=1,AFFECTS_DATE_LAST_TRANSACTION=1,AFFECTS_NET_PAYOFF=1 WHERE UNIQUE_ID=33208;

-- SIL Debit Memo - Escrow (2,3)

INSERT INTO LOAN_ENTRY_TYPE(UNIQUE_ID, ID, INSTITUTION_ID, ACCOUNT_CATEGORY, ACCOUNT_TYPE_ID, TRAN_TYPE_GROUP_ID, EVENT_TYPE_ID, DISTRIBUTION_RULE_ID, DEBIT_OR_CREDIT, DESCRIPTION, IS_MONETARY) 
    VALUES(23208,' ', null, 'LOAN', '208', 'REGULAR', '2,3', 23208, 0, 'Debit Memo - Escrow', 1);

INSERT INTO LOAN_ENTRY_TYPE_LINK (ENTRY_TYPE_ID,CHILD_ENTRY_TYPE_ID)
VALUES('23208','1803');

--INSERT INTO LOAN_LEDGER_POSTING_PARAMETERS(UNIQUE_ID, INSTITUTION_ID, ENTRY_TYPE_ID, ACCOUNT_TYPE_ID, AFFECTS_DATE_LAST_ACTIVITY, AFFECTS_ORIG_LOAN_BALANCE, AFFECTS_PRINCIPAL_BALANCE, AFFECTS_PRINCIPAL_DUE, AFFECTS_INTEREST_DUE, AFFECTS_ESCROW_DUE, AFFECTS_ESCROW_BALANCE, AFFECTS_NONESCROW_DUE, AFFECTS_NONESCROW_BALANCE, AFFECTS_BANK_REBATE, AFFECTS_CREDIT_LIFE_DUE, AFFECTS_CREDIT_LIFE_PREMIUM, AFFECTS_CREDIT_LIFE_REBATE, AFFECTS_ACC_HEALTH_DUE, AFFECTS_ACC_HEALTH_PREMIUM, AFFECTS_ACC_HEALTH_REBATE, AFFECTS_OTHER_FEE_DUE, AFFECTS_COLLATERAL_INS_DUE, AFFECTS_COLLATERAL_INS_PREMIUM, AFFECTS_COLLATERAL_INS_REBATE, AFFECTS_UNAPPLIED_FUND, AFFECTS_PARTIAL_PAYMENT, AFFECTS_COLL_LATE_CHARGE, AFFECTS_UNCOLL_LATE_CHARGE, AFFECTS_WAIVED_LATE_CHARGE, AFFECTS_DATE_LAST_TRANSACTION, AFFECTS_DATE_NEXT_DUE, AFFECTS_LINE_OF_CREDIT, AFFECTS_UNUSED_LINE_OF_CREDIT, AFFECTS_NET_PAYOFF, AFFECTS_PAYMENT_MAID, AFFECTS_RETURNED_CHECKS, AFFECTS_INTEREST_YTD, AFFECTS_INTEREST_MTD, AFFECTS_INTEREST_LTD, AFFECTS_ACCRUED_INTEREST, AFFECTS_LOAN_STATUS, AFFECTS_PAYOUT_CODE, AFFECTS_DATE_CLOSED, AFFECTS_NEXTESCROWDISBURSEDATE, AFFECTS_PRINCIPAL_PAID_TO_DATE, AFFECTS_INTEREST_PAID_TO_DATE, AFFECTS_FUTURE_PAYMENT_COUNT, AFFECTS_DATE_PREVIOUS_ACTIVITY, AFFECTS_SPECIAL_RES_REBATE_1, AFFECTS_SPECIAL_RES_REBATE_2, AFFECTS_PAYMENT_NUMBER, AFFECTS_ACCRUED_INTEREST_NET, AFFECTS_ACCRUED_INTEREST_MTD, AFFECTS_ACCRUED_INTEREST_YTD, AFFECTS_ACCUMULATED_INTEREST, AFFECTS_NEXT_NONESCDISBURDATE, AFFECTS_DEALER_RESERVE_REBATE, AFFECTS_DEALER_HOLDBACK_REBATE, AFFECTS_SPECIAL_RESERVE1, AFFECTS_SPECIAL_RESERVE2, AFFECTS_LAST_STMT_BALANCE, AFFECTS_LAST_STMT_DATE, AFFECTS_LAST_PAYMENT_DATE, AFFECTS_DEALER_INTEREST, AFFECTS_DEALER_ACCRUED_INT, AFFECTS_DEALER_ACCUMULATED_INT, AFFECTS_ACCRUED_CHARGE1, AFFECTS_ACCUMULATED_CHARGE1, AFFECTS_ACCRUED_CHARGE2, AFFECTS_ACCUMULATED_CHARGE2, AFFECTS_UNUSED_LINE_COMMIT_FEE, AFFECTS_ACCRDUNUSEDLINECOMMFEE, AFFECTS_LOW_BORROWING_YTD, AFFECTS_AGGREGATE_BAL_YTD, AFFECTS_TAX_PAID_YTD, AFFECTS_PRE_YEAR_TAX_PAID, AFFECTS_PRE_YEAR_INT_PAID, AFFECTS_ACCUMUNUSEDLINECOMMFEE) 
--    VALUES(23208, '1',' ', '208', 0, 0, 0, 0, 0, 0, 0, 0, 0, 0, 0, 0, 0, 0, 0, 0, 0, 0, 0, 0, 0, 0, 0, 0, 0, 0, 0, 0, 0, 0, 0, 0, 0, 0, 0, 0, 0, 0, 0, 0, 0, 0, 0, 0, 0, 0, 0, 0, 0, 0, 0, 0, 0, 0, 0, 0, 0, 0, 0, 0, 0, 0, 0, 0, 0, 0, 0, 0, 0, 0, 0, 0, 0, 0);
--
--UPDATE LOAN_LEDGER_POSTING_PARAMETERS SET AFFECTS_DATE_LAST_ACTIVITY=1,AFFECTS_DATE_PREVIOUS_ACTIVITY=1,
--AFFECTS_ESCROW_BALANCE=1,AFFECTS_DATE_LAST_TRANSACTION=1,AFFECTS_NET_PAYOFF=1 WHERE UNIQUE_ID=23208;

--Mortgage


-- Mortgage Credit Memo - Principal  (3,1)

INSERT INTO LOAN_ENTRY_TYPE(UNIQUE_ID, ID, INSTITUTION_ID, ACCOUNT_CATEGORY, ACCOUNT_TYPE_ID, TRAN_TYPE_GROUP_ID, EVENT_TYPE_ID, DISTRIBUTION_RULE_ID, DEBIT_OR_CREDIT, DESCRIPTION, IS_MONETARY) 
    VALUES(31110,' ', null, 'LOAN', '110', 'REGULAR', '3,1', 31110, 1, 'Credit Memo - Principal', 0);

INSERT INTO LOAN_ENTRY_TYPE_LINK (ENTRY_TYPE_ID,CHILD_ENTRY_TYPE_ID)
VALUES('31110','1901');

--INSERT INTO LOAN_LEDGER_POSTING_PARAMETERS(UNIQUE_ID, INSTITUTION_ID, ENTRY_TYPE_ID, ACCOUNT_TYPE_ID, AFFECTS_DATE_LAST_ACTIVITY, AFFECTS_ORIG_LOAN_BALANCE, AFFECTS_PRINCIPAL_BALANCE, AFFECTS_PRINCIPAL_DUE, AFFECTS_INTEREST_DUE, AFFECTS_ESCROW_DUE, AFFECTS_ESCROW_BALANCE, AFFECTS_NONESCROW_DUE, AFFECTS_NONESCROW_BALANCE, AFFECTS_BANK_REBATE, AFFECTS_CREDIT_LIFE_DUE, AFFECTS_CREDIT_LIFE_PREMIUM, AFFECTS_CREDIT_LIFE_REBATE, AFFECTS_ACC_HEALTH_DUE, AFFECTS_ACC_HEALTH_PREMIUM, AFFECTS_ACC_HEALTH_REBATE, AFFECTS_OTHER_FEE_DUE, AFFECTS_COLLATERAL_INS_DUE, AFFECTS_COLLATERAL_INS_PREMIUM, AFFECTS_COLLATERAL_INS_REBATE, AFFECTS_UNAPPLIED_FUND, AFFECTS_PARTIAL_PAYMENT, AFFECTS_COLL_LATE_CHARGE, AFFECTS_UNCOLL_LATE_CHARGE, AFFECTS_WAIVED_LATE_CHARGE, AFFECTS_DATE_LAST_TRANSACTION, AFFECTS_DATE_NEXT_DUE, AFFECTS_LINE_OF_CREDIT, AFFECTS_UNUSED_LINE_OF_CREDIT, AFFECTS_NET_PAYOFF, AFFECTS_PAYMENT_MAID, AFFECTS_RETURNED_CHECKS, AFFECTS_INTEREST_YTD, AFFECTS_INTEREST_MTD, AFFECTS_INTEREST_LTD, AFFECTS_ACCRUED_INTEREST, AFFECTS_LOAN_STATUS, AFFECTS_PAYOUT_CODE, AFFECTS_DATE_CLOSED, AFFECTS_NEXTESCROWDISBURSEDATE, AFFECTS_PRINCIPAL_PAID_TO_DATE, AFFECTS_INTEREST_PAID_TO_DATE, AFFECTS_FUTURE_PAYMENT_COUNT, AFFECTS_DATE_PREVIOUS_ACTIVITY, AFFECTS_SPECIAL_RES_REBATE_1, AFFECTS_SPECIAL_RES_REBATE_2, AFFECTS_PAYMENT_NUMBER, AFFECTS_ACCRUED_INTEREST_NET, AFFECTS_ACCRUED_INTEREST_MTD, AFFECTS_ACCRUED_INTEREST_YTD, AFFECTS_ACCUMULATED_INTEREST, AFFECTS_NEXT_NONESCDISBURDATE, AFFECTS_DEALER_RESERVE_REBATE, AFFECTS_DEALER_HOLDBACK_REBATE, AFFECTS_SPECIAL_RESERVE1, AFFECTS_SPECIAL_RESERVE2, AFFECTS_LAST_STMT_BALANCE, AFFECTS_LAST_STMT_DATE, AFFECTS_LAST_PAYMENT_DATE, AFFECTS_DEALER_INTEREST, AFFECTS_DEALER_ACCRUED_INT, AFFECTS_DEALER_ACCUMULATED_INT, AFFECTS_ACCRUED_CHARGE1, AFFECTS_ACCUMULATED_CHARGE1, AFFECTS_ACCRUED_CHARGE2, AFFECTS_ACCUMULATED_CHARGE2, AFFECTS_UNUSED_LINE_COMMIT_FEE, AFFECTS_ACCRDUNUSEDLINECOMMFEE, AFFECTS_LOW_BORROWING_YTD, AFFECTS_AGGREGATE_BAL_YTD, AFFECTS_TAX_PAID_YTD, AFFECTS_PRE_YEAR_TAX_PAID, AFFECTS_PRE_YEAR_INT_PAID, AFFECTS_ACCUMUNUSEDLINECOMMFEE) 
--    VALUES(31110, '1',' ', '208', 0, 0, 0, 0, 0, 0, 0, 0, 0, 0, 0, 0, 0, 0, 0, 0, 0, 0, 0, 0, 0, 0, 0, 0, 0, 0, 0, 0, 0, 0, 0, 0, 0, 0, 0, 0, 0, 0, 0, 0, 0, 0, 0, 0, 0, 0, 0, 0, 0, 0, 0, 0, 0, 0, 0, 0, 0, 0, 0, 0, 0, 0, 0, 0, 0, 0, 0, 0, 0, 0, 0, 0, 0, 0);
--
--UPDATE LOAN_LEDGER_POSTING_PARAMETERS SET AFFECTS_DATE_LAST_ACTIVITY=1,AFFECTS_DATE_PREVIOUS_ACTIVITY=1,
--AFFECTS_PRINCIPAL_BALANCE=1,AFFECTS_DATE_LAST_TRANSACTION=1,AFFECTS_NET_PAYOFF=1 WHERE UNIQUE_ID=31110;

-- Mortgage Debit Memo - Principal  (2,1)

INSERT INTO LOAN_ENTRY_TYPE(UNIQUE_ID, ID, INSTITUTION_ID, ACCOUNT_CATEGORY, ACCOUNT_TYPE_ID, TRAN_TYPE_GROUP_ID, EVENT_TYPE_ID, DISTRIBUTION_RULE_ID, DEBIT_OR_CREDIT, DESCRIPTION, IS_MONETARY) 
    VALUES(21110,' ', null, 'LOAN', '110', 'REGULAR', '2,1', 21110, 0, 'Debit Memo - Principal', 0);

INSERT INTO LOAN_ENTRY_TYPE_LINK (ENTRY_TYPE_ID,CHILD_ENTRY_TYPE_ID)
VALUES('21110','1801');

--INSERT INTO LOAN_LEDGER_POSTING_PARAMETERS(UNIQUE_ID, INSTITUTION_ID, ENTRY_TYPE_ID, ACCOUNT_TYPE_ID, AFFECTS_DATE_LAST_ACTIVITY, AFFECTS_ORIG_LOAN_BALANCE, AFFECTS_PRINCIPAL_BALANCE, AFFECTS_PRINCIPAL_DUE, AFFECTS_INTEREST_DUE, AFFECTS_ESCROW_DUE, AFFECTS_ESCROW_BALANCE, AFFECTS_NONESCROW_DUE, AFFECTS_NONESCROW_BALANCE, AFFECTS_BANK_REBATE, AFFECTS_CREDIT_LIFE_DUE, AFFECTS_CREDIT_LIFE_PREMIUM, AFFECTS_CREDIT_LIFE_REBATE, AFFECTS_ACC_HEALTH_DUE, AFFECTS_ACC_HEALTH_PREMIUM, AFFECTS_ACC_HEALTH_REBATE, AFFECTS_OTHER_FEE_DUE, AFFECTS_COLLATERAL_INS_DUE, AFFECTS_COLLATERAL_INS_PREMIUM, AFFECTS_COLLATERAL_INS_REBATE, AFFECTS_UNAPPLIED_FUND, AFFECTS_PARTIAL_PAYMENT, AFFECTS_COLL_LATE_CHARGE, AFFECTS_UNCOLL_LATE_CHARGE, AFFECTS_WAIVED_LATE_CHARGE, AFFECTS_DATE_LAST_TRANSACTION, AFFECTS_DATE_NEXT_DUE, AFFECTS_LINE_OF_CREDIT, AFFECTS_UNUSED_LINE_OF_CREDIT, AFFECTS_NET_PAYOFF, AFFECTS_PAYMENT_MAID, AFFECTS_RETURNED_CHECKS, AFFECTS_INTEREST_YTD, AFFECTS_INTEREST_MTD, AFFECTS_INTEREST_LTD, AFFECTS_ACCRUED_INTEREST, AFFECTS_LOAN_STATUS, AFFECTS_PAYOUT_CODE, AFFECTS_DATE_CLOSED, AFFECTS_NEXTESCROWDISBURSEDATE, AFFECTS_PRINCIPAL_PAID_TO_DATE, AFFECTS_INTEREST_PAID_TO_DATE, AFFECTS_FUTURE_PAYMENT_COUNT, AFFECTS_DATE_PREVIOUS_ACTIVITY, AFFECTS_SPECIAL_RES_REBATE_1, AFFECTS_SPECIAL_RES_REBATE_2, AFFECTS_PAYMENT_NUMBER, AFFECTS_ACCRUED_INTEREST_NET, AFFECTS_ACCRUED_INTEREST_MTD, AFFECTS_ACCRUED_INTEREST_YTD, AFFECTS_ACCUMULATED_INTEREST, AFFECTS_NEXT_NONESCDISBURDATE, AFFECTS_DEALER_RESERVE_REBATE, AFFECTS_DEALER_HOLDBACK_REBATE, AFFECTS_SPECIAL_RESERVE1, AFFECTS_SPECIAL_RESERVE2, AFFECTS_LAST_STMT_BALANCE, AFFECTS_LAST_STMT_DATE, AFFECTS_LAST_PAYMENT_DATE, AFFECTS_DEALER_INTEREST, AFFECTS_DEALER_ACCRUED_INT, AFFECTS_DEALER_ACCUMULATED_INT, AFFECTS_ACCRUED_CHARGE1, AFFECTS_ACCUMULATED_CHARGE1, AFFECTS_ACCRUED_CHARGE2, AFFECTS_ACCUMULATED_CHARGE2, AFFECTS_UNUSED_LINE_COMMIT_FEE, AFFECTS_ACCRDUNUSEDLINECOMMFEE, AFFECTS_LOW_BORROWING_YTD, AFFECTS_AGGREGATE_BAL_YTD, AFFECTS_TAX_PAID_YTD, AFFECTS_PRE_YEAR_TAX_PAID, AFFECTS_PRE_YEAR_INT_PAID, AFFECTS_ACCUMUNUSEDLINECOMMFEE) 
--    VALUES(21110, '1',' ', '110', 0, 0, 0, 0, 0, 0, 0, 0, 0, 0, 0, 0, 0, 0, 0, 0, 0, 0, 0, 0, 0, 0, 0, 0, 0, 0, 0, 0, 0, 0, 0, 0, 0, 0, 0, 0, 0, 0, 0, 0, 0, 0, 0, 0, 0, 0, 0, 0, 0, 0, 0, 0, 0, 0, 0, 0, 0, 0, 0, 0, 0, 0, 0, 0, 0, 0, 0, 0, 0, 0, 0, 0, 0, 0);
--
--UPDATE LOAN_LEDGER_POSTING_PARAMETERS SET AFFECTS_DATE_LAST_ACTIVITY=1,AFFECTS_DATE_PREVIOUS_ACTIVITY=1,
--AFFECTS_PRINCIPAL_BALANCE=1,AFFECTS_DATE_LAST_TRANSACTION=1,AFFECTS_NET_PAYOFF=1 WHERE UNIQUE_ID=21110;

-- Mortgage Credit Memo - Other Fee  (3,4)

INSERT INTO LOAN_ENTRY_TYPE_LINK (ENTRY_TYPE_ID,CHILD_ENTRY_TYPE_ID)
VALUES('34110','1904');

INSERT INTO LOAN_ENTRY_TYPE(UNIQUE_ID, ID, INSTITUTION_ID, ACCOUNT_CATEGORY, ACCOUNT_TYPE_ID, TRAN_TYPE_GROUP_ID, EVENT_TYPE_ID, DISTRIBUTION_RULE_ID, DEBIT_OR_CREDIT, DESCRIPTION, IS_MONETARY) 
    VALUES(34110, '309', null, 'LOAN', '110', 'REGULAR', '3,4', 34110, 1, 'Credit Memo - Other Fee', 0);


--INSERT INTO LOAN_LEDGER_POSTING_PARAMETERS(UNIQUE_ID, INSTITUTION_ID, ENTRY_TYPE_ID, ACCOUNT_TYPE_ID, AFFECTS_DATE_LAST_ACTIVITY, AFFECTS_ORIG_LOAN_BALANCE, AFFECTS_PRINCIPAL_BALANCE, AFFECTS_PRINCIPAL_DUE, AFFECTS_INTEREST_DUE, AFFECTS_ESCROW_DUE, AFFECTS_ESCROW_BALANCE, AFFECTS_NONESCROW_DUE, AFFECTS_NONESCROW_BALANCE, AFFECTS_BANK_REBATE, AFFECTS_CREDIT_LIFE_DUE, AFFECTS_CREDIT_LIFE_PREMIUM, AFFECTS_CREDIT_LIFE_REBATE, AFFECTS_ACC_HEALTH_DUE, AFFECTS_ACC_HEALTH_PREMIUM, AFFECTS_ACC_HEALTH_REBATE, AFFECTS_OTHER_FEE_DUE, AFFECTS_COLLATERAL_INS_DUE, AFFECTS_COLLATERAL_INS_PREMIUM, AFFECTS_COLLATERAL_INS_REBATE, AFFECTS_UNAPPLIED_FUND, AFFECTS_PARTIAL_PAYMENT, AFFECTS_COLL_LATE_CHARGE, AFFECTS_UNCOLL_LATE_CHARGE, AFFECTS_WAIVED_LATE_CHARGE, AFFECTS_DATE_LAST_TRANSACTION, AFFECTS_DATE_NEXT_DUE, AFFECTS_LINE_OF_CREDIT, AFFECTS_UNUSED_LINE_OF_CREDIT, AFFECTS_NET_PAYOFF, AFFECTS_PAYMENT_MAID, AFFECTS_RETURNED_CHECKS, AFFECTS_INTEREST_YTD, AFFECTS_INTEREST_MTD, AFFECTS_INTEREST_LTD, AFFECTS_ACCRUED_INTEREST, AFFECTS_LOAN_STATUS, AFFECTS_PAYOUT_CODE, AFFECTS_DATE_CLOSED, AFFECTS_NEXTESCROWDISBURSEDATE, AFFECTS_PRINCIPAL_PAID_TO_DATE, AFFECTS_INTEREST_PAID_TO_DATE, AFFECTS_FUTURE_PAYMENT_COUNT, AFFECTS_DATE_PREVIOUS_ACTIVITY, AFFECTS_SPECIAL_RES_REBATE_1, AFFECTS_SPECIAL_RES_REBATE_2, AFFECTS_PAYMENT_NUMBER, AFFECTS_ACCRUED_INTEREST_NET, AFFECTS_ACCRUED_INTEREST_MTD, AFFECTS_ACCRUED_INTEREST_YTD, AFFECTS_ACCUMULATED_INTEREST, AFFECTS_NEXT_NONESCDISBURDATE, AFFECTS_DEALER_RESERVE_REBATE, AFFECTS_DEALER_HOLDBACK_REBATE, AFFECTS_SPECIAL_RESERVE1, AFFECTS_SPECIAL_RESERVE2, AFFECTS_LAST_STMT_BALANCE, AFFECTS_LAST_STMT_DATE, AFFECTS_LAST_PAYMENT_DATE, AFFECTS_DEALER_INTEREST, AFFECTS_DEALER_ACCRUED_INT, AFFECTS_DEALER_ACCUMULATED_INT, AFFECTS_ACCRUED_CHARGE1, AFFECTS_ACCUMULATED_CHARGE1, AFFECTS_ACCRUED_CHARGE2, AFFECTS_ACCUMULATED_CHARGE2, AFFECTS_UNUSED_LINE_COMMIT_FEE, AFFECTS_ACCRDUNUSEDLINECOMMFEE, AFFECTS_LOW_BORROWING_YTD, AFFECTS_AGGREGATE_BAL_YTD, AFFECTS_TAX_PAID_YTD, AFFECTS_PRE_YEAR_TAX_PAID, AFFECTS_PRE_YEAR_INT_PAID, AFFECTS_ACCUMUNUSEDLINECOMMFEE) 
--    VALUES(34110, '1', '309', '110', 0, 0, 0, 0, 0, 0, 0, 0, 0, 0, 0, 0, 0, 0, 0, 0, 0, 0, 0, 0, 0, 0, 0, 0, 0, 0, 0, 0, 0, 0, 0, 0, 0, 0, 0, 0, 0, 0, 0, 0, 0, 0, 0, 0, 0, 0, 0, 0, 0, 0, 0, 0, 0, 0, 0, 0, 0, 0, 0, 0, 0, 0, 0, 0, 0, 0, 0, 0, 0, 0, 0, 0, 0, 0);
--
--UPDATE LOAN_LEDGER_POSTING_PARAMETERS SET AFFECTS_DATE_LAST_ACTIVITY=1,AFFECTS_DATE_PREVIOUS_ACTIVITY=1,
--AFFECTS_OTHER_FEE_DUE=1,AFFECTS_DATE_LAST_TRANSACTION=1,AFFECTS_NET_PAYOFF=1 WHERE UNIQUE_ID=34110;

-- Mortgage Debit Memo - Other Fee  (2,4)

INSERT INTO LOAN_ENTRY_TYPE_LINK (ENTRY_TYPE_ID,CHILD_ENTRY_TYPE_ID)
VALUES('24110','1804');

INSERT INTO LOAN_ENTRY_TYPE(UNIQUE_ID, ID, INSTITUTION_ID, ACCOUNT_CATEGORY, ACCOUNT_TYPE_ID, TRAN_TYPE_GROUP_ID, EVENT_TYPE_ID, DISTRIBUTION_RULE_ID, DEBIT_OR_CREDIT, DESCRIPTION, IS_MONETARY) 
    VALUES(24110, '308', null, 'LOAN', '110', 'REGULAR', '3,4', 24110, 0, 'Debit Memo - Other Fee', 0);


--INSERT INTO LOAN_LEDGER_POSTING_PARAMETERS(UNIQUE_ID, INSTITUTION_ID, ENTRY_TYPE_ID, ACCOUNT_TYPE_ID, AFFECTS_DATE_LAST_ACTIVITY, AFFECTS_ORIG_LOAN_BALANCE, AFFECTS_PRINCIPAL_BALANCE, AFFECTS_PRINCIPAL_DUE, AFFECTS_INTEREST_DUE, AFFECTS_ESCROW_DUE, AFFECTS_ESCROW_BALANCE, AFFECTS_NONESCROW_DUE, AFFECTS_NONESCROW_BALANCE, AFFECTS_BANK_REBATE, AFFECTS_CREDIT_LIFE_DUE, AFFECTS_CREDIT_LIFE_PREMIUM, AFFECTS_CREDIT_LIFE_REBATE, AFFECTS_ACC_HEALTH_DUE, AFFECTS_ACC_HEALTH_PREMIUM, AFFECTS_ACC_HEALTH_REBATE, AFFECTS_OTHER_FEE_DUE, AFFECTS_COLLATERAL_INS_DUE, AFFECTS_COLLATERAL_INS_PREMIUM, AFFECTS_COLLATERAL_INS_REBATE, AFFECTS_UNAPPLIED_FUND, AFFECTS_PARTIAL_PAYMENT, AFFECTS_COLL_LATE_CHARGE, AFFECTS_UNCOLL_LATE_CHARGE, AFFECTS_WAIVED_LATE_CHARGE, AFFECTS_DATE_LAST_TRANSACTION, AFFECTS_DATE_NEXT_DUE, AFFECTS_LINE_OF_CREDIT, AFFECTS_UNUSED_LINE_OF_CREDIT, AFFECTS_NET_PAYOFF, AFFECTS_PAYMENT_MAID, AFFECTS_RETURNED_CHECKS, AFFECTS_INTEREST_YTD, AFFECTS_INTEREST_MTD, AFFECTS_INTEREST_LTD, AFFECTS_ACCRUED_INTEREST, AFFECTS_LOAN_STATUS, AFFECTS_PAYOUT_CODE, AFFECTS_DATE_CLOSED, AFFECTS_NEXTESCROWDISBURSEDATE, AFFECTS_PRINCIPAL_PAID_TO_DATE, AFFECTS_INTEREST_PAID_TO_DATE, AFFECTS_FUTURE_PAYMENT_COUNT, AFFECTS_DATE_PREVIOUS_ACTIVITY, AFFECTS_SPECIAL_RES_REBATE_1, AFFECTS_SPECIAL_RES_REBATE_2, AFFECTS_PAYMENT_NUMBER, AFFECTS_ACCRUED_INTEREST_NET, AFFECTS_ACCRUED_INTEREST_MTD, AFFECTS_ACCRUED_INTEREST_YTD, AFFECTS_ACCUMULATED_INTEREST, AFFECTS_NEXT_NONESCDISBURDATE, AFFECTS_DEALER_RESERVE_REBATE, AFFECTS_DEALER_HOLDBACK_REBATE, AFFECTS_SPECIAL_RESERVE1, AFFECTS_SPECIAL_RESERVE2, AFFECTS_LAST_STMT_BALANCE, AFFECTS_LAST_STMT_DATE, AFFECTS_LAST_PAYMENT_DATE, AFFECTS_DEALER_INTEREST, AFFECTS_DEALER_ACCRUED_INT, AFFECTS_DEALER_ACCUMULATED_INT, AFFECTS_ACCRUED_CHARGE1, AFFECTS_ACCUMULATED_CHARGE1, AFFECTS_ACCRUED_CHARGE2, AFFECTS_ACCUMULATED_CHARGE2, AFFECTS_UNUSED_LINE_COMMIT_FEE, AFFECTS_ACCRDUNUSEDLINECOMMFEE, AFFECTS_LOW_BORROWING_YTD, AFFECTS_AGGREGATE_BAL_YTD, AFFECTS_TAX_PAID_YTD, AFFECTS_PRE_YEAR_TAX_PAID, AFFECTS_PRE_YEAR_INT_PAID, AFFECTS_ACCUMUNUSEDLINECOMMFEE) 
--    VALUES(24110, '1', '308', '110', 0, 0, 0, 0, 0, 0, 0, 0, 0, 0, 0, 0, 0, 0, 0, 0, 0, 0, 0, 0, 0, 0, 0, 0, 0, 0, 0, 0, 0, 0, 0, 0, 0, 0, 0, 0, 0, 0, 0, 0, 0, 0, 0, 0, 0, 0, 0, 0, 0, 0, 0, 0, 0, 0, 0, 0, 0, 0, 0, 0, 0, 0, 0, 0, 0, 0, 0, 0, 0, 0, 0, 0, 0, 0);
--
--UPDATE LOAN_LEDGER_POSTING_PARAMETERS SET AFFECTS_DATE_LAST_ACTIVITY=1,AFFECTS_DATE_PREVIOUS_ACTIVITY=1,
--AFFECTS_OTHER_FEE_DUE=1,AFFECTS_DATE_LAST_TRANSACTION=1,AFFECTS_NET_PAYOFF=1 WHERE UNIQUE_ID=24110;

-- Mortgage Credit Memo - Escrow  (3,3)

INSERT INTO LOAN_ENTRY_TYPE(UNIQUE_ID, ID, INSTITUTION_ID, ACCOUNT_CATEGORY, ACCOUNT_TYPE_ID, TRAN_TYPE_GROUP_ID, EVENT_TYPE_ID, DISTRIBUTION_RULE_ID, DEBIT_OR_CREDIT, DESCRIPTION, IS_MONETARY) 
    VALUES(33110,' ', null, 'LOAN', '110', 'REGULAR', '3,3', 33110, 1, 'Credit Memo - Escrow', 1);

INSERT INTO LOAN_ENTRY_TYPE_LINK (ENTRY_TYPE_ID,CHILD_ENTRY_TYPE_ID)
VALUES('33110','1903');

--INSERT INTO LOAN_LEDGER_POSTING_PARAMETERS(UNIQUE_ID, INSTITUTION_ID, ENTRY_TYPE_ID, ACCOUNT_TYPE_ID, AFFECTS_DATE_LAST_ACTIVITY, AFFECTS_ORIG_LOAN_BALANCE, AFFECTS_PRINCIPAL_BALANCE, AFFECTS_PRINCIPAL_DUE, AFFECTS_INTEREST_DUE, AFFECTS_ESCROW_DUE, AFFECTS_ESCROW_BALANCE, AFFECTS_NONESCROW_DUE, AFFECTS_NONESCROW_BALANCE, AFFECTS_BANK_REBATE, AFFECTS_CREDIT_LIFE_DUE, AFFECTS_CREDIT_LIFE_PREMIUM, AFFECTS_CREDIT_LIFE_REBATE, AFFECTS_ACC_HEALTH_DUE, AFFECTS_ACC_HEALTH_PREMIUM, AFFECTS_ACC_HEALTH_REBATE, AFFECTS_OTHER_FEE_DUE, AFFECTS_COLLATERAL_INS_DUE, AFFECTS_COLLATERAL_INS_PREMIUM, AFFECTS_COLLATERAL_INS_REBATE, AFFECTS_UNAPPLIED_FUND, AFFECTS_PARTIAL_PAYMENT, AFFECTS_COLL_LATE_CHARGE, AFFECTS_UNCOLL_LATE_CHARGE, AFFECTS_WAIVED_LATE_CHARGE, AFFECTS_DATE_LAST_TRANSACTION, AFFECTS_DATE_NEXT_DUE, AFFECTS_LINE_OF_CREDIT, AFFECTS_UNUSED_LINE_OF_CREDIT, AFFECTS_NET_PAYOFF, AFFECTS_PAYMENT_MAID, AFFECTS_RETURNED_CHECKS, AFFECTS_INTEREST_YTD, AFFECTS_INTEREST_MTD, AFFECTS_INTEREST_LTD, AFFECTS_ACCRUED_INTEREST, AFFECTS_LOAN_STATUS, AFFECTS_PAYOUT_CODE, AFFECTS_DATE_CLOSED, AFFECTS_NEXTESCROWDISBURSEDATE, AFFECTS_PRINCIPAL_PAID_TO_DATE, AFFECTS_INTEREST_PAID_TO_DATE, AFFECTS_FUTURE_PAYMENT_COUNT, AFFECTS_DATE_PREVIOUS_ACTIVITY, AFFECTS_SPECIAL_RES_REBATE_1, AFFECTS_SPECIAL_RES_REBATE_2, AFFECTS_PAYMENT_NUMBER, AFFECTS_ACCRUED_INTEREST_NET, AFFECTS_ACCRUED_INTEREST_MTD, AFFECTS_ACCRUED_INTEREST_YTD, AFFECTS_ACCUMULATED_INTEREST, AFFECTS_NEXT_NONESCDISBURDATE, AFFECTS_DEALER_RESERVE_REBATE, AFFECTS_DEALER_HOLDBACK_REBATE, AFFECTS_SPECIAL_RESERVE1, AFFECTS_SPECIAL_RESERVE2, AFFECTS_LAST_STMT_BALANCE, AFFECTS_LAST_STMT_DATE, AFFECTS_LAST_PAYMENT_DATE, AFFECTS_DEALER_INTEREST, AFFECTS_DEALER_ACCRUED_INT, AFFECTS_DEALER_ACCUMULATED_INT, AFFECTS_ACCRUED_CHARGE1, AFFECTS_ACCUMULATED_CHARGE1, AFFECTS_ACCRUED_CHARGE2, AFFECTS_ACCUMULATED_CHARGE2, AFFECTS_UNUSED_LINE_COMMIT_FEE, AFFECTS_ACCRDUNUSEDLINECOMMFEE, AFFECTS_LOW_BORROWING_YTD, AFFECTS_AGGREGATE_BAL_YTD, AFFECTS_TAX_PAID_YTD, AFFECTS_PRE_YEAR_TAX_PAID, AFFECTS_PRE_YEAR_INT_PAID, AFFECTS_ACCUMUNUSEDLINECOMMFEE) 
--    VALUES(33110, '1',' ', '110', 0, 0, 0, 0, 0, 0, 0, 0, 0, 0, 0, 0, 0, 0, 0, 0, 0, 0, 0, 0, 0, 0, 0, 0, 0, 0, 0, 0, 0, 0, 0, 0, 0, 0, 0, 0, 0, 0, 0, 0, 0, 0, 0, 0, 0, 0, 0, 0, 0, 0, 0, 0, 0, 0, 0, 0, 0, 0, 0, 0, 0, 0, 0, 0, 0, 0, 0, 0, 0, 0, 0, 0, 0, 0);
--
--UPDATE LOAN_LEDGER_POSTING_PARAMETERS SET AFFECTS_DATE_LAST_ACTIVITY=1,AFFECTS_DATE_PREVIOUS_ACTIVITY=1,
--AFFECTS_ESCROW_BALANCE=1,AFFECTS_DATE_LAST_TRANSACTION=1,AFFECTS_NET_PAYOFF=1 WHERE UNIQUE_ID=33110;

-- Mortgage Debit Memo - Escrow (2,3)

INSERT INTO LOAN_ENTRY_TYPE(UNIQUE_ID, ID, INSTITUTION_ID, ACCOUNT_CATEGORY, ACCOUNT_TYPE_ID, TRAN_TYPE_GROUP_ID, EVENT_TYPE_ID, DISTRIBUTION_RULE_ID, DEBIT_OR_CREDIT, DESCRIPTION, IS_MONETARY) 
    VALUES(23110,' ', null, 'LOAN', '110', 'REGULAR', '2,3', 23110, 0, 'Debit Memo - Escrow', 1);

INSERT INTO LOAN_ENTRY_TYPE_LINK (ENTRY_TYPE_ID,CHILD_ENTRY_TYPE_ID)
VALUES('23110','1803');

--INSERT INTO LOAN_LEDGER_POSTING_PARAMETERS(UNIQUE_ID, INSTITUTION_ID, ENTRY_TYPE_ID, ACCOUNT_TYPE_ID, AFFECTS_DATE_LAST_ACTIVITY, AFFECTS_ORIG_LOAN_BALANCE, AFFECTS_PRINCIPAL_BALANCE, AFFECTS_PRINCIPAL_DUE, AFFECTS_INTEREST_DUE, AFFECTS_ESCROW_DUE, AFFECTS_ESCROW_BALANCE, AFFECTS_NONESCROW_DUE, AFFECTS_NONESCROW_BALANCE, AFFECTS_BANK_REBATE, AFFECTS_CREDIT_LIFE_DUE, AFFECTS_CREDIT_LIFE_PREMIUM, AFFECTS_CREDIT_LIFE_REBATE, AFFECTS_ACC_HEALTH_DUE, AFFECTS_ACC_HEALTH_PREMIUM, AFFECTS_ACC_HEALTH_REBATE, AFFECTS_OTHER_FEE_DUE, AFFECTS_COLLATERAL_INS_DUE, AFFECTS_COLLATERAL_INS_PREMIUM, AFFECTS_COLLATERAL_INS_REBATE, AFFECTS_UNAPPLIED_FUND, AFFECTS_PARTIAL_PAYMENT, AFFECTS_COLL_LATE_CHARGE, AFFECTS_UNCOLL_LATE_CHARGE, AFFECTS_WAIVED_LATE_CHARGE, AFFECTS_DATE_LAST_TRANSACTION, AFFECTS_DATE_NEXT_DUE, AFFECTS_LINE_OF_CREDIT, AFFECTS_UNUSED_LINE_OF_CREDIT, AFFECTS_NET_PAYOFF, AFFECTS_PAYMENT_MAID, AFFECTS_RETURNED_CHECKS, AFFECTS_INTEREST_YTD, AFFECTS_INTEREST_MTD, AFFECTS_INTEREST_LTD, AFFECTS_ACCRUED_INTEREST, AFFECTS_LOAN_STATUS, AFFECTS_PAYOUT_CODE, AFFECTS_DATE_CLOSED, AFFECTS_NEXTESCROWDISBURSEDATE, AFFECTS_PRINCIPAL_PAID_TO_DATE, AFFECTS_INTEREST_PAID_TO_DATE, AFFECTS_FUTURE_PAYMENT_COUNT, AFFECTS_DATE_PREVIOUS_ACTIVITY, AFFECTS_SPECIAL_RES_REBATE_1, AFFECTS_SPECIAL_RES_REBATE_2, AFFECTS_PAYMENT_NUMBER, AFFECTS_ACCRUED_INTEREST_NET, AFFECTS_ACCRUED_INTEREST_MTD, AFFECTS_ACCRUED_INTEREST_YTD, AFFECTS_ACCUMULATED_INTEREST, AFFECTS_NEXT_NONESCDISBURDATE, AFFECTS_DEALER_RESERVE_REBATE, AFFECTS_DEALER_HOLDBACK_REBATE, AFFECTS_SPECIAL_RESERVE1, AFFECTS_SPECIAL_RESERVE2, AFFECTS_LAST_STMT_BALANCE, AFFECTS_LAST_STMT_DATE, AFFECTS_LAST_PAYMENT_DATE, AFFECTS_DEALER_INTEREST, AFFECTS_DEALER_ACCRUED_INT, AFFECTS_DEALER_ACCUMULATED_INT, AFFECTS_ACCRUED_CHARGE1, AFFECTS_ACCUMULATED_CHARGE1, AFFECTS_ACCRUED_CHARGE2, AFFECTS_ACCUMULATED_CHARGE2, AFFECTS_UNUSED_LINE_COMMIT_FEE, AFFECTS_ACCRDUNUSEDLINECOMMFEE, AFFECTS_LOW_BORROWING_YTD, AFFECTS_AGGREGATE_BAL_YTD, AFFECTS_TAX_PAID_YTD, AFFECTS_PRE_YEAR_TAX_PAID, AFFECTS_PRE_YEAR_INT_PAID, AFFECTS_ACCUMUNUSEDLINECOMMFEE) 
--    VALUES(23110, '1',' ', '110', 0, 0, 0, 0, 0, 0, 0, 0, 0, 0, 0, 0, 0, 0, 0, 0, 0, 0, 0, 0, 0, 0, 0, 0, 0, 0, 0, 0, 0, 0, 0, 0, 0, 0, 0, 0, 0, 0, 0, 0, 0, 0, 0, 0, 0, 0, 0, 0, 0, 0, 0, 0, 0, 0, 0, 0, 0, 0, 0, 0, 0, 0, 0, 0, 0, 0, 0, 0, 0, 0, 0, 0, 0, 0);
--
--UPDATE LOAN_LEDGER_POSTING_PARAMETERS SET AFFECTS_DATE_LAST_ACTIVITY=1,AFFECTS_DATE_PREVIOUS_ACTIVITY=1,
--AFFECTS_ESCROW_BALANCE=1,AFFECTS_DATE_LAST_TRANSACTION=1,AFFECTS_NET_PAYOFF=1 WHERE UNIQUE_ID=23110;


















