

-----------------------------------------------------Shadow Accounting Parameter---------------------------

INSERT INTO ENTITY_TYPE_DEFINITION(ENTITY_TYPE_DEFINITION_ID, TYPE_NAME, TYPE_DESCRIPTION, ENTITY_TYPE_INSTANCE_CLASS, BASE_ENTITY_TYPE_DEF_ID, LOOKUP, SYSTEM)VALUES(ENTITYTYPEDEFID_SEQ.nextval, 'ShadowAccountingParameter', 'Shadow Accounting Parameter', 'com.vsoftcorp.loan.model.entities.ShadowAccountingParameter', NULL, 0, 0);


-----------------N/A Balance---------------------
INSERT INTO PROPERTY_DEFINITION(PROPERTY_DEFINITION_ID, ENTITY_TYPE_DEFINITION_ID, PROPERTY_NAME, PROPERTY_INDEX, PROPERTY_DESCRIPTION, VALUE_TYPE_DEFINITION_ID, DESCRIPTION_FIELD, DESCRIPTION_FIELD_OVERRIDEN, DEFAULT_VALUE, DEFAULT_VALUE_OVERRIDEN, VALID_VALUES, VALID_VALUES_OVERRIDEN, MANDATORY, MANDATORY_OVERRIDEN, INHERITED, CAN_EDIT_DEFINITION, CAN_DELETE_DEFINITION, CATEGORY_OVERRIDEN, CATEGORY, PRIMARY_OVERRIDEN, PRIMARY)
  VALUES(PROPDEFID_SEQ.nextval,ENTITYTYPEDEFID_SEQ.currval, 'NonAccrualBalance', 0, 'Non Accrual Balance', 8, 0, 0, 'com.vsoftcorp.finance.Money:USD 0.00', 0, 'com.vsoftcorp.finance.Money:{default={}}', 0, 0, 0, 0, 1, 0, 0, 'UC', 0, 0);

INSERT INTO PROPERTY_PRESENTER_ATTRIBUTES(PROPERTY_DEFINITION_ID, HIDDEN, HIDDEN_OVERRIDEN, EDITABLE, EDITABLE_OVERRIDEN, STATE_NAME)
  VALUES(PROPDEFID_SEQ.currval, 0, 0, 0, 0, 'DEFAULT'); 
INSERT INTO PROPERTY_PRESENTER_ATTRIBUTES(PROPERTY_DEFINITION_ID, HIDDEN, HIDDEN_OVERRIDEN, EDITABLE, EDITABLE_OVERRIDEN, STATE_NAME)
  VALUES(PROPDEFID_SEQ.currval, 0, 0, 0, 0, 'INQUIRY'); 
INSERT INTO PROPERTY_PRESENTER_ATTRIBUTES(PROPERTY_DEFINITION_ID, HIDDEN, HIDDEN_OVERRIDEN, EDITABLE, EDITABLE_OVERRIDEN, STATE_NAME)
  VALUES(PROPDEFID_SEQ.currval, 0, 0, 0, 0, 'ACCOUNT_CREATED'); 
 

-----------------N/A Unpaid Interest---------------------
INSERT INTO PROPERTY_DEFINITION(PROPERTY_DEFINITION_ID, ENTITY_TYPE_DEFINITION_ID, PROPERTY_NAME, PROPERTY_INDEX, PROPERTY_DESCRIPTION, VALUE_TYPE_DEFINITION_ID, DESCRIPTION_FIELD, DESCRIPTION_FIELD_OVERRIDEN, DEFAULT_VALUE, DEFAULT_VALUE_OVERRIDEN, VALID_VALUES, VALID_VALUES_OVERRIDEN, MANDATORY, MANDATORY_OVERRIDEN, INHERITED, CAN_EDIT_DEFINITION, CAN_DELETE_DEFINITION, CATEGORY_OVERRIDEN, CATEGORY, PRIMARY_OVERRIDEN, PRIMARY)
  VALUES(PROPDEFID_SEQ.nextval,ENTITYTYPEDEFID_SEQ.currval, 'NonAccrualUnpaidInterest', 1, 'Non Accrual Unpaid Interest', 8, 0, 0, 'com.vsoftcorp.finance.Money:USD 0.00', 0, 'com.vsoftcorp.finance.Money:{default={}}', 0, 0, 0, 0, 1, 0, 0, 'UC', 0, 0);

INSERT INTO PROPERTY_PRESENTER_ATTRIBUTES(PROPERTY_DEFINITION_ID, HIDDEN, HIDDEN_OVERRIDEN, EDITABLE, EDITABLE_OVERRIDEN, STATE_NAME)
  VALUES(PROPDEFID_SEQ.currval, 0, 0, 0, 0, 'DEFAULT'); 
INSERT INTO PROPERTY_PRESENTER_ATTRIBUTES(PROPERTY_DEFINITION_ID, HIDDEN, HIDDEN_OVERRIDEN, EDITABLE, EDITABLE_OVERRIDEN, STATE_NAME)
  VALUES(PROPDEFID_SEQ.currval, 0, 0, 0, 0, 'INQUIRY'); 
INSERT INTO PROPERTY_PRESENTER_ATTRIBUTES(PROPERTY_DEFINITION_ID, HIDDEN, HIDDEN_OVERRIDEN, EDITABLE, EDITABLE_OVERRIDEN, STATE_NAME)
  VALUES(PROPDEFID_SEQ.currval, 0, 0, 0, 0, 'ACCOUNT_CREATED'); 


-----------------N/A Interest Paid---------------------
INSERT INTO PROPERTY_DEFINITION(PROPERTY_DEFINITION_ID, ENTITY_TYPE_DEFINITION_ID, PROPERTY_NAME, PROPERTY_INDEX, PROPERTY_DESCRIPTION, VALUE_TYPE_DEFINITION_ID, DESCRIPTION_FIELD, DESCRIPTION_FIELD_OVERRIDEN, DEFAULT_VALUE, DEFAULT_VALUE_OVERRIDEN, VALID_VALUES, VALID_VALUES_OVERRIDEN, MANDATORY, MANDATORY_OVERRIDEN, INHERITED, CAN_EDIT_DEFINITION, CAN_DELETE_DEFINITION, CATEGORY_OVERRIDEN, CATEGORY, PRIMARY_OVERRIDEN, PRIMARY)
  VALUES(PROPDEFID_SEQ.nextval,ENTITYTYPEDEFID_SEQ.currval, 'NonAccrualInterestPaid', 2, 'Non Accrual Interest Paid', 8, 0, 0, 'com.vsoftcorp.finance.Money:USD 0.00', 0, 'com.vsoftcorp.finance.Money:{default={}}', 0, 0, 0, 0, 1, 0, 0, 'UC', 0, 0);

INSERT INTO PROPERTY_PRESENTER_ATTRIBUTES(PROPERTY_DEFINITION_ID, HIDDEN, HIDDEN_OVERRIDEN, EDITABLE, EDITABLE_OVERRIDEN, STATE_NAME)
  VALUES(PROPDEFID_SEQ.currval, 0, 0, 0, 0, 'DEFAULT'); 
INSERT INTO PROPERTY_PRESENTER_ATTRIBUTES(PROPERTY_DEFINITION_ID, HIDDEN, HIDDEN_OVERRIDEN, EDITABLE, EDITABLE_OVERRIDEN, STATE_NAME)
  VALUES(PROPDEFID_SEQ.currval, 0, 0, 0, 0, 'INQUIRY'); 
INSERT INTO PROPERTY_PRESENTER_ATTRIBUTES(PROPERTY_DEFINITION_ID, HIDDEN, HIDDEN_OVERRIDEN, EDITABLE, EDITABLE_OVERRIDEN, STATE_NAME)
  VALUES(PROPDEFID_SEQ.currval, 0, 0, 0, 0, 'ACCOUNT_CREATED'); 


-----------------Non Accrual Net---------------------
INSERT INTO PROPERTY_DEFINITION(PROPERTY_DEFINITION_ID, ENTITY_TYPE_DEFINITION_ID, PROPERTY_NAME, PROPERTY_INDEX, PROPERTY_DESCRIPTION, VALUE_TYPE_DEFINITION_ID, DESCRIPTION_FIELD, DESCRIPTION_FIELD_OVERRIDEN, DEFAULT_VALUE, DEFAULT_VALUE_OVERRIDEN, VALID_VALUES, VALID_VALUES_OVERRIDEN, MANDATORY, MANDATORY_OVERRIDEN, INHERITED, CAN_EDIT_DEFINITION, CAN_DELETE_DEFINITION, CATEGORY_OVERRIDEN, CATEGORY, PRIMARY_OVERRIDEN, PRIMARY)
  VALUES(PROPDEFID_SEQ.nextval,ENTITYTYPEDEFID_SEQ.currval, 'NonAccrualNet', 3, 'Non Accrual Net', 8, 0, 0, 'com.vsoftcorp.finance.Money:USD 0.00', 0, 'com.vsoftcorp.finance.Money:{default={}}', 0, 0, 0, 0, 1, 0, 0, 'UC', 0, 0);

INSERT INTO PROPERTY_PRESENTER_ATTRIBUTES(PROPERTY_DEFINITION_ID, HIDDEN, HIDDEN_OVERRIDEN, EDITABLE, EDITABLE_OVERRIDEN, STATE_NAME)
  VALUES(PROPDEFID_SEQ.currval, 0, 0, 0, 0, 'DEFAULT'); 
INSERT INTO PROPERTY_PRESENTER_ATTRIBUTES(PROPERTY_DEFINITION_ID, HIDDEN, HIDDEN_OVERRIDEN, EDITABLE, EDITABLE_OVERRIDEN, STATE_NAME)
  VALUES(PROPDEFID_SEQ.currval, 0, 0, 0, 0, 'INQUIRY'); 
INSERT INTO PROPERTY_PRESENTER_ATTRIBUTES(PROPERTY_DEFINITION_ID, HIDDEN, HIDDEN_OVERRIDEN, EDITABLE, EDITABLE_OVERRIDEN, STATE_NAME)
  VALUES(PROPDEFID_SEQ.currval, 0, 0, 0, 0, 'ACCOUNT_CREATED'); 


-----------------Net Asset Balance---------------------
INSERT INTO PROPERTY_DEFINITION(PROPERTY_DEFINITION_ID, ENTITY_TYPE_DEFINITION_ID, PROPERTY_NAME, PROPERTY_INDEX, PROPERTY_DESCRIPTION, VALUE_TYPE_DEFINITION_ID, DESCRIPTION_FIELD, DESCRIPTION_FIELD_OVERRIDEN, DEFAULT_VALUE, DEFAULT_VALUE_OVERRIDEN, VALID_VALUES, VALID_VALUES_OVERRIDEN, MANDATORY, MANDATORY_OVERRIDEN, INHERITED, CAN_EDIT_DEFINITION, CAN_DELETE_DEFINITION, CATEGORY_OVERRIDEN, CATEGORY, PRIMARY_OVERRIDEN, PRIMARY)
  VALUES(PROPDEFID_SEQ.nextval,ENTITYTYPEDEFID_SEQ.currval, 'NetAssetBalance',4, 'Net Asset Balance',8, 0, 0, 'com.vsoftcorp.finance.Money:USD 0.00', 0, 'com.vsoftcorp.finance.Money:{default={}}', 0, 0, 0, 0, 1, 0, 0, 'UC', 0, 0);

INSERT INTO PROPERTY_PRESENTER_ATTRIBUTES(PROPERTY_DEFINITION_ID, HIDDEN, HIDDEN_OVERRIDEN, EDITABLE, EDITABLE_OVERRIDEN, STATE_NAME)
  VALUES(PROPDEFID_SEQ.currval, 0, 0, 0, 0, 'DEFAULT'); 
INSERT INTO PROPERTY_PRESENTER_ATTRIBUTES(PROPERTY_DEFINITION_ID, HIDDEN, HIDDEN_OVERRIDEN, EDITABLE, EDITABLE_OVERRIDEN, STATE_NAME)
  VALUES(PROPDEFID_SEQ.currval, 0, 0, 0, 0, 'INQUIRY'); 
INSERT INTO PROPERTY_PRESENTER_ATTRIBUTES(PROPERTY_DEFINITION_ID, HIDDEN, HIDDEN_OVERRIDEN, EDITABLE, EDITABLE_OVERRIDEN, STATE_NAME)
  VALUES(PROPDEFID_SEQ.currval, 0, 0, 0, 0, 'ACCOUNT_CREATED');


-----------------Net Asset Accrued Interest---------------------
INSERT INTO PROPERTY_DEFINITION(PROPERTY_DEFINITION_ID, ENTITY_TYPE_DEFINITION_ID, PROPERTY_NAME, PROPERTY_INDEX, PROPERTY_DESCRIPTION, VALUE_TYPE_DEFINITION_ID, DESCRIPTION_FIELD, DESCRIPTION_FIELD_OVERRIDEN, DEFAULT_VALUE, DEFAULT_VALUE_OVERRIDEN, VALID_VALUES, VALID_VALUES_OVERRIDEN, MANDATORY, MANDATORY_OVERRIDEN, INHERITED, CAN_EDIT_DEFINITION, CAN_DELETE_DEFINITION, CATEGORY_OVERRIDEN, CATEGORY, PRIMARY_OVERRIDEN, PRIMARY)
  VALUES(PROPDEFID_SEQ.nextval,ENTITYTYPEDEFID_SEQ.currval, 'NetAssetAccruedInterest', 5, 'Net Asset Accrued Interest', 8, 0, 0, 'com.vsoftcorp.finance.Money:USD 0.00', 0, 'com.vsoftcorp.finance.Money:{default={}}', 0, 0, 0, 0, 1, 0, 0, 'UC', 0, 0);

INSERT INTO PROPERTY_PRESENTER_ATTRIBUTES(PROPERTY_DEFINITION_ID, HIDDEN, HIDDEN_OVERRIDEN, EDITABLE, EDITABLE_OVERRIDEN, STATE_NAME)
  VALUES(PROPDEFID_SEQ.currval, 0, 0, 0, 0, 'DEFAULT'); 
INSERT INTO PROPERTY_PRESENTER_ATTRIBUTES(PROPERTY_DEFINITION_ID, HIDDEN, HIDDEN_OVERRIDEN, EDITABLE, EDITABLE_OVERRIDEN, STATE_NAME)
  VALUES(PROPDEFID_SEQ.currval, 0, 0, 0, 0, 'INQUIRY'); 
INSERT INTO PROPERTY_PRESENTER_ATTRIBUTES(PROPERTY_DEFINITION_ID, HIDDEN, HIDDEN_OVERRIDEN, EDITABLE, EDITABLE_OVERRIDEN, STATE_NAME)
  VALUES(PROPDEFID_SEQ.currval, 0, 0, 0, 0, 'ACCOUNT_CREATED');


-----------------Charge off Balance---------------------
INSERT INTO PROPERTY_DEFINITION(PROPERTY_DEFINITION_ID, ENTITY_TYPE_DEFINITION_ID, PROPERTY_NAME, PROPERTY_INDEX, PROPERTY_DESCRIPTION, VALUE_TYPE_DEFINITION_ID, DESCRIPTION_FIELD, DESCRIPTION_FIELD_OVERRIDEN, DEFAULT_VALUE, DEFAULT_VALUE_OVERRIDEN, VALID_VALUES, VALID_VALUES_OVERRIDEN, MANDATORY, MANDATORY_OVERRIDEN, INHERITED, CAN_EDIT_DEFINITION, CAN_DELETE_DEFINITION, CATEGORY_OVERRIDEN, CATEGORY, PRIMARY_OVERRIDEN, PRIMARY)
  VALUES(PROPDEFID_SEQ.nextval,ENTITYTYPEDEFID_SEQ.currval, 'ChargeOffBalance', 6, 'Charge Off Balance',8, 0, 0, 'com.vsoftcorp.finance.Money:USD 0.00', 0, 'com.vsoftcorp.finance.Money:{default={}}', 0, 0, 0, 0, 1, 0, 0, 'UC', 0, 0);

INSERT INTO PROPERTY_PRESENTER_ATTRIBUTES(PROPERTY_DEFINITION_ID, HIDDEN, HIDDEN_OVERRIDEN, EDITABLE, EDITABLE_OVERRIDEN, STATE_NAME)
  VALUES(PROPDEFID_SEQ.currval, 0, 0, 0, 0, 'DEFAULT'); 
INSERT INTO PROPERTY_PRESENTER_ATTRIBUTES(PROPERTY_DEFINITION_ID, HIDDEN, HIDDEN_OVERRIDEN, EDITABLE, EDITABLE_OVERRIDEN, STATE_NAME)
  VALUES(PROPDEFID_SEQ.currval, 0, 0, 0, 0, 'INQUIRY'); 
INSERT INTO PROPERTY_PRESENTER_ATTRIBUTES(PROPERTY_DEFINITION_ID, HIDDEN, HIDDEN_OVERRIDEN, EDITABLE, EDITABLE_OVERRIDEN, STATE_NAME)
  VALUES(PROPDEFID_SEQ.currval, 0, 0, 0, 0, 'ACCOUNT_CREATED'); 


-----------------Charge off Interest---------------------
INSERT INTO PROPERTY_DEFINITION(PROPERTY_DEFINITION_ID, ENTITY_TYPE_DEFINITION_ID, PROPERTY_NAME, PROPERTY_INDEX, PROPERTY_DESCRIPTION, VALUE_TYPE_DEFINITION_ID, DESCRIPTION_FIELD, DESCRIPTION_FIELD_OVERRIDEN, DEFAULT_VALUE, DEFAULT_VALUE_OVERRIDEN, VALID_VALUES, VALID_VALUES_OVERRIDEN, MANDATORY, MANDATORY_OVERRIDEN, INHERITED, CAN_EDIT_DEFINITION, CAN_DELETE_DEFINITION, CATEGORY_OVERRIDEN, CATEGORY, PRIMARY_OVERRIDEN, PRIMARY)
  VALUES(PROPDEFID_SEQ.nextval,ENTITYTYPEDEFID_SEQ.currval, 'ChargeOffInterest', 7, 'Charge Off Interest', 8, 0, 0, 'com.vsoftcorp.finance.Money:USD 0.00', 0, 'com.vsoftcorp.finance.Money:{default={}}', 0, 0, 0, 0, 1, 0, 0, 'UC', 0, 0);

INSERT INTO PROPERTY_PRESENTER_ATTRIBUTES(PROPERTY_DEFINITION_ID, HIDDEN, HIDDEN_OVERRIDEN, EDITABLE, EDITABLE_OVERRIDEN, STATE_NAME)
  VALUES(PROPDEFID_SEQ.currval, 0, 0, 0, 0, 'DEFAULT'); 
INSERT INTO PROPERTY_PRESENTER_ATTRIBUTES(PROPERTY_DEFINITION_ID, HIDDEN, HIDDEN_OVERRIDEN, EDITABLE, EDITABLE_OVERRIDEN, STATE_NAME)
  VALUES(PROPDEFID_SEQ.currval, 0, 0, 0, 0, 'INQUIRY'); 
INSERT INTO PROPERTY_PRESENTER_ATTRIBUTES(PROPERTY_DEFINITION_ID, HIDDEN, HIDDEN_OVERRIDEN, EDITABLE, EDITABLE_OVERRIDEN, STATE_NAME)
  VALUES(PROPDEFID_SEQ.currval, 0, 0, 0, 0, 'ACCOUNT_CREATED'); 

-----------------Charge off Interest Paid---------------------
INSERT INTO PROPERTY_DEFINITION(PROPERTY_DEFINITION_ID, ENTITY_TYPE_DEFINITION_ID, PROPERTY_NAME, PROPERTY_INDEX, PROPERTY_DESCRIPTION, VALUE_TYPE_DEFINITION_ID, DESCRIPTION_FIELD, DESCRIPTION_FIELD_OVERRIDEN, DEFAULT_VALUE, DEFAULT_VALUE_OVERRIDEN, VALID_VALUES, VALID_VALUES_OVERRIDEN, MANDATORY, MANDATORY_OVERRIDEN, INHERITED, CAN_EDIT_DEFINITION, CAN_DELETE_DEFINITION, CATEGORY_OVERRIDEN, CATEGORY, PRIMARY_OVERRIDEN, PRIMARY)
  VALUES(PROPDEFID_SEQ.nextval,ENTITYTYPEDEFID_SEQ.currval, 'ChargeOffInterestPaid', 8, 'Charge Off Interest Paid', 8, 0, 0, 'com.vsoftcorp.finance.Money:USD 0.00', 0, 'com.vsoftcorp.finance.Money:{default={}}', 0, 0, 0, 0, 1, 0, 0, 'UC', 0, 0);

INSERT INTO PROPERTY_PRESENTER_ATTRIBUTES(PROPERTY_DEFINITION_ID, HIDDEN, HIDDEN_OVERRIDEN, EDITABLE, EDITABLE_OVERRIDEN, STATE_NAME)
  VALUES(PROPDEFID_SEQ.currval, 0, 0, 0, 0, 'DEFAULT'); 
INSERT INTO PROPERTY_PRESENTER_ATTRIBUTES(PROPERTY_DEFINITION_ID, HIDDEN, HIDDEN_OVERRIDEN, EDITABLE, EDITABLE_OVERRIDEN, STATE_NAME)
  VALUES(PROPDEFID_SEQ.currval, 0, 0, 0, 0, 'INQUIRY'); 
INSERT INTO PROPERTY_PRESENTER_ATTRIBUTES(PROPERTY_DEFINITION_ID, HIDDEN, HIDDEN_OVERRIDEN, EDITABLE, EDITABLE_OVERRIDEN, STATE_NAME)
  VALUES(PROPDEFID_SEQ.currval, 0, 0, 0, 0, 'ACCOUNT_CREATED');
 
-----------------Charge off Net---------------------
INSERT INTO PROPERTY_DEFINITION(PROPERTY_DEFINITION_ID, ENTITY_TYPE_DEFINITION_ID, PROPERTY_NAME, PROPERTY_INDEX, PROPERTY_DESCRIPTION, VALUE_TYPE_DEFINITION_ID, DESCRIPTION_FIELD, DESCRIPTION_FIELD_OVERRIDEN, DEFAULT_VALUE, DEFAULT_VALUE_OVERRIDEN, VALID_VALUES, VALID_VALUES_OVERRIDEN, MANDATORY, MANDATORY_OVERRIDEN, INHERITED, CAN_EDIT_DEFINITION, CAN_DELETE_DEFINITION, CATEGORY_OVERRIDEN, CATEGORY, PRIMARY_OVERRIDEN, PRIMARY)
  VALUES(PROPDEFID_SEQ.nextval,ENTITYTYPEDEFID_SEQ.currval, 'ChargeOffNet', 9, 'Charge Off Net', 8, 0, 0, 'com.vsoftcorp.finance.Money:USD 0.00', 0, 'com.vsoftcorp.finance.Money:{default={}}', 0, 0, 0, 0, 1, 0, 0, 'UC', 0, 0);

INSERT INTO PROPERTY_PRESENTER_ATTRIBUTES(PROPERTY_DEFINITION_ID, HIDDEN, HIDDEN_OVERRIDEN, EDITABLE, EDITABLE_OVERRIDEN, STATE_NAME)
  VALUES(PROPDEFID_SEQ.currval, 0, 0, 0, 0, 'DEFAULT'); 
INSERT INTO PROPERTY_PRESENTER_ATTRIBUTES(PROPERTY_DEFINITION_ID, HIDDEN, HIDDEN_OVERRIDEN, EDITABLE, EDITABLE_OVERRIDEN, STATE_NAME)
  VALUES(PROPDEFID_SEQ.currval, 0, 0, 0, 0, 'INQUIRY'); 
INSERT INTO PROPERTY_PRESENTER_ATTRIBUTES(PROPERTY_DEFINITION_ID, HIDDEN, HIDDEN_OVERRIDEN, EDITABLE, EDITABLE_OVERRIDEN, STATE_NAME)
  VALUES(PROPDEFID_SEQ.currval, 0, 0, 0, 0, 'ACCOUNT_CREATED');


-----------------Charge off Date---------------------
INSERT INTO PROPERTY_DEFINITION(PROPERTY_DEFINITION_ID, ENTITY_TYPE_DEFINITION_ID, PROPERTY_NAME, PROPERTY_INDEX, PROPERTY_DESCRIPTION, VALUE_TYPE_DEFINITION_ID, DESCRIPTION_FIELD, DESCRIPTION_FIELD_OVERRIDEN, DEFAULT_VALUE, DEFAULT_VALUE_OVERRIDEN, VALID_VALUES, VALID_VALUES_OVERRIDEN, MANDATORY, MANDATORY_OVERRIDEN, INHERITED, CAN_EDIT_DEFINITION, CAN_DELETE_DEFINITION, CATEGORY_OVERRIDEN, CATEGORY, PRIMARY_OVERRIDEN, PRIMARY)
  VALUES(PROPDEFID_SEQ.nextval,ENTITYTYPEDEFID_SEQ.currval, 'ChargeOffDate', 10, 'Charge Off Date', 5, 0, 0, NULL, 0, 'com.vsoftcorp.time.Date:{default={}}', 0, 0, 0, 0, 1, 0, 0, 'UC', 0, 0);

INSERT INTO PROPERTY_PRESENTER_ATTRIBUTES(PROPERTY_DEFINITION_ID, HIDDEN, HIDDEN_OVERRIDEN, EDITABLE, EDITABLE_OVERRIDEN, STATE_NAME)
  VALUES(PROPDEFID_SEQ.currval, 0, 0, 0, 0, 'DEFAULT'); 
INSERT INTO PROPERTY_PRESENTER_ATTRIBUTES(PROPERTY_DEFINITION_ID, HIDDEN, HIDDEN_OVERRIDEN, EDITABLE, EDITABLE_OVERRIDEN, STATE_NAME)
  VALUES(PROPDEFID_SEQ.currval, 0, 0, 0, 0, 'INQUIRY'); 
INSERT INTO PROPERTY_PRESENTER_ATTRIBUTES(PROPERTY_DEFINITION_ID, HIDDEN, HIDDEN_OVERRIDEN, EDITABLE, EDITABLE_OVERRIDEN, STATE_NAME)
  VALUES(PROPDEFID_SEQ.currval, 0, 0, 0, 0, 'ACCOUNT_CREATED');    


-----------------N/A Date---------------------
INSERT INTO PROPERTY_DEFINITION(PROPERTY_DEFINITION_ID, ENTITY_TYPE_DEFINITION_ID, PROPERTY_NAME, PROPERTY_INDEX, PROPERTY_DESCRIPTION, VALUE_TYPE_DEFINITION_ID, DESCRIPTION_FIELD, DESCRIPTION_FIELD_OVERRIDEN, DEFAULT_VALUE, DEFAULT_VALUE_OVERRIDEN, VALID_VALUES, VALID_VALUES_OVERRIDEN, MANDATORY, MANDATORY_OVERRIDEN, INHERITED, CAN_EDIT_DEFINITION, CAN_DELETE_DEFINITION, CATEGORY_OVERRIDEN, CATEGORY, PRIMARY_OVERRIDEN, PRIMARY)
  VALUES(PROPDEFID_SEQ.nextval,ENTITYTYPEDEFID_SEQ.currval, 'NonAccrualDate', 11, 'Non Accrual Date', 5, 0, 0, NULL, 0, 'com.vsoftcorp.time.Date:{default={}}', 0, 0, 0, 0, 1, 0, 0, 'UC', 0, 0);

INSERT INTO PROPERTY_PRESENTER_ATTRIBUTES(PROPERTY_DEFINITION_ID, HIDDEN, HIDDEN_OVERRIDEN, EDITABLE, EDITABLE_OVERRIDEN, STATE_NAME)
  VALUES(PROPDEFID_SEQ.currval, 0, 0, 0, 0, 'DEFAULT'); 
INSERT INTO PROPERTY_PRESENTER_ATTRIBUTES(PROPERTY_DEFINITION_ID, HIDDEN, HIDDEN_OVERRIDEN, EDITABLE, EDITABLE_OVERRIDEN, STATE_NAME)
  VALUES(PROPDEFID_SEQ.currval, 0, 0, 0, 0, 'INQUIRY'); 
INSERT INTO PROPERTY_PRESENTER_ATTRIBUTES(PROPERTY_DEFINITION_ID, HIDDEN, HIDDEN_OVERRIDEN, EDITABLE, EDITABLE_OVERRIDEN, STATE_NAME)
  VALUES(PROPDEFID_SEQ.currval, 0, 0, 0, 0, 'ACCOUNT_CREATED');      


-------------------------------------------------Additions to Past Due Parameters--------------------------------

-----------------Move To Non Accrual By Payments---------------------
INSERT INTO PROPERTY_DEFINITION(PROPERTY_DEFINITION_ID, ENTITY_TYPE_DEFINITION_ID, PROPERTY_NAME, PROPERTY_INDEX, PROPERTY_DESCRIPTION, VALUE_TYPE_DEFINITION_ID, DESCRIPTION_FIELD, DESCRIPTION_FIELD_OVERRIDEN, DEFAULT_VALUE, DEFAULT_VALUE_OVERRIDEN, VALID_VALUES, VALID_VALUES_OVERRIDEN, MANDATORY, MANDATORY_OVERRIDEN, INHERITED, CAN_EDIT_DEFINITION, CAN_DELETE_DEFINITION, CATEGORY_OVERRIDEN, CATEGORY, PRIMARY_OVERRIDEN, PRIMARY)
  VALUES(PROPDEFID_SEQ.nextval,(SELECT ENTITY_TYPE_DEFINITION_ID FROM ENTITY_TYPE_DEFINITION WHERE TYPE_NAME LIKE 'PastDueParameters'), 'MoveToNonAccrualByPayments', 11, 'Move To Non Accrual By Payments', 2, 0, 0, NULL, 0, 'java.lang.Integer:{default={}}', 0, 0, 0, 0, 1, 0, 0, 'UC', 0, 0);

INSERT INTO PROPERTY_PRESENTER_ATTRIBUTES(PROPERTY_DEFINITION_ID, HIDDEN, HIDDEN_OVERRIDEN, EDITABLE, EDITABLE_OVERRIDEN, STATE_NAME)
  VALUES(PROPDEFID_SEQ.currval, 0, 0, 1, 0, 'DEFAULT'); 
INSERT INTO PROPERTY_PRESENTER_ATTRIBUTES(PROPERTY_DEFINITION_ID, HIDDEN, HIDDEN_OVERRIDEN, EDITABLE, EDITABLE_OVERRIDEN, STATE_NAME)
  VALUES(PROPDEFID_SEQ.currval, 0, 0, 0, 0, 'INQUIRY'); 
INSERT INTO PROPERTY_PRESENTER_ATTRIBUTES(PROPERTY_DEFINITION_ID, HIDDEN, HIDDEN_OVERRIDEN, EDITABLE, EDITABLE_OVERRIDEN, STATE_NAME)
  VALUES(PROPDEFID_SEQ.currval, 0, 0, 1, 0, 'ACCOUNT_CREATED'); 
 

-----------------Restore to Normal Accruals---------------------
INSERT INTO PROPERTY_DEFINITION(PROPERTY_DEFINITION_ID, ENTITY_TYPE_DEFINITION_ID, PROPERTY_NAME, PROPERTY_INDEX, PROPERTY_DESCRIPTION, VALUE_TYPE_DEFINITION_ID, DESCRIPTION_FIELD, DESCRIPTION_FIELD_OVERRIDEN, DEFAULT_VALUE, DEFAULT_VALUE_OVERRIDEN, VALID_VALUES, VALID_VALUES_OVERRIDEN, MANDATORY, MANDATORY_OVERRIDEN, INHERITED, CAN_EDIT_DEFINITION, CAN_DELETE_DEFINITION, CATEGORY_OVERRIDEN, CATEGORY, PRIMARY_OVERRIDEN, PRIMARY)
  VALUES(PROPDEFID_SEQ.nextval,(SELECT ENTITY_TYPE_DEFINITION_ID FROM ENTITY_TYPE_DEFINITION WHERE TYPE_NAME LIKE 'PastDueParameters'), 'RestoreToNormalAccruals',12, 'Restore to Normal Accruals', 2, 0, 0, NULL, 0, 'java.lang.Integer:{default={0=Automatic, 1=Manual}}', 0, 1, 0, 0, 1, 0, 0, 'UC', 0, 0);

INSERT INTO PROPERTY_PRESENTER_ATTRIBUTES(PROPERTY_DEFINITION_ID, HIDDEN, HIDDEN_OVERRIDEN, EDITABLE, EDITABLE_OVERRIDEN, STATE_NAME)
  VALUES(PROPDEFID_SEQ.currval, 0, 0, 1, 0, 'DEFAULT'); 
INSERT INTO PROPERTY_PRESENTER_ATTRIBUTES(PROPERTY_DEFINITION_ID, HIDDEN, HIDDEN_OVERRIDEN, EDITABLE, EDITABLE_OVERRIDEN, STATE_NAME)
  VALUES(PROPDEFID_SEQ.currval, 0, 0, 0, 0, 'INQUIRY'); 
INSERT INTO PROPERTY_PRESENTER_ATTRIBUTES(PROPERTY_DEFINITION_ID, HIDDEN, HIDDEN_OVERRIDEN, EDITABLE, EDITABLE_OVERRIDEN, STATE_NAME)
  VALUES(PROPDEFID_SEQ.currval, 0, 0, 1, 0, 'ACCOUNT_CREATED'); 


-----------------Restore To Normal Accrual Period---------------------
INSERT INTO PROPERTY_DEFINITION(PROPERTY_DEFINITION_ID, ENTITY_TYPE_DEFINITION_ID, PROPERTY_NAME, PROPERTY_INDEX, PROPERTY_DESCRIPTION, VALUE_TYPE_DEFINITION_ID, DESCRIPTION_FIELD, DESCRIPTION_FIELD_OVERRIDEN, DEFAULT_VALUE, DEFAULT_VALUE_OVERRIDEN, VALID_VALUES, VALID_VALUES_OVERRIDEN, MANDATORY, MANDATORY_OVERRIDEN, INHERITED, CAN_EDIT_DEFINITION, CAN_DELETE_DEFINITION, CATEGORY_OVERRIDEN, CATEGORY, PRIMARY_OVERRIDEN, PRIMARY)
  VALUES(PROPDEFID_SEQ.nextval,(SELECT ENTITY_TYPE_DEFINITION_ID FROM ENTITY_TYPE_DEFINITION WHERE TYPE_NAME LIKE 'PastDueParameters'), 'RestoreToNormalAccrualPeriod', 13, 'Restore To Normal Accrual Period', 6, 0, 0, NULL, 0, 'com.vsoftcorp.time.Duration:{default={}}', 0, 0, 0, 0, 1, 0, 0, 'UC', 0, 0);

INSERT INTO PROPERTY_PRESENTER_ATTRIBUTES(PROPERTY_DEFINITION_ID, HIDDEN, HIDDEN_OVERRIDEN, EDITABLE, EDITABLE_OVERRIDEN, STATE_NAME)
  VALUES(PROPDEFID_SEQ.currval, 1, 0, 1, 0, 'DEFAULT'); 
INSERT INTO PROPERTY_PRESENTER_ATTRIBUTES(PROPERTY_DEFINITION_ID, HIDDEN, HIDDEN_OVERRIDEN, EDITABLE, EDITABLE_OVERRIDEN, STATE_NAME)
  VALUES(PROPDEFID_SEQ.currval, 1, 0, 0, 0, 'INQUIRY'); 
INSERT INTO PROPERTY_PRESENTER_ATTRIBUTES(PROPERTY_DEFINITION_ID, HIDDEN, HIDDEN_OVERRIDEN, EDITABLE, EDITABLE_OVERRIDEN, STATE_NAME)
  VALUES(PROPDEFID_SEQ.currval, 1, 0, 1, 0, 'ACCOUNT_CREATED');


-----------------Restore To Normal Accrual By Payments---------------------
INSERT INTO PROPERTY_DEFINITION(PROPERTY_DEFINITION_ID, ENTITY_TYPE_DEFINITION_ID, PROPERTY_NAME, PROPERTY_INDEX, PROPERTY_DESCRIPTION, VALUE_TYPE_DEFINITION_ID, DESCRIPTION_FIELD, DESCRIPTION_FIELD_OVERRIDEN, DEFAULT_VALUE, DEFAULT_VALUE_OVERRIDEN, VALID_VALUES, VALID_VALUES_OVERRIDEN, MANDATORY, MANDATORY_OVERRIDEN, INHERITED, CAN_EDIT_DEFINITION, CAN_DELETE_DEFINITION, CATEGORY_OVERRIDEN, CATEGORY, PRIMARY_OVERRIDEN, PRIMARY)
  VALUES(PROPDEFID_SEQ.nextval,(SELECT ENTITY_TYPE_DEFINITION_ID FROM ENTITY_TYPE_DEFINITION WHERE TYPE_NAME LIKE 'PastDueParameters'), 'RestoreToNormalAccrualByPayments', 14, 'Restore To Normal Accrual By Payments', 2, 0, 0, NULL, 0, 'java.lang.Integer:{default={}}', 0, 0, 0, 0, 1, 0, 0, 'UC', 0, 0);

INSERT INTO PROPERTY_PRESENTER_ATTRIBUTES(PROPERTY_DEFINITION_ID, HIDDEN, HIDDEN_OVERRIDEN, EDITABLE, EDITABLE_OVERRIDEN, STATE_NAME)
  VALUES(PROPDEFID_SEQ.currval, 1, 0, 1, 0, 'DEFAULT'); 
INSERT INTO PROPERTY_PRESENTER_ATTRIBUTES(PROPERTY_DEFINITION_ID, HIDDEN, HIDDEN_OVERRIDEN, EDITABLE, EDITABLE_OVERRIDEN, STATE_NAME)
  VALUES(PROPDEFID_SEQ.currval, 1, 0, 0, 0, 'INQUIRY'); 
INSERT INTO PROPERTY_PRESENTER_ATTRIBUTES(PROPERTY_DEFINITION_ID, HIDDEN, HIDDEN_OVERRIDEN, EDITABLE, EDITABLE_OVERRIDEN, STATE_NAME)
  VALUES(PROPDEFID_SEQ.currval, 1, 0, 1, 0, 'ACCOUNT_CREATED');
  
update PROPERTY_PRESENTER_ATTRIBUTES set hidden=1 where PROPERTY_DEFINITION_ID in(select PROPERTY_DEFINITION_ID from property_definition where PROPERTY_NAME ='MoveAccruedInteresttoSecondary');

update property_definition set mandatory=0 where property_name='MoveAccruedInteresttoSecondary';


--------------Shadow Accounting Parameter (ASSOCIATE)--------------

INSERT INTO ASSOCIATE_DEFINITION(ASSOCIATE_DEFINITION_ID, ENTITY_TYPE_DEFINITION_ID, ASSOCIATE_NAME, ASSOCIATE_INDEX, ASSOCIATE_DESCRIPTION, ASSOCIATE_TYPE_DEFINITION_ID, ASSOCIATE_TYPE_OVERRIDEN, MULTIPLICITY, MULTIPLICITY_OVERRIDEN, ASSOCIATION_TYPE, ASSOCIATION_TYPE_OVERRIDEN, LAZY, LAZY_OVERRIDEN, MANDATORY, MANDATORY_OVERRIDEN, COPY, COPY_OVERRIDEN, DEFAULT_INSTANCE, DEFAULT_INSTANCE_OVERRIDEN, INHERITED, CAN_EDIT_DEFINITION, CAN_DELETE_DEFINITION, CATEGORY_OVERRIDEN, CATEGORY, TEMPLATE, TEMPLATE_OVERRIDEN)
  VALUES(ASSOCDEFID_SEQ.nextval, (SELECT ENTITY_TYPE_DEFINITION_ID FROM ENTITY_TYPE_DEFINITION WHERE TYPE_NAME LIKE 'PastDueParameters'), 'ShadowAccountingParameter',1, 'Shadow Accounting Parameter',(select ENTITY_TYPE_DEFINITION_ID from ENTITY_TYPE_DEFINITION where TYPE_NAME='ShadowAccountingParameter'),0,0,0,0,0,1,0,0,0,0,0,null,0,0,1,1,0,'U',null,0);

  
INSERT INTO ASSOCIATE_PRESENTER_ATTRIBUTES(ASSOCIATE_DEFINITION_ID, HIDDEN, HIDDEN_OVERRIDEN, EDITABLE, EDITABLE_OVERRIDEN, STATE_NAME)
  VALUES(ASSOCDEFID_SEQ.currval, 0, 0, 1, 0, 'ACCOUNT_CREATED');
INSERT INTO ASSOCIATE_PRESENTER_ATTRIBUTES(ASSOCIATE_DEFINITION_ID, HIDDEN, HIDDEN_OVERRIDEN, EDITABLE, EDITABLE_OVERRIDEN, STATE_NAME)
  VALUES(ASSOCDEFID_SEQ.currval, 0, 0, 1, 0, 'DEFAULT');
INSERT INTO ASSOCIATE_PRESENTER_ATTRIBUTES(ASSOCIATE_DEFINITION_ID, HIDDEN, HIDDEN_OVERRIDEN, EDITABLE, EDITABLE_OVERRIDEN, STATE_NAME)
  VALUES(ASSOCDEFID_SEQ.currval, 0, 0, 1, 0, 'INQUIRY');



UPDATE PROPERTY_PRESENTER_ATTRIBUTES
SET HIDDEN=0,
  EDITABLE=1
where PROPERTY_DEFINITION_ID in (1283,1285,1286)
AND STATE_NAME in('ACCOUNT_CREATED','DEFAULT');


UPDATE PROPERTY_DEFINITION 
SET MANDATORY=1 
WHERE PROPERTY_DEFINITION_ID=1286 ;

-------------------------------------------------------------------------------------------------------------------------------------------------

							--Transactions--


-------------------------------------------------------------------------------------------------------------------------------------------------

ALTER TABLE LOAN_ENTRY_POSTING_RULE ADD AFF_NA_PRINCIPAL_BALANCE NUMBER(20) DEFAULT 0;


--UPDATE LOAN_ENTRY_POSTING_RULE SET AFF_NA_PRINCIPAL_BALANCE=1 WHERE POSTING_RULE_ID='8882';


INSERT INTO LOAN_ENTRY_POSTING_RULE(POSTING_RULE_ID, AFF_NA_PRINCIPAL_BALANCE) VALUES(64, 1);


INSERT INTO ENTRY_TYPE(UNIQUE_ID,ID,INSTITUTION_ID,DEBIT_OR_CREDIT,DESCRIPTION,ACCOUNT_CATEGORY,POSTING_SEQUENCE,IS_REVERSAL)
    values((select max(unique_id)+1 from entry_type),'1864',NULL,'0','NA PRINCIPAL BALANCE',2,NULL,0);

INSERT INTO ENTRY_TYPE(UNIQUE_ID,ID,INSTITUTION_ID,DEBIT_OR_CREDIT,DESCRIPTION,ACCOUNT_CATEGORY,POSTING_SEQUENCE,IS_REVERSAL)
    values((select max(unique_id)+1 from entry_type),'1964',NULL,'1','NA PRINCIPAL BALANCE',2,NULL,0);


INSERT INTO LOAN_ENTRY_TYPE(ENTRY_TYPE_ID, ENTRY_NAME, REVERSAL_ENTRY_TYPE_ID, POSTING_RULE_ID) 
    VALUES((select unique_id from entry_type where id='1864'), 64, (select unique_id from entry_type where id='1964'), 64);

INSERT INTO LOAN_ENTRY_TYPE(ENTRY_TYPE_ID, ENTRY_NAME, REVERSAL_ENTRY_TYPE_ID, POSTING_RULE_ID) 
    VALUES((select unique_id from entry_type where id='1964'), 64, (select unique_id from entry_type where id='1864'), 64);


insert into LOAN_EVENT_ENTRY_TYPE_LINK (EVENT_TYPE_ID, ENTRY_TYPE_ID) values (110,(select unique_id from entry_type where id='1864'));
insert into LOAN_EVENT_ENTRY_TYPE_LINK (EVENT_TYPE_ID, ENTRY_TYPE_ID) values (310,(select unique_id from entry_type where id='1964'));

-----------------------------------------------------------------------------------------------------------------------------------------


ALTER TABLE LOAN_ENTRY_POSTING_RULE ADD AFF_NA_DATE NUMBER(1) DEFAULT 0;


INSERT INTO LOAN_ENTRY_POSTING_RULE(POSTING_RULE_ID, AFF_NA_DATE) VALUES(86, 1);


INSERT INTO ENTRY_TYPE(UNIQUE_ID,ID,INSTITUTION_ID,DEBIT_OR_CREDIT,DESCRIPTION,ACCOUNT_CATEGORY,POSTING_SEQUENCE,IS_REVERSAL)
    values((select max(unique_id)+1 from entry_type),'1886',NULL,'0','Non Accrual Date ',2,NULL,0);

INSERT INTO ENTRY_TYPE(UNIQUE_ID,ID,INSTITUTION_ID,DEBIT_OR_CREDIT,DESCRIPTION,ACCOUNT_CATEGORY,POSTING_SEQUENCE,IS_REVERSAL)
    values((select max(unique_id)+1 from entry_type),'1986',NULL,'1','Non Accrual Date ',2,NULL,0);


INSERT INTO LOAN_ENTRY_TYPE(ENTRY_TYPE_ID, ENTRY_NAME, REVERSAL_ENTRY_TYPE_ID, POSTING_RULE_ID) 
    VALUES((select unique_id from entry_type where id='1886'), 86, (select unique_id from entry_type where id='1886'), 86);

INSERT INTO LOAN_ENTRY_TYPE(ENTRY_TYPE_ID, ENTRY_NAME, REVERSAL_ENTRY_TYPE_ID, POSTING_RULE_ID) 
    VALUES((select unique_id from entry_type where id='1986'), 86, (select unique_id from entry_type where id='1986'), 86);


insert into LOAN_EVENT_ENTRY_TYPE_LINK (EVENT_TYPE_ID, ENTRY_TYPE_ID) values (073,(select unique_id from entry_type where id='1886'));
insert into LOAN_EVENT_ENTRY_TYPE_LINK (EVENT_TYPE_ID, ENTRY_TYPE_ID) values (273,(select unique_id from entry_type where id='1986'));

UPDATE LOAN_ENTRY_POSTING_RULE SET AFF_NA_DATE=1 WHERE POSTING_RULE_ID='8873';

-----------------------------------------------------------------------------------------------------------------------------------------

ALTER TABLE LOAN_ENTRY_POSTING_RULE ADD AFF_CHARGE_OFF_DATE NUMBER(1) DEFAULT 0;


INSERT INTO LOAN_ENTRY_POSTING_RULE(POSTING_RULE_ID, AFF_CHARGE_OFF_DATE) VALUES(87, 1);


INSERT INTO ENTRY_TYPE(UNIQUE_ID,ID,INSTITUTION_ID,DEBIT_OR_CREDIT,DESCRIPTION,ACCOUNT_CATEGORY,POSTING_SEQUENCE,IS_REVERSAL)
    values((select max(unique_id)+1 from entry_type),'1887',NULL,'0','ChargeOff Date ',2,NULL,0);

INSERT INTO ENTRY_TYPE(UNIQUE_ID,ID,INSTITUTION_ID,DEBIT_OR_CREDIT,DESCRIPTION,ACCOUNT_CATEGORY,POSTING_SEQUENCE,IS_REVERSAL)
    values((select max(unique_id)+1 from entry_type),'1987',NULL,'1','ChargeOff Date ',2,NULL,0);


INSERT INTO LOAN_ENTRY_TYPE(ENTRY_TYPE_ID, ENTRY_NAME, REVERSAL_ENTRY_TYPE_ID, POSTING_RULE_ID) 
    VALUES((select unique_id from entry_type where id='1887'), 87, (select unique_id from entry_type where id='1887'), 87);

INSERT INTO LOAN_ENTRY_TYPE(ENTRY_TYPE_ID, ENTRY_NAME, REVERSAL_ENTRY_TYPE_ID, POSTING_RULE_ID) 
    VALUES((select unique_id from entry_type where id='1987'), 87, (select unique_id from entry_type where id='1987'), 87);


insert into LOAN_EVENT_ENTRY_TYPE_LINK (EVENT_TYPE_ID, ENTRY_TYPE_ID) values (075,(select unique_id from entry_type where id='1887'));
insert into LOAN_EVENT_ENTRY_TYPE_LINK (EVENT_TYPE_ID, ENTRY_TYPE_ID) values (275,(select unique_id from entry_type where id='1987'));

UPDATE LOAN_ENTRY_POSTING_RULE SET AFF_CHARGE_OFF_DATE=1 WHERE POSTING_RULE_ID='8875';

-----------------------------------------------------------------------------------------------------------------------------------------


ALTER TABLE LOAN_ENTRY_POSTING_RULE ADD AFF_NA_UNPAID_INTEREST NUMBER(20) DEFAULT 0;


--UPDATE LOAN_ENTRY_POSTING_RULE SET AFF_NA_UNPAID_INTEREST=1 WHERE POSTING_RULE_ID='8882';


INSERT INTO LOAN_ENTRY_POSTING_RULE(POSTING_RULE_ID, AFF_NA_UNPAID_INTEREST) VALUES(65, 1);


INSERT INTO ENTRY_TYPE(UNIQUE_ID,ID,INSTITUTION_ID,DEBIT_OR_CREDIT,DESCRIPTION,ACCOUNT_CATEGORY,POSTING_SEQUENCE,IS_REVERSAL)
    values((select max(unique_id)+1 from entry_type),'1865',NULL,'0','NA UNPAID INTEREST',2,NULL,0);

INSERT INTO ENTRY_TYPE(UNIQUE_ID,ID,INSTITUTION_ID,DEBIT_OR_CREDIT,DESCRIPTION,ACCOUNT_CATEGORY,POSTING_SEQUENCE,IS_REVERSAL)
    values((select max(unique_id)+1 from entry_type),'1965',NULL,'1','NA UNPAID INTEREST',2,NULL,0);


INSERT INTO LOAN_ENTRY_TYPE(ENTRY_TYPE_ID, ENTRY_NAME, REVERSAL_ENTRY_TYPE_ID, POSTING_RULE_ID) 
    VALUES((select unique_id from entry_type where id='1865'), 65, (select unique_id from entry_type where id='1965'), 65);

INSERT INTO LOAN_ENTRY_TYPE(ENTRY_TYPE_ID, ENTRY_NAME, REVERSAL_ENTRY_TYPE_ID, POSTING_RULE_ID) 
    VALUES((select unique_id from entry_type where id='1965'), 65, (select unique_id from entry_type where id='1865'), 65);

-----------------------------------------------------------------------------------------------------------------------------------------


ALTER TABLE LOAN_ENTRY_POSTING_RULE ADD AFF_NA_INTEREST_PAID NUMBER(20) DEFAULT 0;


--UPDATE LOAN_ENTRY_POSTING_RULE SET AFF_NA_INTEREST_PAID=1 WHERE POSTING_RULE_ID='8882';


INSERT INTO LOAN_ENTRY_POSTING_RULE(POSTING_RULE_ID, AFF_NA_INTEREST_PAID) VALUES(66, 1);


INSERT INTO ENTRY_TYPE(UNIQUE_ID,ID,INSTITUTION_ID,DEBIT_OR_CREDIT,DESCRIPTION,ACCOUNT_CATEGORY,POSTING_SEQUENCE,IS_REVERSAL)
    values((select max(unique_id)+1 from entry_type),'1866',NULL,'0','NA INTEREST PAID',2,NULL,0);

INSERT INTO ENTRY_TYPE(UNIQUE_ID,ID,INSTITUTION_ID,DEBIT_OR_CREDIT,DESCRIPTION,ACCOUNT_CATEGORY,POSTING_SEQUENCE,IS_REVERSAL)
    values((select max(unique_id)+1 from entry_type),'1966',NULL,'1','NA INTEREST PAID',2,NULL,0);


INSERT INTO LOAN_ENTRY_TYPE(ENTRY_TYPE_ID, ENTRY_NAME, REVERSAL_ENTRY_TYPE_ID, POSTING_RULE_ID) 
    VALUES((select unique_id from entry_type where id='1866'), 66, (select unique_id from entry_type where id='1966'), 66);

INSERT INTO LOAN_ENTRY_TYPE(ENTRY_TYPE_ID, ENTRY_NAME, REVERSAL_ENTRY_TYPE_ID, POSTING_RULE_ID) 
    VALUES((select unique_id from entry_type where id='1966'), 66, (select unique_id from entry_type where id='1866'), 66);


insert into LOAN_EVENT_ENTRY_TYPE_LINK (EVENT_TYPE_ID, ENTRY_TYPE_ID) values (110,(select unique_id from entry_type where id='1866'));
insert into LOAN_EVENT_ENTRY_TYPE_LINK (EVENT_TYPE_ID, ENTRY_TYPE_ID) values (310,(select unique_id from entry_type where id='1966'));

-----------------------------------------------------------------------------------------------------------------------------------------

ALTER TABLE LOAN_ENTRY_POSTING_RULE ADD AFF_NA_NET NUMBER(20) DEFAULT 0;


--UPDATE LOAN_ENTRY_POSTING_RULE SET AFF_NA_NET=1 WHERE POSTING_RULE_ID='8882';


INSERT INTO LOAN_ENTRY_POSTING_RULE(POSTING_RULE_ID, AFF_NA_NET) VALUES(67, 1);


INSERT INTO ENTRY_TYPE(UNIQUE_ID,ID,INSTITUTION_ID,DEBIT_OR_CREDIT,DESCRIPTION,ACCOUNT_CATEGORY,POSTING_SEQUENCE,IS_REVERSAL)
    values((select max(unique_id)+1 from entry_type),'1867',NULL,'0','NA NET',2,NULL,0);

INSERT INTO ENTRY_TYPE(UNIQUE_ID,ID,INSTITUTION_ID,DEBIT_OR_CREDIT,DESCRIPTION,ACCOUNT_CATEGORY,POSTING_SEQUENCE,IS_REVERSAL)
    values((select max(unique_id)+1 from entry_type),'1967',NULL,'1','NA NET',2,NULL,0);


INSERT INTO LOAN_ENTRY_TYPE(ENTRY_TYPE_ID, ENTRY_NAME, REVERSAL_ENTRY_TYPE_ID, POSTING_RULE_ID) 
    VALUES((select unique_id from entry_type where id='1867'), 67, (select unique_id from entry_type where id='1967'), 67);

INSERT INTO LOAN_ENTRY_TYPE(ENTRY_TYPE_ID, ENTRY_NAME, REVERSAL_ENTRY_TYPE_ID, POSTING_RULE_ID) 
    VALUES((select unique_id from entry_type where id='1967'), 67, (select unique_id from entry_type where id='1867'), 67);


insert into LOAN_EVENT_ENTRY_TYPE_LINK (EVENT_TYPE_ID, ENTRY_TYPE_ID) values (110,(select unique_id from entry_type where id='1867'));
insert into LOAN_EVENT_ENTRY_TYPE_LINK (EVENT_TYPE_ID, ENTRY_TYPE_ID) values (310,(select unique_id from entry_type where id='1967'));
------------------------------------------------------------------------------------------------------------------------------------------
--CHARGE-OFF-4.6 USE CASE:Post Payments on charge off accounts
------------------------------------------------------------------------------------------------------------------------------------------

ALTER TABLE LOAN_ENTRY_POSTING_RULE ADD AFF_CHARGE_OFF_PRINCIPAL NUMBER(20) DEFAULT 0;


--UPDATE LOAN_ENTRY_POSTING_RULE SET AFF_CHARGE_OFF_PRINCIPAL=1 WHERE POSTING_RULE_ID='8882';


INSERT INTO LOAN_ENTRY_POSTING_RULE(POSTING_RULE_ID, AFF_CHARGE_OFF_PRINCIPAL) VALUES(68, 1);


INSERT INTO ENTRY_TYPE(UNIQUE_ID,ID,INSTITUTION_ID,DEBIT_OR_CREDIT,DESCRIPTION,ACCOUNT_CATEGORY,POSTING_SEQUENCE,IS_REVERSAL)
    values((select max(unique_id)+1 from entry_type),'1868',NULL,'0','CHARGE OFF PRINCIPAL',2,NULL,0);

INSERT INTO ENTRY_TYPE(UNIQUE_ID,ID,INSTITUTION_ID,DEBIT_OR_CREDIT,DESCRIPTION,ACCOUNT_CATEGORY,POSTING_SEQUENCE,IS_REVERSAL)
    values((select max(unique_id)+1 from entry_type),'1968',NULL,'1','CHARGE OFF PRINCIPAL',2,NULL,0);


INSERT INTO LOAN_ENTRY_TYPE(ENTRY_TYPE_ID, ENTRY_NAME, REVERSAL_ENTRY_TYPE_ID, POSTING_RULE_ID) 
    VALUES((select unique_id from entry_type where id='1868'), 68, (select unique_id from entry_type where id='1968'), 68);

INSERT INTO LOAN_ENTRY_TYPE(ENTRY_TYPE_ID, ENTRY_NAME, REVERSAL_ENTRY_TYPE_ID, POSTING_RULE_ID) 
    VALUES((select unique_id from entry_type where id='1968'), 68, (select unique_id from entry_type where id='1868'), 68);


insert into LOAN_EVENT_ENTRY_TYPE_LINK (EVENT_TYPE_ID, ENTRY_TYPE_ID) values (110,(select unique_id from entry_type where id='1868'));
insert into LOAN_EVENT_ENTRY_TYPE_LINK (EVENT_TYPE_ID, ENTRY_TYPE_ID) values (310,(select unique_id from entry_type where id='1968'));

------------------------------------------------------------------------------------------------------------------------------------------

ALTER TABLE LOAN_ENTRY_POSTING_RULE ADD AFF_CHARGE_OFF_INTEREST NUMBER(20) DEFAULT 0;


--UPDATE LOAN_ENTRY_POSTING_RULE SET AFF_CHARGE_OFF_INTEREST=1 WHERE POSTING_RULE_ID='8882';


INSERT INTO LOAN_ENTRY_POSTING_RULE(POSTING_RULE_ID, AFF_CHARGE_OFF_INTEREST) VALUES(69, 1);


INSERT INTO ENTRY_TYPE(UNIQUE_ID,ID,INSTITUTION_ID,DEBIT_OR_CREDIT,DESCRIPTION,ACCOUNT_CATEGORY,POSTING_SEQUENCE,IS_REVERSAL)
    values((select max(unique_id)+1 from entry_type),'1869',NULL,'0','CHARGE OFF INTEREST',2,NULL,0);

INSERT INTO ENTRY_TYPE(UNIQUE_ID,ID,INSTITUTION_ID,DEBIT_OR_CREDIT,DESCRIPTION,ACCOUNT_CATEGORY,POSTING_SEQUENCE,IS_REVERSAL)
    values((select max(unique_id)+1 from entry_type),'1969',NULL,'1','CHARGE OFF INTEREST',2,NULL,0);


INSERT INTO LOAN_ENTRY_TYPE(ENTRY_TYPE_ID, ENTRY_NAME, REVERSAL_ENTRY_TYPE_ID, POSTING_RULE_ID) 
    VALUES((select unique_id from entry_type where id='1869'), 69, (select unique_id from entry_type where id='1969'), 69);

INSERT INTO LOAN_ENTRY_TYPE(ENTRY_TYPE_ID, ENTRY_NAME, REVERSAL_ENTRY_TYPE_ID, POSTING_RULE_ID) 
    VALUES((select unique_id from entry_type where id='1969'), 69, (select unique_id from entry_type where id='1869'), 69);


insert into LOAN_EVENT_ENTRY_TYPE_LINK (EVENT_TYPE_ID, ENTRY_TYPE_ID) values (110,(select unique_id from entry_type where id='1869'));
insert into LOAN_EVENT_ENTRY_TYPE_LINK (EVENT_TYPE_ID, ENTRY_TYPE_ID) values (310,(select unique_id from entry_type where id='1969'));

------------------------------------------------------------------------------------------------------------------------------------------

ALTER TABLE LOAN_ENTRY_POSTING_RULE ADD AFF_CHARGE_OFF_INTEREST_PAID NUMBER(20) DEFAULT 0;


--UPDATE LOAN_ENTRY_POSTING_RULE SET AFF_CHARGE_OFF_INTEREST_PAID=1 WHERE POSTING_RULE_ID='8882';


INSERT INTO LOAN_ENTRY_POSTING_RULE(POSTING_RULE_ID, AFF_CHARGE_OFF_INTEREST_PAID) VALUES(70, 1);


INSERT INTO ENTRY_TYPE(UNIQUE_ID,ID,INSTITUTION_ID,DEBIT_OR_CREDIT,DESCRIPTION,ACCOUNT_CATEGORY,POSTING_SEQUENCE,IS_REVERSAL)
    values((select max(unique_id)+1 from entry_type),'1870',NULL,'0','CHARGE OFF INTEREST PAID',2,NULL,0);

INSERT INTO ENTRY_TYPE(UNIQUE_ID,ID,INSTITUTION_ID,DEBIT_OR_CREDIT,DESCRIPTION,ACCOUNT_CATEGORY,POSTING_SEQUENCE,IS_REVERSAL)
    values((select max(unique_id)+1 from entry_type),'1970',NULL,'1','CHARGE OFF INTEREST PAID',2,NULL,0);


INSERT INTO LOAN_ENTRY_TYPE(ENTRY_TYPE_ID, ENTRY_NAME, REVERSAL_ENTRY_TYPE_ID, POSTING_RULE_ID) 
    VALUES((select unique_id from entry_type where id='1870'), 70, (select unique_id from entry_type where id='1970'), 70);

INSERT INTO LOAN_ENTRY_TYPE(ENTRY_TYPE_ID, ENTRY_NAME, REVERSAL_ENTRY_TYPE_ID, POSTING_RULE_ID) 
    VALUES((select unique_id from entry_type where id='1970'), 70, (select unique_id from entry_type where id='1870'), 70);


insert into LOAN_EVENT_ENTRY_TYPE_LINK (EVENT_TYPE_ID, ENTRY_TYPE_ID) values (110,(select unique_id from entry_type where id='1870'));
insert into LOAN_EVENT_ENTRY_TYPE_LINK (EVENT_TYPE_ID, ENTRY_TYPE_ID) values (310,(select unique_id from entry_type where id='1970'));

-------------------------------------------------------------------------------------------------------------------------------------------


ALTER TABLE LOAN_ENTRY_POSTING_RULE ADD AFF_CHARGE_OFF_NET NUMBER(20) DEFAULT 0;


--UPDATE LOAN_ENTRY_POSTING_RULE SET AFF_CHARGE_OFF_NET=1 WHERE POSTING_RULE_ID='8882';


INSERT INTO LOAN_ENTRY_POSTING_RULE(POSTING_RULE_ID, AFF_CHARGE_OFF_NET) VALUES(71, 1);


INSERT INTO ENTRY_TYPE(UNIQUE_ID,ID,INSTITUTION_ID,DEBIT_OR_CREDIT,DESCRIPTION,ACCOUNT_CATEGORY,POSTING_SEQUENCE,IS_REVERSAL)
    values((select max(unique_id)+1 from entry_type),'1871',NULL,'0','CHARGE OFF NET',2,NULL,0);

INSERT INTO ENTRY_TYPE(UNIQUE_ID,ID,INSTITUTION_ID,DEBIT_OR_CREDIT,DESCRIPTION,ACCOUNT_CATEGORY,POSTING_SEQUENCE,IS_REVERSAL)
    values((select max(unique_id)+1 from entry_type),'1971',NULL,'1','CHARGE OFF NET',2,NULL,0);


INSERT INTO LOAN_ENTRY_TYPE(ENTRY_TYPE_ID, ENTRY_NAME, REVERSAL_ENTRY_TYPE_ID, POSTING_RULE_ID) 
    VALUES((select unique_id from entry_type where id='1871'), 71, (select unique_id from entry_type where id='1971'), 71);

INSERT INTO LOAN_ENTRY_TYPE(ENTRY_TYPE_ID, ENTRY_NAME, REVERSAL_ENTRY_TYPE_ID, POSTING_RULE_ID) 
    VALUES((select unique_id from entry_type where id='1971'), 71, (select unique_id from entry_type where id='1871'), 71);


insert into LOAN_EVENT_ENTRY_TYPE_LINK (EVENT_TYPE_ID, ENTRY_TYPE_ID) values (110,(select unique_id from entry_type where id='1871'));
insert into LOAN_EVENT_ENTRY_TYPE_LINK (EVENT_TYPE_ID, ENTRY_TYPE_ID) values (310,(select unique_id from entry_type where id='1971'));

---------------------------------------------------------------------------------------------------------------------------------------------



INSERT INTO loan_event_type(EVENT_TYPE_ID, CORESOFT_EVENT_CODE, EVENT_GROUP, REVERSAL_EVENT_TYPE_ID, POSTING_ORDER, DESCRIPTION, DEBIT_OR_CREDIT)
  VALUES(73, '073', 0, 273, null, 'N/A ADVANCE', '1');
INSERT INTO loan_event_type(EVENT_TYPE_ID, CORESOFT_EVENT_CODE, EVENT_GROUP, REVERSAL_EVENT_TYPE_ID, POSTING_ORDER, DESCRIPTION, DEBIT_OR_CREDIT)
  VALUES(273, '273', 1, 73, null, 'N/A ADVANCE REVERSAL', '0');
  
  
insert into loan_entry_posting_rule(posting_rule_id, AFF_NA_PRINCIPAL_BALANCE ) values(8873,1);

INSERT INTO LOAN_ENTRY_TYPE(ENTRY_TYPE_ID, ENTRY_NAME, REVERSAL_ENTRY_TYPE_ID, POSTING_RULE_ID) values(8873,8873,8873,8873);

insert into loan_event_entry_type_link values(73,8873);

INSERT INTO ENTRY_TYPE(UNIQUE_ID,ID,INSTITUTION_ID,DEBIT_OR_CREDIT,DESCRIPTION,ACCOUNT_CATEGORY,POSTING_SEQUENCE,IS_REVERSAL)
VALUES(8873, '8873', null, '0', 'NA Advance', 2, null, '0');


UPDATE LOAN_ENTRY_POSTING_RULE SET AFF_NA_PRINCIPAL_BALANCE=1 WHERE POSTING_RULE_ID='8873';
UPDATE LOAN_ENTRY_POSTING_RULE SET AFFECTS_LOAN_STATUS=1 WHERE POSTING_RULE_ID='8873';

--UPDATE LOAN_ENTRY_POSTING_RULE SET AFF_NET_ASSET_ACCRUED_INTEREST=1 WHERE POSTING_RULE_ID='8873';
UPDATE LOAN_ENTRY_POSTING_RULE SET AFF_NA_NET=1 WHERE POSTING_RULE_ID='8873';---



insert into LOAN_EVENT_ENTRY_TYPE_LINK (EVENT_TYPE_ID, ENTRY_TYPE_ID) values (073,(select unique_id from entry_type where id='1864'));
insert into LOAN_EVENT_ENTRY_TYPE_LINK (EVENT_TYPE_ID, ENTRY_TYPE_ID) values (273,(select unique_id from entry_type where id='1964'));
insert into LOAN_EVENT_ENTRY_TYPE_LINK (EVENT_TYPE_ID, ENTRY_TYPE_ID) values (075,(select unique_id from entry_type where id='1864'));
insert into LOAN_EVENT_ENTRY_TYPE_LINK (EVENT_TYPE_ID, ENTRY_TYPE_ID) values (275,(select unique_id from entry_type where id='1964'));
insert into LOAN_EVENT_ENTRY_TYPE_LINK (EVENT_TYPE_ID, ENTRY_TYPE_ID) values (99,(select unique_id from entry_type where id='1864'));
insert into LOAN_EVENT_ENTRY_TYPE_LINK (EVENT_TYPE_ID, ENTRY_TYPE_ID) values (299,(select unique_id from entry_type where id='1964'));


--------------------------------------------------------------------------------------------------------------------------------------------------------

INSERT INTO loan_event_type(EVENT_TYPE_ID, CORESOFT_EVENT_CODE, EVENT_GROUP, REVERSAL_EVENT_TYPE_ID, POSTING_ORDER, DESCRIPTION, DEBIT_OR_CREDIT)
  VALUES(74, '074', 0, 274, null, 'N/A INTEREST ADJUSTMENT', '1');
INSERT INTO loan_event_type(EVENT_TYPE_ID, CORESOFT_EVENT_CODE, EVENT_GROUP, REVERSAL_EVENT_TYPE_ID, POSTING_ORDER, DESCRIPTION, DEBIT_OR_CREDIT)
  VALUES(274, '274', 1, 74, null, 'N/A INTEREST ADJUSTMENT REVERSAL', '0');
  
  
insert into loan_entry_posting_rule(posting_rule_id, AFF_NA_UNPAID_INTEREST) values(8874,1);

INSERT INTO LOAN_ENTRY_TYPE(ENTRY_TYPE_ID, ENTRY_NAME, REVERSAL_ENTRY_TYPE_ID, POSTING_RULE_ID) values(8874,8874,8874,8874);

insert into loan_event_entry_type_link values(74,8874);

INSERT INTO ENTRY_TYPE(UNIQUE_ID,ID,INSTITUTION_ID,DEBIT_OR_CREDIT,DESCRIPTION,ACCOUNT_CATEGORY,POSTING_SEQUENCE,IS_REVERSAL)
VALUES(8874, '8874', null, '0', 'NA Interest Adjustment', 2, null, '0');


UPDATE LOAN_ENTRY_POSTING_RULE SET AFF_NA_UNPAID_INTEREST=1 WHERE POSTING_RULE_ID='8874';

--UPDATE LOAN_ENTRY_POSTING_RULE SET AFF_NET_ASSET_ACCRUED_INTEREST=1 WHERE POSTING_RULE_ID='8874';
UPDATE LOAN_ENTRY_POSTING_RULE SET AFF_NA_NET=1 WHERE POSTING_RULE_ID='8874';



insert into LOAN_EVENT_ENTRY_TYPE_LINK (EVENT_TYPE_ID, ENTRY_TYPE_ID) values (074,(select unique_id from entry_type where id='1865'));
insert into LOAN_EVENT_ENTRY_TYPE_LINK (EVENT_TYPE_ID, ENTRY_TYPE_ID) values (274,(select unique_id from entry_type where id='1965'));
insert into LOAN_EVENT_ENTRY_TYPE_LINK (EVENT_TYPE_ID, ENTRY_TYPE_ID) values (076,(select unique_id from entry_type where id='1865'));
insert into LOAN_EVENT_ENTRY_TYPE_LINK (EVENT_TYPE_ID, ENTRY_TYPE_ID) values (276,(select unique_id from entry_type where id='1965'));
insert into LOAN_EVENT_ENTRY_TYPE_LINK (EVENT_TYPE_ID, ENTRY_TYPE_ID) values (99,(select unique_id from entry_type where id='1865'));
insert into LOAN_EVENT_ENTRY_TYPE_LINK (EVENT_TYPE_ID, ENTRY_TYPE_ID) values (299,(select unique_id from entry_type where id='1965'));
insert into LOAN_EVENT_ENTRY_TYPE_LINK (EVENT_TYPE_ID, ENTRY_TYPE_ID) values (13,(select unique_id from entry_type where id='1865'));
insert into LOAN_EVENT_ENTRY_TYPE_LINK (EVENT_TYPE_ID, ENTRY_TYPE_ID) values (213,(select unique_id from entry_type where id='1965'));

insert into LOAN_EVENT_ENTRY_TYPE_LINK (EVENT_TYPE_ID, ENTRY_TYPE_ID) values (110,(select unique_id from entry_type where id='1865'));
insert into LOAN_EVENT_ENTRY_TYPE_LINK (EVENT_TYPE_ID, ENTRY_TYPE_ID) values (310,(select unique_id from entry_type where id='1965'));


--------------------------------------------------------------------------------------------------------------------------------------------------------



INSERT INTO loan_event_type(EVENT_TYPE_ID, CORESOFT_EVENT_CODE, EVENT_GROUP, REVERSAL_EVENT_TYPE_ID, POSTING_ORDER, DESCRIPTION, DEBIT_OR_CREDIT)
  VALUES(75, '075', 0, null, null, 'C/O ADVANCE', '1');
  
insert into loan_entry_posting_rule(posting_rule_id, AFF_CHARGE_OFF_PRINCIPAL) values(8875,1);

INSERT INTO LOAN_ENTRY_TYPE(ENTRY_TYPE_ID, ENTRY_NAME, REVERSAL_ENTRY_TYPE_ID, POSTING_RULE_ID) values(8875,8875,8875,8875);

insert into loan_event_entry_type_link values(75,8875);

INSERT INTO ENTRY_TYPE(UNIQUE_ID,ID,INSTITUTION_ID,DEBIT_OR_CREDIT,DESCRIPTION,ACCOUNT_CATEGORY,POSTING_SEQUENCE,IS_REVERSAL)
VALUES(8875, '8875', null, '0', 'CO Advance', 2, null, '0');


UPDATE LOAN_ENTRY_POSTING_RULE SET AFF_CHARGE_OFF_PRINCIPAL=1 WHERE POSTING_RULE_ID='8875';
UPDATE LOAN_ENTRY_POSTING_RULE SET AFFECTS_LOAN_STATUS=1 WHERE POSTING_RULE_ID='8875';

--UPDATE LOAN_ENTRY_POSTING_RULE SET AFF_NET_ASSET_ACCRUED_INTEREST=1 WHERE POSTING_RULE_ID='8875';
UPDATE LOAN_ENTRY_POSTING_RULE SET AFF_NA_NET=1 WHERE POSTING_RULE_ID='8875';
UPDATE LOAN_ENTRY_POSTING_RULE SET AFF_CHARGE_OFF_NET=1 WHERE POSTING_RULE_ID='8875';




insert into LOAN_EVENT_ENTRY_TYPE_LINK (EVENT_TYPE_ID, ENTRY_TYPE_ID) values (075,(select unique_id from entry_type where id='1868'));
insert into LOAN_EVENT_ENTRY_TYPE_LINK (EVENT_TYPE_ID, ENTRY_TYPE_ID) values (275,(select unique_id from entry_type where id='1968'));


----------------------------------------------------------------------------------------------------------------------------------------------------------




INSERT INTO loan_event_type(EVENT_TYPE_ID, CORESOFT_EVENT_CODE, EVENT_GROUP, REVERSAL_EVENT_TYPE_ID, POSTING_ORDER, DESCRIPTION, DEBIT_OR_CREDIT)
  VALUES(76, '076', 0, null, null, 'C/O Interest Adjustment', '1');
  
insert into loan_entry_posting_rule(posting_rule_id, AFF_CHARGE_OFF_INTEREST) values(8876,1);

INSERT INTO LOAN_ENTRY_TYPE(ENTRY_TYPE_ID, ENTRY_NAME, REVERSAL_ENTRY_TYPE_ID, POSTING_RULE_ID) values(8876,8876,8876,8876);

insert into loan_event_entry_type_link values(76,8876);

INSERT INTO ENTRY_TYPE(UNIQUE_ID,ID,INSTITUTION_ID,DEBIT_OR_CREDIT,DESCRIPTION,ACCOUNT_CATEGORY,POSTING_SEQUENCE,IS_REVERSAL)
VALUES(8876, '8876', null, '0', 'CO Interest Adjustment', 2, null, '0');


UPDATE LOAN_ENTRY_POSTING_RULE SET AFF_CHARGE_OFF_INTEREST=1 WHERE POSTING_RULE_ID='8876';

--UPDATE LOAN_ENTRY_POSTING_RULE SET AFF_NET_ASSET_ACCRUED_INTEREST=1 WHERE POSTING_RULE_ID='8876';
UPDATE LOAN_ENTRY_POSTING_RULE SET AFF_NA_NET=1 WHERE POSTING_RULE_ID='8876';
UPDATE LOAN_ENTRY_POSTING_RULE SET AFF_CHARGE_OFF_NET=1 WHERE POSTING_RULE_ID='8876';--



insert into LOAN_EVENT_ENTRY_TYPE_LINK (EVENT_TYPE_ID, ENTRY_TYPE_ID) values (076,(select unique_id from entry_type where id='1869'));
insert into LOAN_EVENT_ENTRY_TYPE_LINK (EVENT_TYPE_ID, ENTRY_TYPE_ID) values (276,(select unique_id from entry_type where id='1969'));



--------------------------------------------------------------------------------------------------------------------------------------------------------------


--insert into LOAN_EVENT_ENTRY_TYPE_LINK (EVENT_TYPE_ID, ENTRY_TYPE_ID) values (99,(select unique_id from entry_type where id='1872'));
--insert into LOAN_EVENT_ENTRY_TYPE_LINK (EVENT_TYPE_ID, ENTRY_TYPE_ID) values (299,(select unique_id from entry_type where id='1972'));


insert into LOAN_EVENT_ENTRY_TYPE_LINK (EVENT_TYPE_ID, ENTRY_TYPE_ID) values (99,(select unique_id from entry_type where id='1866'));
insert into LOAN_EVENT_ENTRY_TYPE_LINK (EVENT_TYPE_ID, ENTRY_TYPE_ID) values (299,(select unique_id from entry_type where id='1966'));

insert into LOAN_EVENT_ENTRY_TYPE_LINK (EVENT_TYPE_ID, ENTRY_TYPE_ID) values (99,(select unique_id from entry_type where id='1867'));
insert into LOAN_EVENT_ENTRY_TYPE_LINK (EVENT_TYPE_ID, ENTRY_TYPE_ID) values (299,(select unique_id from entry_type where id='1967'));

UPDATE LOAN_ENTRY_POSTING_RULE SET AFF_NA_UNPAID_INTEREST=1 WHERE POSTING_RULE_ID='8813';
UPDATE LOAN_ENTRY_POSTING_RULE SET AFF_NA_UNPAID_INTEREST=1 WHERE POSTING_RULE_ID='8882';
UPDATE LOAN_ENTRY_POSTING_RULE SET AFF_NA_NET=1 WHERE POSTING_RULE_ID='8882';



---------------------------------------------------------------------------------------------------------------------------------------------------------------


UPDATE property_definition
SET value_type_definition_id =2 ,
  valid_values               = 'java.lang.Integer:{default={}}',
  property_description = 'Move to Non Accrual Period (In Days)'
WHERE property_definition_id =1285
AND entity_type_definition_id=533;


-------------------------------------------------------------------------------------------------------------------------------------------------------

INSERT INTO loan_event_type(EVENT_TYPE_ID, CORESOFT_EVENT_CODE, EVENT_GROUP, REVERSAL_EVENT_TYPE_ID, POSTING_ORDER, DESCRIPTION, DEBIT_OR_CREDIT)
  VALUES(275, '275', 1, 75, null, 'C/O ADVANCE REVERSAL', '1');
INSERT INTO loan_event_type(EVENT_TYPE_ID, CORESOFT_EVENT_CODE, EVENT_GROUP, REVERSAL_EVENT_TYPE_ID, POSTING_ORDER, DESCRIPTION, DEBIT_OR_CREDIT)
  VALUES(276, '276', 1, 76, null, 'C/O Interest Adjustment REVERSAL', '1');

  
  update loan_event_type set reversal_event_type_id = 275 where event_type_id=75;
    update loan_event_type set reversal_event_type_id = 276 where event_type_id=76;


-------------------------------------------------------------------------------------------------------------------------------------------------------


UPDATE LOAN_ENTRY_POSTING_RULE SET aff_na_net=1 WHERE POSTING_RULE_ID in (9999);

insert into LOAN_EVENT_ENTRY_TYPE_LINK (EVENT_TYPE_ID, ENTRY_TYPE_ID) values (73,(select unique_id from entry_type where id='1867'));
insert into LOAN_EVENT_ENTRY_TYPE_LINK (EVENT_TYPE_ID, ENTRY_TYPE_ID) values (273,(select unique_id from entry_type where id='1967'));

insert into LOAN_EVENT_ENTRY_TYPE_LINK (EVENT_TYPE_ID, ENTRY_TYPE_ID) values (74,(select unique_id from entry_type where id='1867'));
insert into LOAN_EVENT_ENTRY_TYPE_LINK (EVENT_TYPE_ID, ENTRY_TYPE_ID) values (274,(select unique_id from entry_type where id='1967'));

-------------------------------------------------------------------------------------------------------------------------------------------

UPDATE LOAN_ENTRY_POSTING_RULE SET aff_charge_off_net=1 WHERE POSTING_RULE_ID in (9999,8873,8874);


insert into LOAN_EVENT_ENTRY_TYPE_LINK (EVENT_TYPE_ID, ENTRY_TYPE_ID) values (099,(select unique_id from entry_type where id='1871'));
insert into LOAN_EVENT_ENTRY_TYPE_LINK (EVENT_TYPE_ID, ENTRY_TYPE_ID) values (299,(select unique_id from entry_type where id='1971'));

insert into LOAN_EVENT_ENTRY_TYPE_LINK (EVENT_TYPE_ID, ENTRY_TYPE_ID) values (075,(select unique_id from entry_type where id='1871'));
insert into LOAN_EVENT_ENTRY_TYPE_LINK (EVENT_TYPE_ID, ENTRY_TYPE_ID) values (076,(select unique_id from entry_type where id='1971'));

insert into LOAN_EVENT_ENTRY_TYPE_LINK (EVENT_TYPE_ID, ENTRY_TYPE_ID) values (073,(select unique_id from entry_type where id='1871'));
insert into LOAN_EVENT_ENTRY_TYPE_LINK (EVENT_TYPE_ID, ENTRY_TYPE_ID) values (273,(select unique_id from entry_type where id='1971'));

insert into LOAN_EVENT_ENTRY_TYPE_LINK (EVENT_TYPE_ID, ENTRY_TYPE_ID) values (074,(select unique_id from entry_type where id='1871'));
insert into LOAN_EVENT_ENTRY_TYPE_LINK (EVENT_TYPE_ID, ENTRY_TYPE_ID) values (274,(select unique_id from entry_type where id='1971'));

-------------------------------------------------------------------------------------------------------------------------------------------

UPDATE LOAN_ENTRY_POSTING_RULE SET aff_na_unpaid_interest=1,aff_na_net=1,aff_na_interest_paid=1,aff_charge_off_interest_paid=1,aff_charge_off_interest=1,aff_charge_off_net=1 WHERE POSTING_RULE_ID = 8813;


insert into LOAN_EVENT_ENTRY_TYPE_LINK (EVENT_TYPE_ID, ENTRY_TYPE_ID) values (13,(select unique_id from entry_type where id='1866'));
insert into LOAN_EVENT_ENTRY_TYPE_LINK (EVENT_TYPE_ID, ENTRY_TYPE_ID) values (213,(select unique_id from entry_type where id='1966'));
insert into LOAN_EVENT_ENTRY_TYPE_LINK (EVENT_TYPE_ID, ENTRY_TYPE_ID) values (13,(select unique_id from entry_type where id='1867'));
insert into LOAN_EVENT_ENTRY_TYPE_LINK (EVENT_TYPE_ID, ENTRY_TYPE_ID) values (213,(select unique_id from entry_type where id='1967'));
insert into LOAN_EVENT_ENTRY_TYPE_LINK (EVENT_TYPE_ID, ENTRY_TYPE_ID) values (13,(select unique_id from entry_type where id='1869'));
insert into LOAN_EVENT_ENTRY_TYPE_LINK (EVENT_TYPE_ID, ENTRY_TYPE_ID) values (213,(select unique_id from entry_type where id='1969'));
insert into LOAN_EVENT_ENTRY_TYPE_LINK (EVENT_TYPE_ID, ENTRY_TYPE_ID) values (13,(select unique_id from entry_type where id='1870'));
insert into LOAN_EVENT_ENTRY_TYPE_LINK (EVENT_TYPE_ID, ENTRY_TYPE_ID) values (213,(select unique_id from entry_type where id='1970'));
insert into LOAN_EVENT_ENTRY_TYPE_LINK (EVENT_TYPE_ID, ENTRY_TYPE_ID) values (13,(select unique_id from entry_type where id='1871'));
insert into LOAN_EVENT_ENTRY_TYPE_LINK (EVENT_TYPE_ID, ENTRY_TYPE_ID) values (213,(select unique_id from entry_type where id='1971'));


------------------------------------------------------------------------------------------------------------------------------------------------------


UPDATE LOAN_ENTRY_POSTING_RULE SET aff_na_principal_balance=1,aff_charge_off_principal=1,aff_na_unpaid_interest=1,aff_na_net=1,aff_na_interest_paid=1,aff_charge_off_interest_paid=1,aff_charge_off_interest=1,aff_charge_off_net=1 WHERE POSTING_RULE_ID = 8820;

insert into LOAN_EVENT_ENTRY_TYPE_LINK (EVENT_TYPE_ID, ENTRY_TYPE_ID) values (121,(select unique_id from entry_type where id='1864'));
insert into LOAN_EVENT_ENTRY_TYPE_LINK (EVENT_TYPE_ID, ENTRY_TYPE_ID) values (321,(select unique_id from entry_type where id='1964'));
insert into LOAN_EVENT_ENTRY_TYPE_LINK (EVENT_TYPE_ID, ENTRY_TYPE_ID) values (121,(select unique_id from entry_type where id='1868'));
insert into LOAN_EVENT_ENTRY_TYPE_LINK (EVENT_TYPE_ID, ENTRY_TYPE_ID) values (321,(select unique_id from entry_type where id='1968'));
insert into LOAN_EVENT_ENTRY_TYPE_LINK (EVENT_TYPE_ID, ENTRY_TYPE_ID) values (121,(select unique_id from entry_type where id='1866'));
insert into LOAN_EVENT_ENTRY_TYPE_LINK (EVENT_TYPE_ID, ENTRY_TYPE_ID) values (321,(select unique_id from entry_type where id='1966'));
insert into LOAN_EVENT_ENTRY_TYPE_LINK (EVENT_TYPE_ID, ENTRY_TYPE_ID) values (121,(select unique_id from entry_type where id='1867'));
insert into LOAN_EVENT_ENTRY_TYPE_LINK (EVENT_TYPE_ID, ENTRY_TYPE_ID) values (321,(select unique_id from entry_type where id='1967'));
insert into LOAN_EVENT_ENTRY_TYPE_LINK (EVENT_TYPE_ID, ENTRY_TYPE_ID) values (121,(select unique_id from entry_type where id='1869'));
insert into LOAN_EVENT_ENTRY_TYPE_LINK (EVENT_TYPE_ID, ENTRY_TYPE_ID) values (321,(select unique_id from entry_type where id='1969'));
insert into LOAN_EVENT_ENTRY_TYPE_LINK (EVENT_TYPE_ID, ENTRY_TYPE_ID) values (121,(select unique_id from entry_type where id='1870'));
insert into LOAN_EVENT_ENTRY_TYPE_LINK (EVENT_TYPE_ID, ENTRY_TYPE_ID) values (321,(select unique_id from entry_type where id='1970'));
insert into LOAN_EVENT_ENTRY_TYPE_LINK (EVENT_TYPE_ID, ENTRY_TYPE_ID) values (121,(select unique_id from entry_type where id='1871'));
insert into LOAN_EVENT_ENTRY_TYPE_LINK (EVENT_TYPE_ID, ENTRY_TYPE_ID) values (321,(select unique_id from entry_type where id='1971'));
insert into LOAN_EVENT_ENTRY_TYPE_LINK (EVENT_TYPE_ID, ENTRY_TYPE_ID) values (121,(select unique_id from entry_type where id='1865'));
insert into LOAN_EVENT_ENTRY_TYPE_LINK (EVENT_TYPE_ID, ENTRY_TYPE_ID) values (321,(select unique_id from entry_type where id='1965'));


------------------------------------------------------------------------------------------------------------------------------------------

insert into LOAN_EVENT_ENTRY_TYPE_LINK (EVENT_TYPE_ID, ENTRY_TYPE_ID) values (075,(select unique_id from entry_type where id='1866'));
insert into LOAN_EVENT_ENTRY_TYPE_LINK (EVENT_TYPE_ID, ENTRY_TYPE_ID) values (275,(select unique_id from entry_type where id='1966'));

insert into LOAN_EVENT_ENTRY_TYPE_LINK (EVENT_TYPE_ID, ENTRY_TYPE_ID) values (075,(select unique_id from entry_type where id='1867'));
insert into LOAN_EVENT_ENTRY_TYPE_LINK (EVENT_TYPE_ID, ENTRY_TYPE_ID) values (275,(select unique_id from entry_type where id='1967'));


