-----------------------------------------------------SBA Amount Parameter---------------------------

INSERT INTO ENTITY_TYPE_DEFINITION(ENTITY_TYPE_DEFINITION_ID, TYPE_NAME, TYPE_DESCRIPTION, ENTITY_TYPE_INSTANCE_CLASS, BASE_ENTITY_TYPE_DEF_ID, LOOKUP, SYSTEM)VALUES(ENTITYTYPEDEFID_SEQ.nextval, 'SBAAmountParameter', 'SBA Amount Parameter', 'com.vsoftcorp.loan.model.entities.SBAAmountParameter', NULL, 0, 0);


-----------------Guaranteed portion original balance---------------------
INSERT INTO PROPERTY_DEFINITION(PROPERTY_DEFINITION_ID, ENTITY_TYPE_DEFINITION_ID, PROPERTY_NAME, PROPERTY_INDEX, PROPERTY_DESCRIPTION, VALUE_TYPE_DEFINITION_ID, DESCRIPTION_FIELD, DESCRIPTION_FIELD_OVERRIDEN, DEFAULT_VALUE, DEFAULT_VALUE_OVERRIDEN, VALID_VALUES, VALID_VALUES_OVERRIDEN, MANDATORY, MANDATORY_OVERRIDEN, INHERITED, CAN_EDIT_DEFINITION, CAN_DELETE_DEFINITION, CATEGORY_OVERRIDEN, CATEGORY, PRIMARY_OVERRIDEN, PRIMARY)
  VALUES(PROPDEFID_SEQ.nextval,ENTITYTYPEDEFID_SEQ.currval, 'GPOriginalBalance', 1, 'Guaranteed Portion Original Balance', 8, 0, 0, NULL, 0, 'com.vsoftcorp.finance.Money:{default={}}', 0, 1, 0, 0, 1, 0, 0, 'UC', 0, 0);

INSERT INTO PROPERTY_PRESENTER_ATTRIBUTES(PROPERTY_DEFINITION_ID, HIDDEN, HIDDEN_OVERRIDEN, EDITABLE, EDITABLE_OVERRIDEN, STATE_NAME)
  VALUES(PROPDEFID_SEQ.currval, 0, 0, 0, 0, 'DEFAULT'); 
INSERT INTO PROPERTY_PRESENTER_ATTRIBUTES(PROPERTY_DEFINITION_ID, HIDDEN, HIDDEN_OVERRIDEN, EDITABLE, EDITABLE_OVERRIDEN, STATE_NAME)
  VALUES(PROPDEFID_SEQ.currval, 0, 0, 0, 0, 'INQUIRY'); 
INSERT INTO PROPERTY_PRESENTER_ATTRIBUTES(PROPERTY_DEFINITION_ID, HIDDEN, HIDDEN_OVERRIDEN, EDITABLE, EDITABLE_OVERRIDEN, STATE_NAME)
  VALUES(PROPDEFID_SEQ.currval, 0, 0, 0, 0, 'ACCOUNT_CREATED'); 
 

-----------------Guaranteed Portion Principal balance---------------------
INSERT INTO PROPERTY_DEFINITION(PROPERTY_DEFINITION_ID, ENTITY_TYPE_DEFINITION_ID, PROPERTY_NAME, PROPERTY_INDEX, PROPERTY_DESCRIPTION, VALUE_TYPE_DEFINITION_ID, DESCRIPTION_FIELD, DESCRIPTION_FIELD_OVERRIDEN, DEFAULT_VALUE, DEFAULT_VALUE_OVERRIDEN, VALID_VALUES, VALID_VALUES_OVERRIDEN, MANDATORY, MANDATORY_OVERRIDEN, INHERITED, CAN_EDIT_DEFINITION, CAN_DELETE_DEFINITION, CATEGORY_OVERRIDEN, CATEGORY, PRIMARY_OVERRIDEN, PRIMARY)
  VALUES(PROPDEFID_SEQ.nextval,ENTITYTYPEDEFID_SEQ.currval, 'GPPrincipalBalance', 2, 'Guaranteed Portion Principal Balance', 8, 0, 0, NULL, 0, 'com.vsoftcorp.finance.Money:{default={}}', 0, 1, 0, 0, 1, 0, 0, 'UC', 0, 0);

INSERT INTO PROPERTY_PRESENTER_ATTRIBUTES(PROPERTY_DEFINITION_ID, HIDDEN, HIDDEN_OVERRIDEN, EDITABLE, EDITABLE_OVERRIDEN, STATE_NAME)
  VALUES(PROPDEFID_SEQ.currval, 0, 0, 0, 0, 'DEFAULT'); 
INSERT INTO PROPERTY_PRESENTER_ATTRIBUTES(PROPERTY_DEFINITION_ID, HIDDEN, HIDDEN_OVERRIDEN, EDITABLE, EDITABLE_OVERRIDEN, STATE_NAME)
  VALUES(PROPDEFID_SEQ.currval, 0, 0, 0, 0, 'INQUIRY'); 
INSERT INTO PROPERTY_PRESENTER_ATTRIBUTES(PROPERTY_DEFINITION_ID, HIDDEN, HIDDEN_OVERRIDEN, EDITABLE, EDITABLE_OVERRIDEN, STATE_NAME)
  VALUES(PROPDEFID_SEQ.currval, 0, 0, 0, 0, 'ACCOUNT_CREATED'); 


-----------------Guaranteed Portion principal---------------------
INSERT INTO PROPERTY_DEFINITION(PROPERTY_DEFINITION_ID, ENTITY_TYPE_DEFINITION_ID, PROPERTY_NAME, PROPERTY_INDEX, PROPERTY_DESCRIPTION, VALUE_TYPE_DEFINITION_ID, DESCRIPTION_FIELD, DESCRIPTION_FIELD_OVERRIDEN, DEFAULT_VALUE, DEFAULT_VALUE_OVERRIDEN, VALID_VALUES, VALID_VALUES_OVERRIDEN, MANDATORY, MANDATORY_OVERRIDEN, INHERITED, CAN_EDIT_DEFINITION, CAN_DELETE_DEFINITION, CATEGORY_OVERRIDEN, CATEGORY, PRIMARY_OVERRIDEN, PRIMARY)
  VALUES(PROPDEFID_SEQ.nextval,ENTITYTYPEDEFID_SEQ.currval, 'GPPrincipal', 3, 'Guaranteed Portion Principal', 8, 0, 0, NULL, 0, 'com.vsoftcorp.finance.Money:{default={}}', 0, 1, 0, 0, 1, 0, 0, 'UC', 0, 0);

INSERT INTO PROPERTY_PRESENTER_ATTRIBUTES(PROPERTY_DEFINITION_ID, HIDDEN, HIDDEN_OVERRIDEN, EDITABLE, EDITABLE_OVERRIDEN, STATE_NAME)
  VALUES(PROPDEFID_SEQ.currval, 0, 0, 0, 0, 'DEFAULT'); 
INSERT INTO PROPERTY_PRESENTER_ATTRIBUTES(PROPERTY_DEFINITION_ID, HIDDEN, HIDDEN_OVERRIDEN, EDITABLE, EDITABLE_OVERRIDEN, STATE_NAME)
  VALUES(PROPDEFID_SEQ.currval, 0, 0, 0, 0, 'INQUIRY'); 
INSERT INTO PROPERTY_PRESENTER_ATTRIBUTES(PROPERTY_DEFINITION_ID, HIDDEN, HIDDEN_OVERRIDEN, EDITABLE, EDITABLE_OVERRIDEN, STATE_NAME)
  VALUES(PROPDEFID_SEQ.currval, 0, 0, 0, 0, 'ACCOUNT_CREATED'); 



----------------- Guaranteed Portion  Interest---------------------
INSERT INTO PROPERTY_DEFINITION(PROPERTY_DEFINITION_ID, ENTITY_TYPE_DEFINITION_ID, PROPERTY_NAME, PROPERTY_INDEX, PROPERTY_DESCRIPTION, VALUE_TYPE_DEFINITION_ID, DESCRIPTION_FIELD, DESCRIPTION_FIELD_OVERRIDEN, DEFAULT_VALUE, DEFAULT_VALUE_OVERRIDEN, VALID_VALUES, VALID_VALUES_OVERRIDEN, MANDATORY, MANDATORY_OVERRIDEN, INHERITED, CAN_EDIT_DEFINITION, CAN_DELETE_DEFINITION, CATEGORY_OVERRIDEN, CATEGORY, PRIMARY_OVERRIDEN, PRIMARY)
  VALUES(PROPDEFID_SEQ.nextval,ENTITYTYPEDEFID_SEQ.currval, 'GPInterest', 7, 'Guaranteed Portion Interest', 8, 0, 0, NULL, 0, 'com.vsoftcorp.finance.Money:{default={}}', 0, 1, 0, 0, 1, 0, 0, 'UC', 0, 0);

INSERT INTO PROPERTY_PRESENTER_ATTRIBUTES(PROPERTY_DEFINITION_ID, HIDDEN, HIDDEN_OVERRIDEN, EDITABLE, EDITABLE_OVERRIDEN, STATE_NAME)
  VALUES(PROPDEFID_SEQ.currval, 0, 0, 0, 0, 'DEFAULT'); 
INSERT INTO PROPERTY_PRESENTER_ATTRIBUTES(PROPERTY_DEFINITION_ID, HIDDEN, HIDDEN_OVERRIDEN, EDITABLE, EDITABLE_OVERRIDEN, STATE_NAME)
  VALUES(PROPDEFID_SEQ.currval, 0, 0, 0, 0, 'INQUIRY'); 
INSERT INTO PROPERTY_PRESENTER_ATTRIBUTES(PROPERTY_DEFINITION_ID, HIDDEN, HIDDEN_OVERRIDEN, EDITABLE, EDITABLE_OVERRIDEN, STATE_NAME)
  VALUES(PROPDEFID_SEQ.currval, 0, 0, 0, 0, 'ACCOUNT_CREATED'); 


-----------------Guaranteed Portion Fee---------------------
INSERT INTO PROPERTY_DEFINITION(PROPERTY_DEFINITION_ID, ENTITY_TYPE_DEFINITION_ID, PROPERTY_NAME, PROPERTY_INDEX, PROPERTY_DESCRIPTION, VALUE_TYPE_DEFINITION_ID, DESCRIPTION_FIELD, DESCRIPTION_FIELD_OVERRIDEN, DEFAULT_VALUE, DEFAULT_VALUE_OVERRIDEN, VALID_VALUES, VALID_VALUES_OVERRIDEN, MANDATORY, MANDATORY_OVERRIDEN, INHERITED, CAN_EDIT_DEFINITION, CAN_DELETE_DEFINITION, CATEGORY_OVERRIDEN, CATEGORY, PRIMARY_OVERRIDEN, PRIMARY)
  VALUES(PROPDEFID_SEQ.nextval,ENTITYTYPEDEFID_SEQ.currval, 'GPFee', 11, 'Guaranteed Portion Fee', 8, 0, 0, NULL, 0, 'com.vsoftcorp.finance.Money:{default={}}', 0, 1, 0, 0, 1, 0, 0, 'UC', 0, 0);

INSERT INTO PROPERTY_PRESENTER_ATTRIBUTES(PROPERTY_DEFINITION_ID, HIDDEN, HIDDEN_OVERRIDEN, EDITABLE, EDITABLE_OVERRIDEN, STATE_NAME)
  VALUES(PROPDEFID_SEQ.currval, 0, 0, 0, 0, 'DEFAULT'); 
INSERT INTO PROPERTY_PRESENTER_ATTRIBUTES(PROPERTY_DEFINITION_ID, HIDDEN, HIDDEN_OVERRIDEN, EDITABLE, EDITABLE_OVERRIDEN, STATE_NAME)
  VALUES(PROPDEFID_SEQ.currval, 0, 0, 0, 0, 'INQUIRY'); 
INSERT INTO PROPERTY_PRESENTER_ATTRIBUTES(PROPERTY_DEFINITION_ID, HIDDEN, HIDDEN_OVERRIDEN, EDITABLE, EDITABLE_OVERRIDEN, STATE_NAME)
  VALUES(PROPDEFID_SEQ.currval, 0, 0, 0, 0, 'ACCOUNT_CREATED'); 

-----------------Guaranteed Portion Interest MTD---------------------
INSERT INTO PROPERTY_DEFINITION(PROPERTY_DEFINITION_ID, ENTITY_TYPE_DEFINITION_ID, PROPERTY_NAME, PROPERTY_INDEX, PROPERTY_DESCRIPTION, VALUE_TYPE_DEFINITION_ID, DESCRIPTION_FIELD, DESCRIPTION_FIELD_OVERRIDEN, DEFAULT_VALUE, DEFAULT_VALUE_OVERRIDEN, VALID_VALUES, VALID_VALUES_OVERRIDEN, MANDATORY, MANDATORY_OVERRIDEN, INHERITED, CAN_EDIT_DEFINITION, CAN_DELETE_DEFINITION, CATEGORY_OVERRIDEN, CATEGORY, PRIMARY_OVERRIDEN, PRIMARY)
  VALUES(PROPDEFID_SEQ.nextval,ENTITYTYPEDEFID_SEQ.currval, 'GPInterestMTD', 8, 'Guaranteed Portion Interest MTD', 8, 0, 0, NULL, 0, 'com.vsoftcorp.finance.Money:{default={}}', 0, 1, 0, 0, 1, 0, 0, 'UC', 0, 0);

INSERT INTO PROPERTY_PRESENTER_ATTRIBUTES(PROPERTY_DEFINITION_ID, HIDDEN, HIDDEN_OVERRIDEN, EDITABLE, EDITABLE_OVERRIDEN, STATE_NAME)
  VALUES(PROPDEFID_SEQ.currval, 0, 0, 0, 0, 'DEFAULT'); 
INSERT INTO PROPERTY_PRESENTER_ATTRIBUTES(PROPERTY_DEFINITION_ID, HIDDEN, HIDDEN_OVERRIDEN, EDITABLE, EDITABLE_OVERRIDEN, STATE_NAME)
  VALUES(PROPDEFID_SEQ.currval, 0, 0, 0, 0, 'INQUIRY'); 
INSERT INTO PROPERTY_PRESENTER_ATTRIBUTES(PROPERTY_DEFINITION_ID, HIDDEN, HIDDEN_OVERRIDEN, EDITABLE, EDITABLE_OVERRIDEN, STATE_NAME)
  VALUES(PROPDEFID_SEQ.currval, 0, 0, 0, 0, 'ACCOUNT_CREATED'); 


-----------------Guaranteed Portion Interest YTD---------------------
INSERT INTO PROPERTY_DEFINITION(PROPERTY_DEFINITION_ID, ENTITY_TYPE_DEFINITION_ID, PROPERTY_NAME, PROPERTY_INDEX, PROPERTY_DESCRIPTION, VALUE_TYPE_DEFINITION_ID, DESCRIPTION_FIELD, DESCRIPTION_FIELD_OVERRIDEN, DEFAULT_VALUE, DEFAULT_VALUE_OVERRIDEN, VALID_VALUES, VALID_VALUES_OVERRIDEN, MANDATORY, MANDATORY_OVERRIDEN, INHERITED, CAN_EDIT_DEFINITION, CAN_DELETE_DEFINITION, CATEGORY_OVERRIDEN, CATEGORY, PRIMARY_OVERRIDEN, PRIMARY)
  VALUES(PROPDEFID_SEQ.nextval,ENTITYTYPEDEFID_SEQ.currval, 'GPInterestYTD', 9, 'Guaranteed Portion Interest YTD', 8, 0, 0, NULL, 0, 'com.vsoftcorp.finance.Money:{default={}}', 0, 1, 0, 0, 1, 0, 0, 'UC', 0, 0);

INSERT INTO PROPERTY_PRESENTER_ATTRIBUTES(PROPERTY_DEFINITION_ID, HIDDEN, HIDDEN_OVERRIDEN, EDITABLE, EDITABLE_OVERRIDEN, STATE_NAME)
  VALUES(PROPDEFID_SEQ.currval, 0, 0, 0, 0, 'DEFAULT'); 
INSERT INTO PROPERTY_PRESENTER_ATTRIBUTES(PROPERTY_DEFINITION_ID, HIDDEN, HIDDEN_OVERRIDEN, EDITABLE, EDITABLE_OVERRIDEN, STATE_NAME)
  VALUES(PROPDEFID_SEQ.currval, 0, 0, 0, 0, 'INQUIRY'); 
INSERT INTO PROPERTY_PRESENTER_ATTRIBUTES(PROPERTY_DEFINITION_ID, HIDDEN, HIDDEN_OVERRIDEN, EDITABLE, EDITABLE_OVERRIDEN, STATE_NAME)
  VALUES(PROPDEFID_SEQ.currval, 0, 0, 0, 0, 'ACCOUNT_CREATED'); 



-----------------Guaranteed Portion Interest LTD---------------------
INSERT INTO PROPERTY_DEFINITION(PROPERTY_DEFINITION_ID, ENTITY_TYPE_DEFINITION_ID, PROPERTY_NAME, PROPERTY_INDEX, PROPERTY_DESCRIPTION, VALUE_TYPE_DEFINITION_ID, DESCRIPTION_FIELD, DESCRIPTION_FIELD_OVERRIDEN, DEFAULT_VALUE, DEFAULT_VALUE_OVERRIDEN, VALID_VALUES, VALID_VALUES_OVERRIDEN, MANDATORY, MANDATORY_OVERRIDEN, INHERITED, CAN_EDIT_DEFINITION, CAN_DELETE_DEFINITION, CATEGORY_OVERRIDEN, CATEGORY, PRIMARY_OVERRIDEN, PRIMARY)
  VALUES(PROPDEFID_SEQ.nextval,ENTITYTYPEDEFID_SEQ.currval, 'GPInterestLTD', 10, 'Guaranteed Portion Interest LTD', 8, 0, 0, NULL, 0, 'com.vsoftcorp.finance.Money:{default={}}', 0, 1, 0, 0, 1, 0, 0, 'UC', 0, 0);

INSERT INTO PROPERTY_PRESENTER_ATTRIBUTES(PROPERTY_DEFINITION_ID, HIDDEN, HIDDEN_OVERRIDEN, EDITABLE, EDITABLE_OVERRIDEN, STATE_NAME)
  VALUES(PROPDEFID_SEQ.currval, 0, 0, 0, 0, 'DEFAULT'); 
INSERT INTO PROPERTY_PRESENTER_ATTRIBUTES(PROPERTY_DEFINITION_ID, HIDDEN, HIDDEN_OVERRIDEN, EDITABLE, EDITABLE_OVERRIDEN, STATE_NAME)
  VALUES(PROPDEFID_SEQ.currval, 0, 0, 0, 0, 'INQUIRY'); 
INSERT INTO PROPERTY_PRESENTER_ATTRIBUTES(PROPERTY_DEFINITION_ID, HIDDEN, HIDDEN_OVERRIDEN, EDITABLE, EDITABLE_OVERRIDEN, STATE_NAME)
  VALUES(PROPDEFID_SEQ.currval, 0, 0, 0, 0, 'ACCOUNT_CREATED'); 


-----------------Guaranteed Portion Principal MTD---------------------
INSERT INTO PROPERTY_DEFINITION(PROPERTY_DEFINITION_ID, ENTITY_TYPE_DEFINITION_ID, PROPERTY_NAME, PROPERTY_INDEX, PROPERTY_DESCRIPTION, VALUE_TYPE_DEFINITION_ID, DESCRIPTION_FIELD, DESCRIPTION_FIELD_OVERRIDEN, DEFAULT_VALUE, DEFAULT_VALUE_OVERRIDEN, VALID_VALUES, VALID_VALUES_OVERRIDEN, MANDATORY, MANDATORY_OVERRIDEN, INHERITED, CAN_EDIT_DEFINITION, CAN_DELETE_DEFINITION, CATEGORY_OVERRIDEN, CATEGORY, PRIMARY_OVERRIDEN, PRIMARY)
  VALUES(PROPDEFID_SEQ.nextval,ENTITYTYPEDEFID_SEQ.currval, 'GPPrincipalMTD', 4, 'Guaranteed Portion Principal MTD', 8, 0, 0, NULL, 0, 'com.vsoftcorp.finance.Money:{default={}}', 0, 1, 0, 0, 1, 0, 0, 'UC', 0, 0);

INSERT INTO PROPERTY_PRESENTER_ATTRIBUTES(PROPERTY_DEFINITION_ID, HIDDEN, HIDDEN_OVERRIDEN, EDITABLE, EDITABLE_OVERRIDEN, STATE_NAME)
  VALUES(PROPDEFID_SEQ.currval, 0, 0, 0, 0, 'DEFAULT'); 
INSERT INTO PROPERTY_PRESENTER_ATTRIBUTES(PROPERTY_DEFINITION_ID, HIDDEN, HIDDEN_OVERRIDEN, EDITABLE, EDITABLE_OVERRIDEN, STATE_NAME)
  VALUES(PROPDEFID_SEQ.currval, 0, 0, 0, 0, 'INQUIRY'); 
INSERT INTO PROPERTY_PRESENTER_ATTRIBUTES(PROPERTY_DEFINITION_ID, HIDDEN, HIDDEN_OVERRIDEN, EDITABLE, EDITABLE_OVERRIDEN, STATE_NAME)
  VALUES(PROPDEFID_SEQ.currval, 0, 0, 0, 0, 'ACCOUNT_CREATED'); 


-----------------Guaranteed Portion Principal YTD---------------------
INSERT INTO PROPERTY_DEFINITION(PROPERTY_DEFINITION_ID, ENTITY_TYPE_DEFINITION_ID, PROPERTY_NAME, PROPERTY_INDEX, PROPERTY_DESCRIPTION, VALUE_TYPE_DEFINITION_ID, DESCRIPTION_FIELD, DESCRIPTION_FIELD_OVERRIDEN, DEFAULT_VALUE, DEFAULT_VALUE_OVERRIDEN, VALID_VALUES, VALID_VALUES_OVERRIDEN, MANDATORY, MANDATORY_OVERRIDEN, INHERITED, CAN_EDIT_DEFINITION, CAN_DELETE_DEFINITION, CATEGORY_OVERRIDEN, CATEGORY, PRIMARY_OVERRIDEN, PRIMARY)
  VALUES(PROPDEFID_SEQ.nextval,ENTITYTYPEDEFID_SEQ.currval, 'GPPrincipalYTD', 5, 'Guaranteed Portion Principal YTD', 8, 0, 0, NULL, 0, 'com.vsoftcorp.finance.Money:{default={}}', 0, 1, 0, 0, 1, 0, 0, 'UC', 0, 0);

INSERT INTO PROPERTY_PRESENTER_ATTRIBUTES(PROPERTY_DEFINITION_ID, HIDDEN, HIDDEN_OVERRIDEN, EDITABLE, EDITABLE_OVERRIDEN, STATE_NAME)
  VALUES(PROPDEFID_SEQ.currval, 0, 0, 0, 0, 'DEFAULT'); 
INSERT INTO PROPERTY_PRESENTER_ATTRIBUTES(PROPERTY_DEFINITION_ID, HIDDEN, HIDDEN_OVERRIDEN, EDITABLE, EDITABLE_OVERRIDEN, STATE_NAME)
  VALUES(PROPDEFID_SEQ.currval, 0, 0, 0, 0, 'INQUIRY'); 
INSERT INTO PROPERTY_PRESENTER_ATTRIBUTES(PROPERTY_DEFINITION_ID, HIDDEN, HIDDEN_OVERRIDEN, EDITABLE, EDITABLE_OVERRIDEN, STATE_NAME)
  VALUES(PROPDEFID_SEQ.currval, 0, 0, 0, 0, 'ACCOUNT_CREATED');



-----------------Guaranteed Portion Principal LTD---------------------
INSERT INTO PROPERTY_DEFINITION(PROPERTY_DEFINITION_ID, ENTITY_TYPE_DEFINITION_ID, PROPERTY_NAME, PROPERTY_INDEX, PROPERTY_DESCRIPTION, VALUE_TYPE_DEFINITION_ID, DESCRIPTION_FIELD, DESCRIPTION_FIELD_OVERRIDEN, DEFAULT_VALUE, DEFAULT_VALUE_OVERRIDEN, VALID_VALUES, VALID_VALUES_OVERRIDEN, MANDATORY, MANDATORY_OVERRIDEN, INHERITED, CAN_EDIT_DEFINITION, CAN_DELETE_DEFINITION, CATEGORY_OVERRIDEN, CATEGORY, PRIMARY_OVERRIDEN, PRIMARY)
  VALUES(PROPDEFID_SEQ.nextval,ENTITYTYPEDEFID_SEQ.currval, 'GPPrincipalLTD', 6, 'Guaranteed Portion Principal LTD', 8, 0, 0, NULL, 0, 'com.vsoftcorp.finance.Money:{default={}}', 0, 1, 0, 0, 1, 0, 0, 'UC', 0, 0);

INSERT INTO PROPERTY_PRESENTER_ATTRIBUTES(PROPERTY_DEFINITION_ID, HIDDEN, HIDDEN_OVERRIDEN, EDITABLE, EDITABLE_OVERRIDEN, STATE_NAME)
  VALUES(PROPDEFID_SEQ.currval, 0, 0, 0, 0, 'DEFAULT'); 
INSERT INTO PROPERTY_PRESENTER_ATTRIBUTES(PROPERTY_DEFINITION_ID, HIDDEN, HIDDEN_OVERRIDEN, EDITABLE, EDITABLE_OVERRIDEN, STATE_NAME)
  VALUES(PROPDEFID_SEQ.currval, 0, 0, 0, 0, 'INQUIRY'); 
INSERT INTO PROPERTY_PRESENTER_ATTRIBUTES(PROPERTY_DEFINITION_ID, HIDDEN, HIDDEN_OVERRIDEN, EDITABLE, EDITABLE_OVERRIDEN, STATE_NAME)
  VALUES(PROPDEFID_SEQ.currval, 0, 0, 0, 0, 'ACCOUNT_CREATED');



-----------------Guaranteed Portion Fee MTD---------------------
INSERT INTO PROPERTY_DEFINITION(PROPERTY_DEFINITION_ID, ENTITY_TYPE_DEFINITION_ID, PROPERTY_NAME, PROPERTY_INDEX, PROPERTY_DESCRIPTION, VALUE_TYPE_DEFINITION_ID, DESCRIPTION_FIELD, DESCRIPTION_FIELD_OVERRIDEN, DEFAULT_VALUE, DEFAULT_VALUE_OVERRIDEN, VALID_VALUES, VALID_VALUES_OVERRIDEN, MANDATORY, MANDATORY_OVERRIDEN, INHERITED, CAN_EDIT_DEFINITION, CAN_DELETE_DEFINITION, CATEGORY_OVERRIDEN, CATEGORY, PRIMARY_OVERRIDEN, PRIMARY)
  VALUES(PROPDEFID_SEQ.nextval,ENTITYTYPEDEFID_SEQ.currval, 'GPFeeMTD', 12, 'Guaranteed Portion Fee MTD', 8, 0, 0, NULL, 0, 'com.vsoftcorp.finance.Money:{default={}}', 0, 1, 0, 0, 1, 0, 0, 'UC', 0, 0);

INSERT INTO PROPERTY_PRESENTER_ATTRIBUTES(PROPERTY_DEFINITION_ID, HIDDEN, HIDDEN_OVERRIDEN, EDITABLE, EDITABLE_OVERRIDEN, STATE_NAME)
  VALUES(PROPDEFID_SEQ.currval, 0, 0, 0, 0, 'DEFAULT'); 
INSERT INTO PROPERTY_PRESENTER_ATTRIBUTES(PROPERTY_DEFINITION_ID, HIDDEN, HIDDEN_OVERRIDEN, EDITABLE, EDITABLE_OVERRIDEN, STATE_NAME)
  VALUES(PROPDEFID_SEQ.currval, 0, 0, 0, 0, 'INQUIRY'); 
INSERT INTO PROPERTY_PRESENTER_ATTRIBUTES(PROPERTY_DEFINITION_ID, HIDDEN, HIDDEN_OVERRIDEN, EDITABLE, EDITABLE_OVERRIDEN, STATE_NAME)
  VALUES(PROPDEFID_SEQ.currval, 0, 0, 0, 0, 'ACCOUNT_CREATED');


-----------------Guaranteed Portion Fee YTD---------------------
INSERT INTO PROPERTY_DEFINITION(PROPERTY_DEFINITION_ID, ENTITY_TYPE_DEFINITION_ID, PROPERTY_NAME, PROPERTY_INDEX, PROPERTY_DESCRIPTION, VALUE_TYPE_DEFINITION_ID, DESCRIPTION_FIELD, DESCRIPTION_FIELD_OVERRIDEN, DEFAULT_VALUE, DEFAULT_VALUE_OVERRIDEN, VALID_VALUES, VALID_VALUES_OVERRIDEN, MANDATORY, MANDATORY_OVERRIDEN, INHERITED, CAN_EDIT_DEFINITION, CAN_DELETE_DEFINITION, CATEGORY_OVERRIDEN, CATEGORY, PRIMARY_OVERRIDEN, PRIMARY)
  VALUES(PROPDEFID_SEQ.nextval,ENTITYTYPEDEFID_SEQ.currval, 'GPFeeYTD', 13, 'Guaranteed Portion Fee YTD', 8, 0, 0, NULL, 0, 'com.vsoftcorp.finance.Money:{default={}}', 0, 1, 0, 0, 1, 0, 0, 'UC', 0, 0);

INSERT INTO PROPERTY_PRESENTER_ATTRIBUTES(PROPERTY_DEFINITION_ID, HIDDEN, HIDDEN_OVERRIDEN, EDITABLE, EDITABLE_OVERRIDEN, STATE_NAME)
  VALUES(PROPDEFID_SEQ.currval, 0, 0, 0, 0, 'DEFAULT'); 
INSERT INTO PROPERTY_PRESENTER_ATTRIBUTES(PROPERTY_DEFINITION_ID, HIDDEN, HIDDEN_OVERRIDEN, EDITABLE, EDITABLE_OVERRIDEN, STATE_NAME)
  VALUES(PROPDEFID_SEQ.currval, 0, 0, 0, 0, 'INQUIRY'); 
INSERT INTO PROPERTY_PRESENTER_ATTRIBUTES(PROPERTY_DEFINITION_ID, HIDDEN, HIDDEN_OVERRIDEN, EDITABLE, EDITABLE_OVERRIDEN, STATE_NAME)
  VALUES(PROPDEFID_SEQ.currval, 0, 0, 0, 0, 'ACCOUNT_CREATED');



-----------------Guaranteed Portion Fee LTD---------------------
INSERT INTO PROPERTY_DEFINITION(PROPERTY_DEFINITION_ID, ENTITY_TYPE_DEFINITION_ID, PROPERTY_NAME, PROPERTY_INDEX, PROPERTY_DESCRIPTION, VALUE_TYPE_DEFINITION_ID, DESCRIPTION_FIELD, DESCRIPTION_FIELD_OVERRIDEN, DEFAULT_VALUE, DEFAULT_VALUE_OVERRIDEN, VALID_VALUES, VALID_VALUES_OVERRIDEN, MANDATORY, MANDATORY_OVERRIDEN, INHERITED, CAN_EDIT_DEFINITION, CAN_DELETE_DEFINITION, CATEGORY_OVERRIDEN, CATEGORY, PRIMARY_OVERRIDEN, PRIMARY)
  VALUES(PROPDEFID_SEQ.nextval,ENTITYTYPEDEFID_SEQ.currval, 'GPFeeLTD', 14, 'Guaranteed Portion Fee LTD', 8, 0, 0, NULL, 0, 'com.vsoftcorp.finance.Money:{default={}}', 0, 1, 0, 0, 1, 0, 0, 'UC', 0, 0);

INSERT INTO PROPERTY_PRESENTER_ATTRIBUTES(PROPERTY_DEFINITION_ID, HIDDEN, HIDDEN_OVERRIDEN, EDITABLE, EDITABLE_OVERRIDEN, STATE_NAME)
  VALUES(PROPDEFID_SEQ.currval, 0, 0, 0, 0, 'DEFAULT'); 
INSERT INTO PROPERTY_PRESENTER_ATTRIBUTES(PROPERTY_DEFINITION_ID, HIDDEN, HIDDEN_OVERRIDEN, EDITABLE, EDITABLE_OVERRIDEN, STATE_NAME)
  VALUES(PROPDEFID_SEQ.currval, 0, 0, 0, 0, 'INQUIRY'); 
INSERT INTO PROPERTY_PRESENTER_ATTRIBUTES(PROPERTY_DEFINITION_ID, HIDDEN, HIDDEN_OVERRIDEN, EDITABLE, EDITABLE_OVERRIDEN, STATE_NAME)
  VALUES(PROPDEFID_SEQ.currval, 0, 0, 0, 0, 'ACCOUNT_CREATED');


-----------------Guaranteed Portion Payment---------------------
INSERT INTO PROPERTY_DEFINITION(PROPERTY_DEFINITION_ID, ENTITY_TYPE_DEFINITION_ID, PROPERTY_NAME, PROPERTY_INDEX, PROPERTY_DESCRIPTION, VALUE_TYPE_DEFINITION_ID, DESCRIPTION_FIELD, DESCRIPTION_FIELD_OVERRIDEN, DEFAULT_VALUE, DEFAULT_VALUE_OVERRIDEN, VALID_VALUES, VALID_VALUES_OVERRIDEN, MANDATORY, MANDATORY_OVERRIDEN, INHERITED, CAN_EDIT_DEFINITION, CAN_DELETE_DEFINITION, CATEGORY_OVERRIDEN, CATEGORY, PRIMARY_OVERRIDEN, PRIMARY)
  VALUES(PROPDEFID_SEQ.nextval,ENTITYTYPEDEFID_SEQ.currval, 'GPPayment', 0, 'Guaranteed Portion Payment', 8, 0, 0, NULL, 0, 'com.vsoftcorp.finance.Money:{default={}}', 0, 1, 0, 0, 1, 0, 0, 'UC', 0, 0);

INSERT INTO PROPERTY_PRESENTER_ATTRIBUTES(PROPERTY_DEFINITION_ID, HIDDEN, HIDDEN_OVERRIDEN, EDITABLE, EDITABLE_OVERRIDEN, STATE_NAME)
  VALUES(PROPDEFID_SEQ.currval, 0, 0, 0, 0, 'DEFAULT'); 
INSERT INTO PROPERTY_PRESENTER_ATTRIBUTES(PROPERTY_DEFINITION_ID, HIDDEN, HIDDEN_OVERRIDEN, EDITABLE, EDITABLE_OVERRIDEN, STATE_NAME)
  VALUES(PROPDEFID_SEQ.currval, 0, 0, 0, 0, 'INQUIRY'); 
INSERT INTO PROPERTY_PRESENTER_ATTRIBUTES(PROPERTY_DEFINITION_ID, HIDDEN, HIDDEN_OVERRIDEN, EDITABLE, EDITABLE_OVERRIDEN, STATE_NAME)
  VALUES(PROPDEFID_SEQ.currval, 0, 0, 0, 0, 'ACCOUNT_CREATED');



-----------------------------------------------------1502 Reporting Parameter------------------------------

INSERT INTO ENTITY_TYPE_DEFINITION(ENTITY_TYPE_DEFINITION_ID, TYPE_NAME, TYPE_DESCRIPTION, ENTITY_TYPE_INSTANCE_CLASS, BASE_ENTITY_TYPE_DEF_ID, LOOKUP, SYSTEM)VALUES(ENTITYTYPEDEFID_SEQ.nextval, 'SBA1502ReportingParameter', 'SBA 1502 Reporting Parameter', 'com.vsoftcorp.loan.model.entities.SBAReportingParameter', NULL, 0, 0);

-----------------1502 Reporting Required---------------------

INSERT INTO PROPERTY_DEFINITION(PROPERTY_DEFINITION_ID, ENTITY_TYPE_DEFINITION_ID, PROPERTY_NAME, PROPERTY_INDEX, PROPERTY_DESCRIPTION, VALUE_TYPE_DEFINITION_ID, DESCRIPTION_FIELD, DESCRIPTION_FIELD_OVERRIDEN, DEFAULT_VALUE, DEFAULT_VALUE_OVERRIDEN, VALID_VALUES, VALID_VALUES_OVERRIDEN, MANDATORY, MANDATORY_OVERRIDEN, INHERITED, CAN_EDIT_DEFINITION, CAN_DELETE_DEFINITION, CATEGORY_OVERRIDEN, CATEGORY, PRIMARY_OVERRIDEN, PRIMARY)
  VALUES(PROPDEFID_SEQ.nextval,ENTITYTYPEDEFID_SEQ.currval, 'SBA1502ReportingRequired', 0, 'SBA 1502 Reporting Required', 0, 0, 0, 'java.lang.Boolean:true', 0, 'java.lang.Boolean:{default={true=Yes,false=No}}', 0, 1, 0, 0, 1, 0, 0, 'UC', 0, 0);

INSERT INTO PROPERTY_PRESENTER_ATTRIBUTES(PROPERTY_DEFINITION_ID, HIDDEN, HIDDEN_OVERRIDEN, EDITABLE, EDITABLE_OVERRIDEN, STATE_NAME)
  VALUES(PROPDEFID_SEQ.currval, 0, 0, 0, 0, 'DEFAULT'); 
INSERT INTO PROPERTY_PRESENTER_ATTRIBUTES(PROPERTY_DEFINITION_ID, HIDDEN, HIDDEN_OVERRIDEN, EDITABLE, EDITABLE_OVERRIDEN, STATE_NAME)
  VALUES(PROPDEFID_SEQ.currval, 0, 0, 0, 0, 'INQUIRY'); 
INSERT INTO PROPERTY_PRESENTER_ATTRIBUTES(PROPERTY_DEFINITION_ID, HIDDEN, HIDDEN_OVERRIDEN, EDITABLE, EDITABLE_OVERRIDEN, STATE_NAME)
  VALUES(PROPDEFID_SEQ.currval, 0, 0, 1, 0, 'ACCOUNT_CREATED');

-----------------1502 Reporting Frequency---------------------

INSERT INTO PROPERTY_DEFINITION(PROPERTY_DEFINITION_ID, ENTITY_TYPE_DEFINITION_ID, PROPERTY_NAME, PROPERTY_INDEX, PROPERTY_DESCRIPTION, VALUE_TYPE_DEFINITION_ID, DESCRIPTION_FIELD, DESCRIPTION_FIELD_OVERRIDEN, DEFAULT_VALUE, DEFAULT_VALUE_OVERRIDEN, VALID_VALUES, VALID_VALUES_OVERRIDEN, MANDATORY, MANDATORY_OVERRIDEN, INHERITED, CAN_EDIT_DEFINITION, CAN_DELETE_DEFINITION, CATEGORY_OVERRIDEN, CATEGORY, PRIMARY_OVERRIDEN, PRIMARY)
  VALUES(PROPDEFID_SEQ.nextval,ENTITYTYPEDEFID_SEQ.currval, 'SBA1502ReportingFrequency', 0, 'SBA 1502 Reporting Frequency', 2, 0, 0, 'java.lang.Integer:12', 0, 'java.lang.Integer:{default={2=Semi-Annual,4=Quarterly, 12=Monthly, 1=Annual}}', 0, 1, 0, 0, 1, 0, 0, 'UC', 0, 0);

INSERT INTO PROPERTY_PRESENTER_ATTRIBUTES(PROPERTY_DEFINITION_ID, HIDDEN, HIDDEN_OVERRIDEN, EDITABLE, EDITABLE_OVERRIDEN, STATE_NAME)
  VALUES(PROPDEFID_SEQ.currval, 0, 0, 1, 0, 'DEFAULT'); 
INSERT INTO PROPERTY_PRESENTER_ATTRIBUTES(PROPERTY_DEFINITION_ID, HIDDEN, HIDDEN_OVERRIDEN, EDITABLE, EDITABLE_OVERRIDEN, STATE_NAME)
  VALUES(PROPDEFID_SEQ.currval, 0, 0, 0, 0, 'INQUIRY'); 
INSERT INTO PROPERTY_PRESENTER_ATTRIBUTES(PROPERTY_DEFINITION_ID, HIDDEN, HIDDEN_OVERRIDEN, EDITABLE, EDITABLE_OVERRIDEN, STATE_NAME)
  VALUES(PROPDEFID_SEQ.currval, 0, 0, 1, 0, 'ACCOUNT_CREATED');

-----------------Next Reporting Date---------------------

INSERT INTO PROPERTY_DEFINITION(PROPERTY_DEFINITION_ID, ENTITY_TYPE_DEFINITION_ID, PROPERTY_NAME, PROPERTY_INDEX, PROPERTY_DESCRIPTION, VALUE_TYPE_DEFINITION_ID, DESCRIPTION_FIELD, DESCRIPTION_FIELD_OVERRIDEN, DEFAULT_VALUE, DEFAULT_VALUE_OVERRIDEN, VALID_VALUES, VALID_VALUES_OVERRIDEN, MANDATORY, MANDATORY_OVERRIDEN, INHERITED, CAN_EDIT_DEFINITION, CAN_DELETE_DEFINITION, CATEGORY_OVERRIDEN, CATEGORY, PRIMARY_OVERRIDEN, PRIMARY)
  VALUES(PROPDEFID_SEQ.nextval,ENTITYTYPEDEFID_SEQ.currval, 'NextReportingDate', 0, 'Next Reporting Date', 5, 0, 0, NULL, 0, 'com.vsoftcorp.time.Date:{default={}}', 0, 1, 0, 0, 1, 0, 0, 'UC', 0, 0);

INSERT INTO PROPERTY_PRESENTER_ATTRIBUTES(PROPERTY_DEFINITION_ID, HIDDEN, HIDDEN_OVERRIDEN, EDITABLE, EDITABLE_OVERRIDEN, STATE_NAME)
  VALUES(PROPDEFID_SEQ.currval, 0, 0, 0, 0, 'DEFAULT'); 
INSERT INTO PROPERTY_PRESENTER_ATTRIBUTES(PROPERTY_DEFINITION_ID, HIDDEN, HIDDEN_OVERRIDEN, EDITABLE, EDITABLE_OVERRIDEN, STATE_NAME)
  VALUES(PROPDEFID_SEQ.currval, 0, 0, 0, 0, 'INQUIRY'); 
INSERT INTO PROPERTY_PRESENTER_ATTRIBUTES(PROPERTY_DEFINITION_ID, HIDDEN, HIDDEN_OVERRIDEN, EDITABLE, EDITABLE_OVERRIDEN, STATE_NAME)
  VALUES(PROPDEFID_SEQ.currval, 0, 0, 0, 0, 'ACCOUNT_CREATED');

-----------------Last Reporting Date---------------------

INSERT INTO PROPERTY_DEFINITION(PROPERTY_DEFINITION_ID, ENTITY_TYPE_DEFINITION_ID, PROPERTY_NAME, PROPERTY_INDEX, PROPERTY_DESCRIPTION, VALUE_TYPE_DEFINITION_ID, DESCRIPTION_FIELD, DESCRIPTION_FIELD_OVERRIDEN, DEFAULT_VALUE, DEFAULT_VALUE_OVERRIDEN, VALID_VALUES, VALID_VALUES_OVERRIDEN, MANDATORY, MANDATORY_OVERRIDEN, INHERITED, CAN_EDIT_DEFINITION, CAN_DELETE_DEFINITION, CATEGORY_OVERRIDEN, CATEGORY, PRIMARY_OVERRIDEN, PRIMARY)
  VALUES(PROPDEFID_SEQ.nextval,ENTITYTYPEDEFID_SEQ.currval, 'LastReportingDate', 0, 'Last Reporting Date', 5, 0, 0, NULL, 0, 'com.vsoftcorp.time.Date:{default={}}', 0, 0, 0, 0, 1, 0, 0, 'UC', 0, 0);

INSERT INTO PROPERTY_PRESENTER_ATTRIBUTES(PROPERTY_DEFINITION_ID, HIDDEN, HIDDEN_OVERRIDEN, EDITABLE, EDITABLE_OVERRIDEN, STATE_NAME)
  VALUES(PROPDEFID_SEQ.currval, 0, 0, 0, 0, 'DEFAULT'); 
INSERT INTO PROPERTY_PRESENTER_ATTRIBUTES(PROPERTY_DEFINITION_ID, HIDDEN, HIDDEN_OVERRIDEN, EDITABLE, EDITABLE_OVERRIDEN, STATE_NAME)
  VALUES(PROPDEFID_SEQ.currval, 0, 0, 0, 0, 'INQUIRY'); 
INSERT INTO PROPERTY_PRESENTER_ATTRIBUTES(PROPERTY_DEFINITION_ID, HIDDEN, HIDDEN_OVERRIDEN, EDITABLE, EDITABLE_OVERRIDEN, STATE_NAME)
  VALUES(PROPDEFID_SEQ.currval, 0, 0, 0, 0, 'ACCOUNT_CREATED');




-----------------------------------------------------SBA Parameters-------------------------------------------

INSERT INTO ENTITY_TYPE_DEFINITION(ENTITY_TYPE_DEFINITION_ID, TYPE_NAME, TYPE_DESCRIPTION, ENTITY_TYPE_INSTANCE_CLASS, BASE_ENTITY_TYPE_DEF_ID, LOOKUP, SYSTEM)VALUES(ENTITYTYPEDEFID_SEQ.nextval, 'SBAParameters', 'SBA Parameters', 'com.vsoftcorp.loan.model.entities.SBAParameters', NULL, 0, 0);




-----------------SBA program Type---------------------

INSERT INTO PROPERTY_DEFINITION(PROPERTY_DEFINITION_ID, ENTITY_TYPE_DEFINITION_ID, PROPERTY_NAME, PROPERTY_INDEX, PROPERTY_DESCRIPTION, VALUE_TYPE_DEFINITION_ID, DESCRIPTION_FIELD, DESCRIPTION_FIELD_OVERRIDEN, DEFAULT_VALUE, DEFAULT_VALUE_OVERRIDEN, VALID_VALUES, VALID_VALUES_OVERRIDEN, MANDATORY, MANDATORY_OVERRIDEN, INHERITED, CAN_EDIT_DEFINITION, CAN_DELETE_DEFINITION, CATEGORY_OVERRIDEN, CATEGORY, PRIMARY_OVERRIDEN, PRIMARY)
  VALUES(PROPDEFID_SEQ.nextval,ENTITYTYPEDEFID_SEQ.currval, 'SBAProgramType', 0, 'SBA Program Type', 2, 1, 0, 'java.lang.Integer:0', 0, 'java.lang.Integer:{default={0=7(a), 1=CDC/504, 2=Microloan, 3=7(a) Express}}', 0, 1, 0, 0, 1, 0, 0, 'UC', 0, 0);

INSERT INTO PROPERTY_PRESENTER_ATTRIBUTES(PROPERTY_DEFINITION_ID, HIDDEN, HIDDEN_OVERRIDEN, EDITABLE, EDITABLE_OVERRIDEN, STATE_NAME)
  VALUES(PROPDEFID_SEQ.currval, 0, 0, 1, 0, 'DEFAULT'); 
INSERT INTO PROPERTY_PRESENTER_ATTRIBUTES(PROPERTY_DEFINITION_ID, HIDDEN, HIDDEN_OVERRIDEN, EDITABLE, EDITABLE_OVERRIDEN, STATE_NAME)
  VALUES(PROPDEFID_SEQ.currval, 0, 0, 0, 0, 'INQUIRY'); 
INSERT INTO PROPERTY_PRESENTER_ATTRIBUTES(PROPERTY_DEFINITION_ID, HIDDEN, HIDDEN_OVERRIDEN, EDITABLE, EDITABLE_OVERRIDEN, STATE_NAME)
  VALUES(PROPDEFID_SEQ.currval, 0, 0, 1, 0, 'ACCOUNT_CREATED');

-----------------SBA GP Number---------------------
INSERT INTO PROPERTY_DEFINITION(PROPERTY_DEFINITION_ID, ENTITY_TYPE_DEFINITION_ID, PROPERTY_NAME, PROPERTY_INDEX, PROPERTY_DESCRIPTION, VALUE_TYPE_DEFINITION_ID, DESCRIPTION_FIELD, DESCRIPTION_FIELD_OVERRIDEN, DEFAULT_VALUE, DEFAULT_VALUE_OVERRIDEN, VALID_VALUES, VALID_VALUES_OVERRIDEN, MANDATORY, MANDATORY_OVERRIDEN, INHERITED, CAN_EDIT_DEFINITION, CAN_DELETE_DEFINITION, CATEGORY_OVERRIDEN, CATEGORY, PRIMARY_OVERRIDEN, PRIMARY)
  VALUES(PROPDEFID_SEQ.nextval,ENTITYTYPEDEFID_SEQ.currval, 'SBAGPNumber', 0, 'SBA GP Number', 1, 1, 0, NULL, 0, 'java.lang.Integer:{default={}}', 0, 0, 0, 0, 1, 0, 0, 'UC', 0, 0);

INSERT INTO PROPERTY_PRESENTER_ATTRIBUTES(PROPERTY_DEFINITION_ID, HIDDEN, HIDDEN_OVERRIDEN, EDITABLE, EDITABLE_OVERRIDEN, STATE_NAME)
  VALUES(PROPDEFID_SEQ.currval, 0, 0, 1, 0, 'DEFAULT'); 
INSERT INTO PROPERTY_PRESENTER_ATTRIBUTES(PROPERTY_DEFINITION_ID, HIDDEN, HIDDEN_OVERRIDEN, EDITABLE, EDITABLE_OVERRIDEN, STATE_NAME)
  VALUES(PROPDEFID_SEQ.currval, 0, 0, 0, 0, 'INQUIRY'); 
INSERT INTO PROPERTY_PRESENTER_ATTRIBUTES(PROPERTY_DEFINITION_ID, HIDDEN, HIDDEN_OVERRIDEN, EDITABLE, EDITABLE_OVERRIDEN, STATE_NAME)
  VALUES(PROPDEFID_SEQ.currval, 0, 0, 1, 0, 'ACCOUNT_CREATED'); 

-----------------SBA Guarantee Percentage---------------------

INSERT INTO PROPERTY_DEFINITION(PROPERTY_DEFINITION_ID, ENTITY_TYPE_DEFINITION_ID, PROPERTY_NAME, PROPERTY_INDEX, PROPERTY_DESCRIPTION, VALUE_TYPE_DEFINITION_ID, DESCRIPTION_FIELD, DESCRIPTION_FIELD_OVERRIDEN, DEFAULT_VALUE, DEFAULT_VALUE_OVERRIDEN, VALID_VALUES, VALID_VALUES_OVERRIDEN, MANDATORY, MANDATORY_OVERRIDEN, INHERITED, CAN_EDIT_DEFINITION, CAN_DELETE_DEFINITION, CATEGORY_OVERRIDEN, CATEGORY, PRIMARY_OVERRIDEN, PRIMARY)
  VALUES(PROPDEFID_SEQ.nextval,ENTITYTYPEDEFID_SEQ.currval, 'SBAGuaranteePercentage', 0, 'SBA Guarantee Percentage', 4, 1, 0, NULL, 0, 'com.vsoftcorp.types.Percentage:{default={}}', 0, 1, 0, 0, 1, 0, 0, 'UC', 0, 0);

INSERT INTO PROPERTY_PRESENTER_ATTRIBUTES(PROPERTY_DEFINITION_ID, HIDDEN, HIDDEN_OVERRIDEN, EDITABLE, EDITABLE_OVERRIDEN, STATE_NAME)
  VALUES(PROPDEFID_SEQ.currval, 0, 0, 1, 0, 'DEFAULT'); 
INSERT INTO PROPERTY_PRESENTER_ATTRIBUTES(PROPERTY_DEFINITION_ID, HIDDEN, HIDDEN_OVERRIDEN, EDITABLE, EDITABLE_OVERRIDEN, STATE_NAME)
  VALUES(PROPDEFID_SEQ.currval, 0, 0, 0, 0, 'INQUIRY'); 
INSERT INTO PROPERTY_PRESENTER_ATTRIBUTES(PROPERTY_DEFINITION_ID, HIDDEN, HIDDEN_OVERRIDEN, EDITABLE, EDITABLE_OVERRIDEN, STATE_NAME)
  VALUES(PROPDEFID_SEQ.currval, 0, 0, 1, 0, 'ACCOUNT_CREATED');

-----------------SBA Service Fee Percentage---------------------

INSERT INTO PROPERTY_DEFINITION(PROPERTY_DEFINITION_ID, ENTITY_TYPE_DEFINITION_ID, PROPERTY_NAME, PROPERTY_INDEX, PROPERTY_DESCRIPTION, VALUE_TYPE_DEFINITION_ID, DESCRIPTION_FIELD, DESCRIPTION_FIELD_OVERRIDEN, DEFAULT_VALUE, DEFAULT_VALUE_OVERRIDEN, VALID_VALUES, VALID_VALUES_OVERRIDEN, MANDATORY, MANDATORY_OVERRIDEN, INHERITED, CAN_EDIT_DEFINITION, CAN_DELETE_DEFINITION, CATEGORY_OVERRIDEN, CATEGORY, PRIMARY_OVERRIDEN, PRIMARY)
  VALUES(PROPDEFID_SEQ.nextval,ENTITYTYPEDEFID_SEQ.currval, 'SBAServiceFeeOrPercentage', 0, 'SBA Service Fee Percentage', 4, 1, 0,'java.lang.Double:0.550', 0, 'com.vsoftcorp.types.Percentage:{default={}}', 0, 0, 0, 0, 1, 0, 0, 'UC', 0, 0);

INSERT INTO PROPERTY_PRESENTER_ATTRIBUTES(PROPERTY_DEFINITION_ID, HIDDEN, HIDDEN_OVERRIDEN, EDITABLE, EDITABLE_OVERRIDEN, STATE_NAME)
  VALUES(PROPDEFID_SEQ.currval, 0, 0, 1, 0, 'DEFAULT'); 
INSERT INTO PROPERTY_PRESENTER_ATTRIBUTES(PROPERTY_DEFINITION_ID, HIDDEN, HIDDEN_OVERRIDEN, EDITABLE, EDITABLE_OVERRIDEN, STATE_NAME)
  VALUES(PROPDEFID_SEQ.currval, 0, 0, 0, 0, 'INQUIRY'); 
INSERT INTO PROPERTY_PRESENTER_ATTRIBUTES(PROPERTY_DEFINITION_ID, HIDDEN, HIDDEN_OVERRIDEN, EDITABLE, EDITABLE_OVERRIDEN, STATE_NAME)
  VALUES(PROPDEFID_SEQ.currval, 0, 0, 1, 0, 'ACCOUNT_CREATED');



-----------------SBA Status---------------------

INSERT INTO PROPERTY_DEFINITION(PROPERTY_DEFINITION_ID, ENTITY_TYPE_DEFINITION_ID, PROPERTY_NAME, PROPERTY_INDEX, PROPERTY_DESCRIPTION, VALUE_TYPE_DEFINITION_ID, DESCRIPTION_FIELD, DESCRIPTION_FIELD_OVERRIDEN, DEFAULT_VALUE, DEFAULT_VALUE_OVERRIDEN, VALID_VALUES, VALID_VALUES_OVERRIDEN, MANDATORY, MANDATORY_OVERRIDEN, INHERITED, CAN_EDIT_DEFINITION, CAN_DELETE_DEFINITION, CATEGORY_OVERRIDEN, CATEGORY, PRIMARY_OVERRIDEN, PRIMARY)
  VALUES(PROPDEFID_SEQ.nextval,ENTITYTYPEDEFID_SEQ.currval, 'SBAStatus', 0, 'SBA Status', 2, 1, 0, 'java.lang.Integer:8', 0, 'java.lang.Integer:{default={0=Current, 1=31-60 Days Past Due, 2=Over 60 Days Past Due, 3=Deferred, 4=In Liquidation, 5=Paid In Full, 6=Transferred, 7=Purchased By SBA, 8=Fully Undisbursed}}', 0, 1, 0, 0, 1, 0, 0, 'UC', 0, 0);

INSERT INTO PROPERTY_PRESENTER_ATTRIBUTES(PROPERTY_DEFINITION_ID, HIDDEN, HIDDEN_OVERRIDEN, EDITABLE, EDITABLE_OVERRIDEN, STATE_NAME)
  VALUES(PROPDEFID_SEQ.currval, 0, 0, 1, 0, 'DEFAULT'); 
INSERT INTO PROPERTY_PRESENTER_ATTRIBUTES(PROPERTY_DEFINITION_ID, HIDDEN, HIDDEN_OVERRIDEN, EDITABLE, EDITABLE_OVERRIDEN, STATE_NAME)
  VALUES(PROPDEFID_SEQ.currval, 0, 0, 0, 0, 'INQUIRY'); 
INSERT INTO PROPERTY_PRESENTER_ATTRIBUTES(PROPERTY_DEFINITION_ID, HIDDEN, HIDDEN_OVERRIDEN, EDITABLE, EDITABLE_OVERRIDEN, STATE_NAME)
  VALUES(PROPDEFID_SEQ.currval, 0, 0, 1, 0, 'ACCOUNT_CREATED');

--------------1502 Reporting Parameter--------------

INSERT INTO ASSOCIATE_DEFINITION(ASSOCIATE_DEFINITION_ID, ENTITY_TYPE_DEFINITION_ID, ASSOCIATE_NAME, ASSOCIATE_INDEX, ASSOCIATE_DESCRIPTION, ASSOCIATE_TYPE_DEFINITION_ID, ASSOCIATE_TYPE_OVERRIDEN, MULTIPLICITY, MULTIPLICITY_OVERRIDEN, ASSOCIATION_TYPE, ASSOCIATION_TYPE_OVERRIDEN, LAZY, LAZY_OVERRIDEN, MANDATORY, MANDATORY_OVERRIDEN, COPY, COPY_OVERRIDEN, DEFAULT_INSTANCE, DEFAULT_INSTANCE_OVERRIDEN, INHERITED, CAN_EDIT_DEFINITION, CAN_DELETE_DEFINITION, CATEGORY_OVERRIDEN, CATEGORY, TEMPLATE, TEMPLATE_OVERRIDEN)
  VALUES(ASSOCDEFID_SEQ.nextval, ENTITYTYPEDEFID_SEQ.currval, 'SBA1502ReportingParameter',1, 'SBA 1502 Reporting Parameter',(select ENTITY_TYPE_DEFINITION_ID from ENTITY_TYPE_DEFINITION where TYPE_NAME='SBA1502ReportingParameter'),0,0,0,0,0,1,0,0,0,0,0,null,0,0,1,1,0,'U',null,0);

  
INSERT INTO ASSOCIATE_PRESENTER_ATTRIBUTES(ASSOCIATE_DEFINITION_ID, HIDDEN, HIDDEN_OVERRIDEN, EDITABLE, EDITABLE_OVERRIDEN, STATE_NAME)
  VALUES(ASSOCDEFID_SEQ.currval, 0, 0, 1, 0, 'ACCOUNT_CREATED');
INSERT INTO ASSOCIATE_PRESENTER_ATTRIBUTES(ASSOCIATE_DEFINITION_ID, HIDDEN, HIDDEN_OVERRIDEN, EDITABLE, EDITABLE_OVERRIDEN, STATE_NAME)
  VALUES(ASSOCDEFID_SEQ.currval, 0, 0, 1, 0, 'DEFAULT');
INSERT INTO ASSOCIATE_PRESENTER_ATTRIBUTES(ASSOCIATE_DEFINITION_ID, HIDDEN, HIDDEN_OVERRIDEN, EDITABLE, EDITABLE_OVERRIDEN, STATE_NAME)
  VALUES(ASSOCDEFID_SEQ.currval, 0, 0, 1, 0, 'INQUIRY');

--------------SBA Amount Parameter--------------

INSERT INTO ASSOCIATE_DEFINITION(ASSOCIATE_DEFINITION_ID, ENTITY_TYPE_DEFINITION_ID, ASSOCIATE_NAME, ASSOCIATE_INDEX, ASSOCIATE_DESCRIPTION, ASSOCIATE_TYPE_DEFINITION_ID, ASSOCIATE_TYPE_OVERRIDEN, MULTIPLICITY, MULTIPLICITY_OVERRIDEN, ASSOCIATION_TYPE, ASSOCIATION_TYPE_OVERRIDEN, LAZY, LAZY_OVERRIDEN, MANDATORY, MANDATORY_OVERRIDEN, COPY, COPY_OVERRIDEN, DEFAULT_INSTANCE, DEFAULT_INSTANCE_OVERRIDEN, INHERITED, CAN_EDIT_DEFINITION, CAN_DELETE_DEFINITION, CATEGORY_OVERRIDEN, CATEGORY, TEMPLATE, TEMPLATE_OVERRIDEN)
  VALUES(ASSOCDEFID_SEQ.nextval, ENTITYTYPEDEFID_SEQ.currval, 'SBAAmountParameter',1, 'SBA Amount Parameter',(select ENTITY_TYPE_DEFINITION_ID from ENTITY_TYPE_DEFINITION where TYPE_NAME='SBAAmountParameter'),0,0,0,0,0,1,0,0,0,0,0,null,0,0,1,1,0,'U',null,0);

  
INSERT INTO ASSOCIATE_PRESENTER_ATTRIBUTES(ASSOCIATE_DEFINITION_ID, HIDDEN, HIDDEN_OVERRIDEN, EDITABLE, EDITABLE_OVERRIDEN, STATE_NAME)
  VALUES(ASSOCDEFID_SEQ.currval, 0, 0, 1, 0, 'ACCOUNT_CREATED');
INSERT INTO ASSOCIATE_PRESENTER_ATTRIBUTES(ASSOCIATE_DEFINITION_ID, HIDDEN, HIDDEN_OVERRIDEN, EDITABLE, EDITABLE_OVERRIDEN, STATE_NAME)
  VALUES(ASSOCDEFID_SEQ.currval, 0, 0, 1, 0, 'DEFAULT');
INSERT INTO ASSOCIATE_PRESENTER_ATTRIBUTES(ASSOCIATE_DEFINITION_ID, HIDDEN, HIDDEN_OVERRIDEN, EDITABLE, EDITABLE_OVERRIDEN, STATE_NAME)
  VALUES(ASSOCDEFID_SEQ.currval, 0, 0, 1, 0, 'INQUIRY');
  
  
 INSERT INTO ASSOCIATE_DEFINITION(ASSOCIATE_DEFINITION_ID, ENTITY_TYPE_DEFINITION_ID, ASSOCIATE_NAME, ASSOCIATE_INDEX, ASSOCIATE_DESCRIPTION, ASSOCIATE_TYPE_DEFINITION_ID, ASSOCIATE_TYPE_OVERRIDEN, MULTIPLICITY, MULTIPLICITY_OVERRIDEN, ASSOCIATION_TYPE, ASSOCIATION_TYPE_OVERRIDEN, LAZY, LAZY_OVERRIDEN, MANDATORY, MANDATORY_OVERRIDEN, COPY, COPY_OVERRIDEN, DEFAULT_INSTANCE, DEFAULT_INSTANCE_OVERRIDEN, INHERITED, CAN_EDIT_DEFINITION, CAN_DELETE_DEFINITION, CATEGORY_OVERRIDEN, CATEGORY, TEMPLATE, TEMPLATE_OVERRIDEN)
 VALUES(ASSOCDEFID_SEQ.nextval, (select entity_type_definition_id from entity_type_definition where type_name='SoldLoanContract' ), 'SBAParameters', 10 , 'SBA Parameters', (select entity_type_definition_id from entity_type_definition where type_name='SBAParameters'), 0, 0, 0, 0, 0, 1, 0, 0, 0, 0, 0, NULL, 0, 0, 1, 0, 0, 'UC', NULL, 0);

INSERT INTO ASSOCIATE_PRESENTER_ATTRIBUTES(ASSOCIATE_DEFINITION_ID, HIDDEN, HIDDEN_OVERRIDEN, EDITABLE, EDITABLE_OVERRIDEN, STATE_NAME)
 VALUES(ASSOCDEFID_SEQ.currval, 0, 0, 1, 0, 'DEFAULT');
INSERT INTO ASSOCIATE_PRESENTER_ATTRIBUTES(ASSOCIATE_DEFINITION_ID, HIDDEN, HIDDEN_OVERRIDEN, EDITABLE, EDITABLE_OVERRIDEN, STATE_NAME)
 VALUES(ASSOCDEFID_SEQ.currval, 0, 0, 1, 0, 'ACCOUNT_CREATED');
INSERT INTO ASSOCIATE_PRESENTER_ATTRIBUTES(ASSOCIATE_DEFINITION_ID, HIDDEN, HIDDEN_OVERRIDEN, EDITABLE, EDITABLE_OVERRIDEN, STATE_NAME)
 VALUES(ASSOCDEFID_SEQ.currval, 0, 0, 0, 0, 'INQUIRY');
  

---------Following script is required for use case 3 (Update SBA Loan Status)--  
ALTER TABLE LOAN_ENTRY_POSTING_RULE ADD AFF_SBASTATUS NUMBER(20) DEFAULT 0;
UPDATE loan_entry_posting_rule SET AFF_SBASTATUS=1 WHERE POSTING_RULE_ID='8882';
UPDATE loan_entry_posting_rule SET AFF_SBASTATUS=1 WHERE POSTING_RULE_ID='8813';
UPDATE loan_entry_posting_rule SET AFF_SBASTATUS=1 WHERE POSTING_RULE_ID='8842';
UPDATE loan_entry_posting_rule SET AFF_SBASTATUS=1 WHERE POSTING_RULE_ID='8883';
UPDATE loan_entry_posting_rule SET AFF_SBASTATUS=1 WHERE POSTING_RULE_ID='8881';
UPDATE loan_entry_posting_rule SET AFF_SBASTATUS=1 WHERE POSTING_RULE_ID='8805';
UPDATE loan_entry_posting_rule SET AFF_SBASTATUS=1 WHERE POSTING_RULE_ID='9999';

update PROPERTY_DEFINITION set DEFAULT_VALUE='com.vsoftcorp.finance.Money:USD 0.00' where PROPERTY_NAME in('GPOriginalBalance','GPPrincipalBalance','GPPrincipal','GPInterest','GPFee','GPInterestMTD','GPInterestYTD','GPInterestLTD',
'GPPrincipalMTD','GPPrincipalYTD','GPPrincipalLTD','GPFeeMTD','GPFeeYTD','GPFeeLTD','GPPayment');



------------------------------------------------- Transactions ---------------------------------------------------------------




ALTER TABLE LOAN_ENTRY_POSTING_RULE ADD AFF_GP_ORIGINAL_BALANCE NUMBER(20) DEFAULT 0;


UPDATE LOAN_ENTRY_POSTING_RULE SET AFF_GP_ORIGINAL_BALANCE=1 WHERE POSTING_RULE_ID='8881';
UPDATE LOAN_ENTRY_POSTING_RULE SET AFF_GP_ORIGINAL_BALANCE=1 WHERE POSTING_RULE_ID='8805';


INSERT INTO LOAN_ENTRY_POSTING_RULE(POSTING_RULE_ID, AFF_GP_ORIGINAL_BALANCE) VALUES(57, 1);


INSERT INTO ENTRY_TYPE(UNIQUE_ID,ID,INSTITUTION_ID,DEBIT_OR_CREDIT,DESCRIPTION,ACCOUNT_CATEGORY,POSTING_SEQUENCE,IS_REVERSAL)
    values((select max(unique_id)+1 from entry_type),'1857',NULL,'0','GP Original Balance',2,NULL,0);

INSERT INTO ENTRY_TYPE(UNIQUE_ID,ID,INSTITUTION_ID,DEBIT_OR_CREDIT,DESCRIPTION,ACCOUNT_CATEGORY,POSTING_SEQUENCE,IS_REVERSAL)
    values((select max(unique_id)+1 from entry_type),'1957',NULL,'1','GP Original Balance',2,NULL,0);


INSERT INTO LOAN_ENTRY_TYPE(ENTRY_TYPE_ID, ENTRY_NAME, REVERSAL_ENTRY_TYPE_ID, POSTING_RULE_ID) 
    VALUES((select unique_id from entry_type where id='1857'), 57, (select unique_id from entry_type where id='1957'), 57);

INSERT INTO LOAN_ENTRY_TYPE(ENTRY_TYPE_ID, ENTRY_NAME, REVERSAL_ENTRY_TYPE_ID, POSTING_RULE_ID) 
    VALUES((select unique_id from entry_type where id='1957'), 57, (select unique_id from entry_type where id='1857'), 57);


insert into LOAN_EVENT_ENTRY_TYPE_LINK (EVENT_TYPE_ID, ENTRY_TYPE_ID) values (99,(select unique_id from entry_type where id='1857'));
insert into LOAN_EVENT_ENTRY_TYPE_LINK (EVENT_TYPE_ID, ENTRY_TYPE_ID) values (299,(select unique_id from entry_type where id='1957'));
insert into LOAN_EVENT_ENTRY_TYPE_LINK (EVENT_TYPE_ID, ENTRY_TYPE_ID) values (1,(select unique_id from entry_type where id='1857'));
insert into LOAN_EVENT_ENTRY_TYPE_LINK (EVENT_TYPE_ID, ENTRY_TYPE_ID) values (201,(select unique_id from entry_type where id='1957'));
insert into LOAN_EVENT_ENTRY_TYPE_LINK (EVENT_TYPE_ID, ENTRY_TYPE_ID) values (5,(select unique_id from entry_type where id='1857'));
insert into LOAN_EVENT_ENTRY_TYPE_LINK (EVENT_TYPE_ID, ENTRY_TYPE_ID) values (205,(select unique_id from entry_type where id='1957'));

---------------------------------------------------------------------------------------------------------------------------------------------

ALTER TABLE LOAN_ENTRY_POSTING_RULE ADD AFF_GP_CURRENT_BALANCE NUMBER(20) DEFAULT 0;


UPDATE LOAN_ENTRY_POSTING_RULE SET AFF_GP_CURRENT_BALANCE=1 WHERE POSTING_RULE_ID='8881';
UPDATE LOAN_ENTRY_POSTING_RULE SET AFF_GP_CURRENT_BALANCE=1 WHERE POSTING_RULE_ID='8805';
UPDATE LOAN_ENTRY_POSTING_RULE SET AFF_GP_CURRENT_BALANCE=1 WHERE POSTING_RULE_ID='8820';
UPDATE LOAN_ENTRY_POSTING_RULE SET AFF_GP_CURRENT_BALANCE=1 WHERE POSTING_RULE_ID='8882';

INSERT INTO LOAN_ENTRY_POSTING_RULE(POSTING_RULE_ID, AFF_GP_CURRENT_BALANCE) VALUES(59, 1);


INSERT INTO ENTRY_TYPE(UNIQUE_ID,ID,INSTITUTION_ID,DEBIT_OR_CREDIT,DESCRIPTION,ACCOUNT_CATEGORY,POSTING_SEQUENCE,IS_REVERSAL)
    values((select max(unique_id)+1 from entry_type),'1859',NULL,'0','GP Current Balance',2,NULL,0);

INSERT INTO ENTRY_TYPE(UNIQUE_ID,ID,INSTITUTION_ID,DEBIT_OR_CREDIT,DESCRIPTION,ACCOUNT_CATEGORY,POSTING_SEQUENCE,IS_REVERSAL)
    values((select max(unique_id)+1 from entry_type),'1959',NULL,'1','GP Current Balance',2,NULL,0);


INSERT INTO LOAN_ENTRY_TYPE(ENTRY_TYPE_ID, ENTRY_NAME, REVERSAL_ENTRY_TYPE_ID, POSTING_RULE_ID) 
    VALUES((select unique_id from entry_type where id='1859'), 59, (select unique_id from entry_type where id='1959'), 59);

INSERT INTO LOAN_ENTRY_TYPE(ENTRY_TYPE_ID, ENTRY_NAME, REVERSAL_ENTRY_TYPE_ID, POSTING_RULE_ID) 
    VALUES((select unique_id from entry_type where id='1959'), 59, (select unique_id from entry_type where id='1859'), 59);


insert into LOAN_EVENT_ENTRY_TYPE_LINK (EVENT_TYPE_ID, ENTRY_TYPE_ID) values (99,(select unique_id from entry_type where id='1859'));
insert into LOAN_EVENT_ENTRY_TYPE_LINK (EVENT_TYPE_ID, ENTRY_TYPE_ID) values (299,(select unique_id from entry_type where id='1959'));
insert into LOAN_EVENT_ENTRY_TYPE_LINK (EVENT_TYPE_ID, ENTRY_TYPE_ID) values (1,(select unique_id from entry_type where id='1859'));
insert into LOAN_EVENT_ENTRY_TYPE_LINK (EVENT_TYPE_ID, ENTRY_TYPE_ID) values (201,(select unique_id from entry_type where id='1959'));
insert into LOAN_EVENT_ENTRY_TYPE_LINK (EVENT_TYPE_ID, ENTRY_TYPE_ID) values (110,(select unique_id from entry_type where id='1859'));
insert into LOAN_EVENT_ENTRY_TYPE_LINK (EVENT_TYPE_ID, ENTRY_TYPE_ID) values (310,(select unique_id from entry_type where id='1959'));
insert into LOAN_EVENT_ENTRY_TYPE_LINK (EVENT_TYPE_ID, ENTRY_TYPE_ID) values (5,(select unique_id from entry_type where id='1859'));
insert into LOAN_EVENT_ENTRY_TYPE_LINK (EVENT_TYPE_ID, ENTRY_TYPE_ID) values (205,(select unique_id from entry_type where id='1959'));
insert into LOAN_EVENT_ENTRY_TYPE_LINK (EVENT_TYPE_ID, ENTRY_TYPE_ID) values (121,(select unique_id from entry_type where id='1859'));
insert into LOAN_EVENT_ENTRY_TYPE_LINK (EVENT_TYPE_ID, ENTRY_TYPE_ID) values (321,(select unique_id from entry_type where id='1959'));


--------------------------------------------------------------------------------------------------------------------------------------------


ALTER TABLE LOAN_ENTRY_POSTING_RULE ADD AFF_GP_PORTION_PRINCIPAL NUMBER(20) DEFAULT 0;


UPDATE LOAN_ENTRY_POSTING_RULE SET AFF_GP_PORTION_PRINCIPAL=1 WHERE POSTING_RULE_ID='8882';
UPDATE LOAN_ENTRY_POSTING_RULE SET AFF_GP_PORTION_PRINCIPAL=1 WHERE POSTING_RULE_ID='8883';
UPDATE LOAN_ENTRY_POSTING_RULE SET AFF_GP_PORTION_PRINCIPAL=1 WHERE POSTING_RULE_ID='8813';
UPDATE LOAN_ENTRY_POSTING_RULE SET AFF_GP_PORTION_PRINCIPAL=1 WHERE POSTING_RULE_ID='8820';


INSERT INTO LOAN_ENTRY_POSTING_RULE(POSTING_RULE_ID, AFF_GP_PORTION_PRINCIPAL) VALUES(60, 1);


INSERT INTO ENTRY_TYPE(UNIQUE_ID,ID,INSTITUTION_ID,DEBIT_OR_CREDIT,DESCRIPTION,ACCOUNT_CATEGORY,POSTING_SEQUENCE,IS_REVERSAL)
    values((select max(unique_id)+1 from entry_type),'1860',NULL,'0','GP Portion Principal',2,NULL,0);

INSERT INTO ENTRY_TYPE(UNIQUE_ID,ID,INSTITUTION_ID,DEBIT_OR_CREDIT,DESCRIPTION,ACCOUNT_CATEGORY,POSTING_SEQUENCE,IS_REVERSAL)
    values((select max(unique_id)+1 from entry_type),'1960',NULL,'1','GP Portion Principal',2,NULL,0);


INSERT INTO LOAN_ENTRY_TYPE(ENTRY_TYPE_ID, ENTRY_NAME, REVERSAL_ENTRY_TYPE_ID, POSTING_RULE_ID) 
    VALUES((select unique_id from entry_type where id='1860'), 60, (select unique_id from entry_type where id='1960'), 60);

INSERT INTO LOAN_ENTRY_TYPE(ENTRY_TYPE_ID, ENTRY_NAME, REVERSAL_ENTRY_TYPE_ID, POSTING_RULE_ID) 
    VALUES((select unique_id from entry_type where id='1960'), 60, (select unique_id from entry_type where id='1860'), 60);


insert into LOAN_EVENT_ENTRY_TYPE_LINK (EVENT_TYPE_ID, ENTRY_TYPE_ID) values (99,(select unique_id from entry_type where id='1860'));
insert into LOAN_EVENT_ENTRY_TYPE_LINK (EVENT_TYPE_ID, ENTRY_TYPE_ID) values (299,(select unique_id from entry_type where id='1960'));
insert into LOAN_EVENT_ENTRY_TYPE_LINK (EVENT_TYPE_ID, ENTRY_TYPE_ID) values (110,(select unique_id from entry_type where id='1860'));
insert into LOAN_EVENT_ENTRY_TYPE_LINK (EVENT_TYPE_ID, ENTRY_TYPE_ID) values (310,(select unique_id from entry_type where id='1960'));
insert into LOAN_EVENT_ENTRY_TYPE_LINK (EVENT_TYPE_ID, ENTRY_TYPE_ID) values (13,(select unique_id from entry_type where id='1860'));
insert into LOAN_EVENT_ENTRY_TYPE_LINK (EVENT_TYPE_ID, ENTRY_TYPE_ID) values (213,(select unique_id from entry_type where id='1960'));
insert into LOAN_EVENT_ENTRY_TYPE_LINK (EVENT_TYPE_ID, ENTRY_TYPE_ID) values (15,(select unique_id from entry_type where id='1860'));
insert into LOAN_EVENT_ENTRY_TYPE_LINK (EVENT_TYPE_ID, ENTRY_TYPE_ID) values (215,(select unique_id from entry_type where id='1960'));
insert into LOAN_EVENT_ENTRY_TYPE_LINK (EVENT_TYPE_ID, ENTRY_TYPE_ID) values (121,(select unique_id from entry_type where id='1860'));
insert into LOAN_EVENT_ENTRY_TYPE_LINK (EVENT_TYPE_ID, ENTRY_TYPE_ID) values (321,(select unique_id from entry_type where id='1960'));


------------------------------------------------------------------------------------------------------------------------------------------------


ALTER TABLE LOAN_ENTRY_POSTING_RULE ADD AFF_GP_PORTION_INTEREST NUMBER(20) DEFAULT 0;


UPDATE LOAN_ENTRY_POSTING_RULE SET AFF_GP_PORTION_INTEREST=1 WHERE POSTING_RULE_ID='8882';
UPDATE LOAN_ENTRY_POSTING_RULE SET AFF_GP_PORTION_INTEREST=1 WHERE POSTING_RULE_ID='8883';
UPDATE LOAN_ENTRY_POSTING_RULE SET AFF_GP_PORTION_INTEREST=1 WHERE POSTING_RULE_ID='8813';
UPDATE LOAN_ENTRY_POSTING_RULE SET AFF_GP_PORTION_INTEREST=1 WHERE POSTING_RULE_ID='8820';


INSERT INTO LOAN_ENTRY_POSTING_RULE(POSTING_RULE_ID, AFF_GP_PORTION_INTEREST) VALUES(61, 1);


INSERT INTO ENTRY_TYPE(UNIQUE_ID,ID,INSTITUTION_ID,DEBIT_OR_CREDIT,DESCRIPTION,ACCOUNT_CATEGORY,POSTING_SEQUENCE,IS_REVERSAL)
    values((select max(unique_id)+1 from entry_type),'1861',NULL,'0','GP Portion Interest',2,NULL,0);

INSERT INTO ENTRY_TYPE(UNIQUE_ID,ID,INSTITUTION_ID,DEBIT_OR_CREDIT,DESCRIPTION,ACCOUNT_CATEGORY,POSTING_SEQUENCE,IS_REVERSAL)
    values((select max(unique_id)+1 from entry_type),'1961',NULL,'1','GP Portion Interest',2,NULL,0);


INSERT INTO LOAN_ENTRY_TYPE(ENTRY_TYPE_ID, ENTRY_NAME, REVERSAL_ENTRY_TYPE_ID, POSTING_RULE_ID) 
    VALUES((select unique_id from entry_type where id='1861'), 61, (select unique_id from entry_type where id='1961'), 61);

INSERT INTO LOAN_ENTRY_TYPE(ENTRY_TYPE_ID, ENTRY_NAME, REVERSAL_ENTRY_TYPE_ID, POSTING_RULE_ID) 
    VALUES((select unique_id from entry_type where id='1961'), 61, (select unique_id from entry_type where id='1861'), 61);


insert into LOAN_EVENT_ENTRY_TYPE_LINK (EVENT_TYPE_ID, ENTRY_TYPE_ID) values (99,(select unique_id from entry_type where id='1861'));
insert into LOAN_EVENT_ENTRY_TYPE_LINK (EVENT_TYPE_ID, ENTRY_TYPE_ID) values (299,(select unique_id from entry_type where id='1961'));
insert into LOAN_EVENT_ENTRY_TYPE_LINK (EVENT_TYPE_ID, ENTRY_TYPE_ID) values (110,(select unique_id from entry_type where id='1861'));
insert into LOAN_EVENT_ENTRY_TYPE_LINK (EVENT_TYPE_ID, ENTRY_TYPE_ID) values (310,(select unique_id from entry_type where id='1961'));
insert into LOAN_EVENT_ENTRY_TYPE_LINK (EVENT_TYPE_ID, ENTRY_TYPE_ID) values (13,(select unique_id from entry_type where id='1861'));
insert into LOAN_EVENT_ENTRY_TYPE_LINK (EVENT_TYPE_ID, ENTRY_TYPE_ID) values (213,(select unique_id from entry_type where id='1961'));
insert into LOAN_EVENT_ENTRY_TYPE_LINK (EVENT_TYPE_ID, ENTRY_TYPE_ID) values (15,(select unique_id from entry_type where id='1861'));
insert into LOAN_EVENT_ENTRY_TYPE_LINK (EVENT_TYPE_ID, ENTRY_TYPE_ID) values (215,(select unique_id from entry_type where id='1961'));
insert into LOAN_EVENT_ENTRY_TYPE_LINK (EVENT_TYPE_ID, ENTRY_TYPE_ID) values (121,(select unique_id from entry_type where id='1861'));
insert into LOAN_EVENT_ENTRY_TYPE_LINK (EVENT_TYPE_ID, ENTRY_TYPE_ID) values (321,(select unique_id from entry_type where id='1961'));



------------------------------------------------------------------------------------------------------------------------------------------------


ALTER TABLE LOAN_ENTRY_POSTING_RULE ADD AFF_GP_PORTION_FEE NUMBER(20) DEFAULT 0;


UPDATE LOAN_ENTRY_POSTING_RULE SET AFF_GP_PORTION_FEE=1 WHERE POSTING_RULE_ID='8882';
UPDATE LOAN_ENTRY_POSTING_RULE SET AFF_GP_PORTION_FEE=1 WHERE POSTING_RULE_ID='8883';
UPDATE LOAN_ENTRY_POSTING_RULE SET AFF_GP_PORTION_FEE=1 WHERE POSTING_RULE_ID='8813';
UPDATE LOAN_ENTRY_POSTING_RULE SET AFF_GP_PORTION_FEE=1 WHERE POSTING_RULE_ID='8820';


INSERT INTO LOAN_ENTRY_POSTING_RULE(POSTING_RULE_ID, AFF_GP_PORTION_FEE) VALUES(62, 1);


INSERT INTO ENTRY_TYPE(UNIQUE_ID,ID,INSTITUTION_ID,DEBIT_OR_CREDIT,DESCRIPTION,ACCOUNT_CATEGORY,POSTING_SEQUENCE,IS_REVERSAL)
    values((select max(unique_id)+1 from entry_type),'1862',NULL,'0','GP Portion Fee',2,NULL,0);

INSERT INTO ENTRY_TYPE(UNIQUE_ID,ID,INSTITUTION_ID,DEBIT_OR_CREDIT,DESCRIPTION,ACCOUNT_CATEGORY,POSTING_SEQUENCE,IS_REVERSAL)
    values((select max(unique_id)+1 from entry_type),'1962',NULL,'1','GP Portion Fee',2,NULL,0);


INSERT INTO LOAN_ENTRY_TYPE(ENTRY_TYPE_ID, ENTRY_NAME, REVERSAL_ENTRY_TYPE_ID, POSTING_RULE_ID) 
    VALUES((select unique_id from entry_type where id='1862'), 62, (select unique_id from entry_type where id='1962'), 62);

INSERT INTO LOAN_ENTRY_TYPE(ENTRY_TYPE_ID, ENTRY_NAME, REVERSAL_ENTRY_TYPE_ID, POSTING_RULE_ID) 
    VALUES((select unique_id from entry_type where id='1962'), 62, (select unique_id from entry_type where id='1862'), 62);


insert into LOAN_EVENT_ENTRY_TYPE_LINK (EVENT_TYPE_ID, ENTRY_TYPE_ID) values (99,(select unique_id from entry_type where id='1862'));
insert into LOAN_EVENT_ENTRY_TYPE_LINK (EVENT_TYPE_ID, ENTRY_TYPE_ID) values (299,(select unique_id from entry_type where id='1962'));
insert into LOAN_EVENT_ENTRY_TYPE_LINK (EVENT_TYPE_ID, ENTRY_TYPE_ID) values (110,(select unique_id from entry_type where id='1862'));
insert into LOAN_EVENT_ENTRY_TYPE_LINK (EVENT_TYPE_ID, ENTRY_TYPE_ID) values (310,(select unique_id from entry_type where id='1962'));
insert into LOAN_EVENT_ENTRY_TYPE_LINK (EVENT_TYPE_ID, ENTRY_TYPE_ID) values (13,(select unique_id from entry_type where id='1862'));
insert into LOAN_EVENT_ENTRY_TYPE_LINK (EVENT_TYPE_ID, ENTRY_TYPE_ID) values (213,(select unique_id from entry_type where id='1962'));
insert into LOAN_EVENT_ENTRY_TYPE_LINK (EVENT_TYPE_ID, ENTRY_TYPE_ID) values (15,(select unique_id from entry_type where id='1862'));
insert into LOAN_EVENT_ENTRY_TYPE_LINK (EVENT_TYPE_ID, ENTRY_TYPE_ID) values (215,(select unique_id from entry_type where id='1962'));
insert into LOAN_EVENT_ENTRY_TYPE_LINK (EVENT_TYPE_ID, ENTRY_TYPE_ID) values (121,(select unique_id from entry_type where id='1862'));
insert into LOAN_EVENT_ENTRY_TYPE_LINK (EVENT_TYPE_ID, ENTRY_TYPE_ID) values (321,(select unique_id from entry_type where id='1962'));


------------------------------------------------------------------------------------------------------------------------------------------------


ALTER TABLE LOAN_ENTRY_POSTING_RULE ADD AFF_GP_PORTION_PAYMENT NUMBER(20) DEFAULT 0;


UPDATE LOAN_ENTRY_POSTING_RULE SET AFF_GP_PORTION_PAYMENT=1 WHERE POSTING_RULE_ID='8882';
UPDATE LOAN_ENTRY_POSTING_RULE SET AFF_GP_PORTION_PAYMENT=1 WHERE POSTING_RULE_ID='8813';
UPDATE LOAN_ENTRY_POSTING_RULE SET AFF_GP_PORTION_PAYMENT=1 WHERE POSTING_RULE_ID='8883';
UPDATE LOAN_ENTRY_POSTING_RULE SET AFF_GP_PORTION_PAYMENT=1 WHERE POSTING_RULE_ID='8820';


INSERT INTO LOAN_ENTRY_POSTING_RULE(POSTING_RULE_ID, AFF_GP_PORTION_PAYMENT) VALUES(63, 1);


INSERT INTO ENTRY_TYPE(UNIQUE_ID,ID,INSTITUTION_ID,DEBIT_OR_CREDIT,DESCRIPTION,ACCOUNT_CATEGORY,POSTING_SEQUENCE,IS_REVERSAL)
    values((select max(unique_id)+1 from entry_type),'1863',NULL,'0','GP Portion Payment',2,NULL,0);

INSERT INTO ENTRY_TYPE(UNIQUE_ID,ID,INSTITUTION_ID,DEBIT_OR_CREDIT,DESCRIPTION,ACCOUNT_CATEGORY,POSTING_SEQUENCE,IS_REVERSAL)
    values((select max(unique_id)+1 from entry_type),'1963',NULL,'1','GP Portion Payment',2,NULL,0);


INSERT INTO LOAN_ENTRY_TYPE(ENTRY_TYPE_ID, ENTRY_NAME, REVERSAL_ENTRY_TYPE_ID, POSTING_RULE_ID) 
    VALUES((select unique_id from entry_type where id='1863'), 63, (select unique_id from entry_type where id='1963'), 63);

INSERT INTO LOAN_ENTRY_TYPE(ENTRY_TYPE_ID, ENTRY_NAME, REVERSAL_ENTRY_TYPE_ID, POSTING_RULE_ID) 
    VALUES((select unique_id from entry_type where id='1963'), 63, (select unique_id from entry_type where id='1863'), 63);


insert into LOAN_EVENT_ENTRY_TYPE_LINK (EVENT_TYPE_ID, ENTRY_TYPE_ID) values (99,(select unique_id from entry_type where id='1863'));
insert into LOAN_EVENT_ENTRY_TYPE_LINK (EVENT_TYPE_ID, ENTRY_TYPE_ID) values (299,(select unique_id from entry_type where id='1963'));
insert into LOAN_EVENT_ENTRY_TYPE_LINK (EVENT_TYPE_ID, ENTRY_TYPE_ID) values (110,(select unique_id from entry_type where id='1863'));
insert into LOAN_EVENT_ENTRY_TYPE_LINK (EVENT_TYPE_ID, ENTRY_TYPE_ID) values (310,(select unique_id from entry_type where id='1963'));
insert into LOAN_EVENT_ENTRY_TYPE_LINK (EVENT_TYPE_ID, ENTRY_TYPE_ID) values (13,(select unique_id from entry_type where id='1863'));
insert into LOAN_EVENT_ENTRY_TYPE_LINK (EVENT_TYPE_ID, ENTRY_TYPE_ID) values (213,(select unique_id from entry_type where id='1963'));
insert into LOAN_EVENT_ENTRY_TYPE_LINK (EVENT_TYPE_ID, ENTRY_TYPE_ID) values (15,(select unique_id from entry_type where id='1863'));
insert into LOAN_EVENT_ENTRY_TYPE_LINK (EVENT_TYPE_ID, ENTRY_TYPE_ID) values (215,(select unique_id from entry_type where id='1963'));
insert into LOAN_EVENT_ENTRY_TYPE_LINK (EVENT_TYPE_ID, ENTRY_TYPE_ID) values (121,(select unique_id from entry_type where id='1863'));
insert into LOAN_EVENT_ENTRY_TYPE_LINK (EVENT_TYPE_ID, ENTRY_TYPE_ID) values (321,(select unique_id from entry_type where id='1963'));

