INSERT INTO loan_event_type(EVENT_TYPE_ID, CORESOFT_EVENT_CODE, EVENT_GROUP, REVERSAL_EVENT_TYPE_ID, POSTING_ORDER, DESCRIPTION, DEBIT_OR_CREDIT)
  VALUES(92, '092', 0, 292, null, 'Bankruptcy Trustee Payment', '1');
INSERT INTO loan_event_type(EVENT_TYPE_ID, CORESOFT_EVENT_CODE, EVENT_GROUP, REVERSAL_EVENT_TYPE_ID, POSTING_ORDER, DESCRIPTION, DEBIT_OR_CREDIT)
  VALUES(292, '292', 1, 92, null, 'Bankruptcy Trustee Payment Reveral', '0');
INSERT INTO ENTRY_TYPE(UNIQUE_ID,ID,INSTITUTION_ID,DEBIT_OR_CREDIT,DESCRIPTION,ACCOUNT_CATEGORY,POSTING_SEQUENCE,IS_REVERSAL)
  VALUES(8892, '8892', null, '0', 'Bankruptcy Trustee Payment', 2, NULL, '0');
ALTER TABLE LOAN_ENTRY_POSTING_RULE ADD  AFF_BANKRUPTCY_TRUSTE_PMT NUMBER(20) DEFAULT 0;
INSERT INTO LOAN_ENTRY_POSTING_RULE(POSTING_RULE_ID, AFF_BANKRUPTCY_TRUSTE_PMT) VALUES(8892,1);
INSERT INTO LOAN_ENTRY_TYPE(ENTRY_TYPE_ID, ENTRY_NAME, REVERSAL_ENTRY_TYPE_ID, POSTING_RULE_ID) VALUES(8892,8892,8892,8892);
insert into loan_event_entry_type_link values(92,8892);
 
ALTER TABLE LOAN ADD TRUSTEE_PARTIAL_PAID_AMOUNT NUMBER(15,5) DEFAULT 0;
ALTER TABLE LOAN ADD BANKRUPTCY_FEES_PAID NUMBER(15,5) DEFAULT 0;
ALTER TABLE LOAN ADD FORECLOSUR_FEES_PAID NUMBER(15,5) DEFAULT 0;
 
INSERT INTO ENTRY_TYPE(UNIQUE_ID,ID,INSTITUTION_ID,DEBIT_OR_CREDIT,DESCRIPTION,ACCOUNT_CATEGORY,POSTING_SEQUENCE,IS_REVERSAL)
    values((select max(unique_id)+1 from entry_type),'1891',null,'0','TRUSTEE PARTIAL AMT',2,NULL,0);
INSERT INTO ENTRY_TYPE(UNIQUE_ID,ID,INSTITUTION_ID,DEBIT_OR_CREDIT,DESCRIPTION,ACCOUNT_CATEGORY,POSTING_SEQUENCE,IS_REVERSAL)
    values((select max(unique_id)+1 from entry_type),'1991',null,'1','TRUSTEE PARTIAL AMT',2,NULL,0);
ALTER TABLE LOAN_ENTRY_POSTING_RULE ADD  AFF_TRUSTE_PARTIAL_AMT NUMBER(20) DEFAULT 0;
INSERT INTO LOAN_ENTRY_POSTING_RULE(POSTING_RULE_ID, AFF_TRUSTE_PARTIAL_AMT) VALUES(91, 1);
INSERT INTO LOAN_ENTRY_TYPE(ENTRY_TYPE_ID, ENTRY_NAME, REVERSAL_ENTRY_TYPE_ID, POSTING_RULE_ID) 
    VALUES((select unique_id from entry_type where id='1891'), 91, (select unique_id from entry_type where id='1991'), 91);
INSERT INTO LOAN_ENTRY_TYPE(ENTRY_TYPE_ID, ENTRY_NAME, REVERSAL_ENTRY_TYPE_ID, POSTING_RULE_ID) 
    VALUES((select unique_id from entry_type where id='1991'), 91, (select unique_id from entry_type where id='1891'), 91);
INSERT INTO LOAN_EVENT_ENTRY_TYPE_LINK (EVENT_TYPE_ID, ENTRY_TYPE_ID) VALUES (092,(SELECT unique_id FROM entry_type WHERE ID='1991'));
INSERT INTO LOAN_EVENT_ENTRY_TYPE_LINK (EVENT_TYPE_ID, ENTRY_TYPE_ID) VALUES (292,(SELECT unique_id FROM entry_type WHERE ID='1891'));

INSERT INTO loan_event_type(EVENT_TYPE_ID, CORESOFT_EVENT_CODE, EVENT_GROUP, REVERSAL_EVENT_TYPE_ID, POSTING_ORDER, DESCRIPTION, DEBIT_OR_CREDIT)
  VALUES(93, '093', 0, 293, null, 'Foreclosure Fees Paid', '1');
INSERT INTO loan_event_type(EVENT_TYPE_ID, CORESOFT_EVENT_CODE, EVENT_GROUP, REVERSAL_EVENT_TYPE_ID, POSTING_ORDER, DESCRIPTION, DEBIT_OR_CREDIT)
  VALUES(293, '293', 1, 93, null, 'Foreclosure Fees Paid Reversal', '0');
INSERT INTO ENTRY_TYPE(UNIQUE_ID,ID,INSTITUTION_ID,DEBIT_OR_CREDIT,DESCRIPTION,ACCOUNT_CATEGORY,POSTING_SEQUENCE,IS_REVERSAL)
  VALUES(8893, '8893', null, '0', 'Foreclosure Fees Paid', 2, NULL, '0');
ALTER TABLE LOAN_ENTRY_POSTING_RULE ADD  AFF_FORECLOSUR_FEE_PAID NUMBER(20) DEFAULT 0;
INSERT INTO LOAN_ENTRY_POSTING_RULE(POSTING_RULE_ID, AFF_FORECLOSUR_FEE_PAID) VALUES(8893,1);
INSERT INTO LOAN_ENTRY_TYPE(ENTRY_TYPE_ID, ENTRY_NAME, REVERSAL_ENTRY_TYPE_ID, POSTING_RULE_ID) VALUES(8893,8893,8893,8893);
insert into loan_event_entry_type_link values(93,8893);

INSERT INTO ENTRY_TYPE(UNIQUE_ID,ID,INSTITUTION_ID,DEBIT_OR_CREDIT,DESCRIPTION,ACCOUNT_CATEGORY,POSTING_SEQUENCE,IS_REVERSAL)
    values((select max(unique_id)+1 from entry_type),'1892',null,'0','Foreclosure Fees',2,NULL,0);
INSERT INTO ENTRY_TYPE(UNIQUE_ID,ID,INSTITUTION_ID,DEBIT_OR_CREDIT,DESCRIPTION,ACCOUNT_CATEGORY,POSTING_SEQUENCE,IS_REVERSAL)
    values((select max(unique_id)+1 from entry_type),'1992',null,'1','Foreclosure Fees',2,NULL,0);
ALTER TABLE LOAN_ENTRY_POSTING_RULE ADD  AFF_FORECLOSURE_FEES NUMBER(20) DEFAULT 0;
INSERT INTO LOAN_ENTRY_POSTING_RULE(POSTING_RULE_ID, AFF_FORECLOSURE_FEES) VALUES(92, 1);
INSERT INTO LOAN_ENTRY_TYPE(ENTRY_TYPE_ID, ENTRY_NAME, REVERSAL_ENTRY_TYPE_ID, POSTING_RULE_ID) 
    VALUES((select unique_id from entry_type where id='1892'), 92, (select unique_id from entry_type where id='1992'), 92);
INSERT INTO LOAN_ENTRY_TYPE(ENTRY_TYPE_ID, ENTRY_NAME, REVERSAL_ENTRY_TYPE_ID, POSTING_RULE_ID) 
    VALUES((select unique_id from entry_type where id='1992'), 92, (select unique_id from entry_type where id='1892'), 92);
INSERT INTO LOAN_EVENT_ENTRY_TYPE_LINK (EVENT_TYPE_ID, ENTRY_TYPE_ID) VALUES (093,(SELECT unique_id FROM entry_type WHERE ID='1992'));
INSERT INTO LOAN_EVENT_ENTRY_TYPE_LINK (EVENT_TYPE_ID, ENTRY_TYPE_ID) VALUES (293,(SELECT unique_id FROM entry_type WHERE ID='1892'));

INSERT INTO ENTRY_TYPE(UNIQUE_ID,ID,INSTITUTION_ID,DEBIT_OR_CREDIT,DESCRIPTION,ACCOUNT_CATEGORY,POSTING_SEQUENCE,IS_REVERSAL)
    values((select max(unique_id)+1 from entry_type),'1893',null,'0','Bankruptcy Fees',2,NULL,0);
INSERT INTO ENTRY_TYPE(UNIQUE_ID,ID,INSTITUTION_ID,DEBIT_OR_CREDIT,DESCRIPTION,ACCOUNT_CATEGORY,POSTING_SEQUENCE,IS_REVERSAL)
    values((select max(unique_id)+1 from entry_type),'1993',null,'1','Bankruptcy Fees',2,NULL,0);
ALTER TABLE LOAN_ENTRY_POSTING_RULE ADD  AFF_BANKRUPTCY_FEES NUMBER(20) DEFAULT 0;
INSERT INTO LOAN_ENTRY_POSTING_RULE(POSTING_RULE_ID, AFF_BANKRUPTCY_FEES) VALUES(93, 1);
INSERT INTO LOAN_ENTRY_TYPE(ENTRY_TYPE_ID, ENTRY_NAME, REVERSAL_ENTRY_TYPE_ID, POSTING_RULE_ID) 
    VALUES((select unique_id from entry_type where id='1893'), 93, (select unique_id from entry_type where id='1993'), 93);
INSERT INTO LOAN_ENTRY_TYPE(ENTRY_TYPE_ID, ENTRY_NAME, REVERSAL_ENTRY_TYPE_ID, POSTING_RULE_ID) 
    VALUES((select unique_id from entry_type where id='1993'), 93, (select unique_id from entry_type where id='1893'), 93);
INSERT INTO LOAN_EVENT_ENTRY_TYPE_LINK (EVENT_TYPE_ID, ENTRY_TYPE_ID) VALUES (094,(SELECT unique_id FROM entry_type WHERE ID='1993'));
INSERT INTO LOAN_EVENT_ENTRY_TYPE_LINK (EVENT_TYPE_ID, ENTRY_TYPE_ID) VALUES (294,(SELECT unique_id FROM entry_type WHERE ID='1893'));

INSERT INTO loan_event_type(EVENT_TYPE_ID, CORESOFT_EVENT_CODE, EVENT_GROUP, REVERSAL_EVENT_TYPE_ID, POSTING_ORDER, DESCRIPTION, DEBIT_OR_CREDIT)
  VALUES(94, '094', 0, 294, null, 'Bankruptcy Fees Paid', '1');
INSERT INTO loan_event_type(EVENT_TYPE_ID, CORESOFT_EVENT_CODE, EVENT_GROUP, REVERSAL_EVENT_TYPE_ID, POSTING_ORDER, DESCRIPTION, DEBIT_OR_CREDIT)
  VALUES(294, '294', 1, 94, null, 'Bankruptcy Fees Paid Reversal', '0');
INSERT INTO ENTRY_TYPE(UNIQUE_ID,ID,INSTITUTION_ID,DEBIT_OR_CREDIT,DESCRIPTION,ACCOUNT_CATEGORY,POSTING_SEQUENCE,IS_REVERSAL)
  VALUES(8894, '8894', null, '0', 'Bankruptcy Fees Paid', 2, NULL, '0');
ALTER TABLE LOAN_ENTRY_POSTING_RULE ADD  AFF_BANKRUPTCY_FEE_PAID NUMBER(20) DEFAULT 0;
INSERT INTO LOAN_ENTRY_POSTING_RULE(POSTING_RULE_ID, AFF_BANKRUPTCY_FEE_PAID) VALUES(8894,1);
INSERT INTO LOAN_ENTRY_TYPE(ENTRY_TYPE_ID, ENTRY_NAME, REVERSAL_ENTRY_TYPE_ID, POSTING_RULE_ID) VALUES(8894,8894,8894,8894);
insert into loan_event_entry_type_link values(94,8894);


INSERT INTO loan_event_type(EVENT_TYPE_ID, CORESOFT_EVENT_CODE, EVENT_GROUP, REVERSAL_EVENT_TYPE_ID, POSTING_ORDER, DESCRIPTION, DEBIT_OR_CREDIT)
  VALUES(95, '095', 0, 295, null, 'Bankruptcy Payment', '1');
INSERT INTO loan_event_type(EVENT_TYPE_ID, CORESOFT_EVENT_CODE, EVENT_GROUP, REVERSAL_EVENT_TYPE_ID, POSTING_ORDER, DESCRIPTION, DEBIT_OR_CREDIT)
  VALUES(295, '295', 1, 95, null, 'Bankruptcy Payment Reversal', '0');
INSERT INTO ENTRY_TYPE(UNIQUE_ID,ID,INSTITUTION_ID,DEBIT_OR_CREDIT,DESCRIPTION,ACCOUNT_CATEGORY,POSTING_SEQUENCE,IS_REVERSAL)
  VALUES(8895, '8895', null, '0', 'Bankruptcy Payment', 2, NULL, '0');
ALTER TABLE LOAN_ENTRY_POSTING_RULE ADD  AFF_BANKRUPTCY_PAYMENT NUMBER(20) DEFAULT 0;
INSERT INTO LOAN_ENTRY_POSTING_RULE(POSTING_RULE_ID, AFF_BANKRUPTCY_PAYMENT) VALUES(8895,1);
INSERT INTO LOAN_ENTRY_TYPE(ENTRY_TYPE_ID, ENTRY_NAME, REVERSAL_ENTRY_TYPE_ID, POSTING_RULE_ID) VALUES(8895,8895,8895,8895);
insert into loan_event_entry_type_link values(95,8895);


update loan_entry_posting_rule set AFFECTS_BILL=1 where posting_rule_id=8895;


INSERT INTO LOAN_EVENT_ENTRY_TYPE_LINK (EVENT_TYPE_ID, ENTRY_TYPE_ID) VALUES (095,(SELECT unique_id FROM entry_type WHERE ID='1891'));
INSERT INTO LOAN_EVENT_ENTRY_TYPE_LINK (EVENT_TYPE_ID, ENTRY_TYPE_ID) VALUES (295,(SELECT unique_id FROM entry_type WHERE ID='1991'));
UPDATE LOAN_ENTRY_POSTING_RULE SET AFF_BANKRUPTCY_FEE_PAID=1 WHERE POSTING_RULE_ID=8895;

--principle
INSERT INTO LOAN_EVENT_ENTRY_TYPE_LINK (EVENT_TYPE_ID, ENTRY_TYPE_ID) VALUES (095,(SELECT unique_id FROM entry_type WHERE ID='1901'));
INSERT INTO LOAN_EVENT_ENTRY_TYPE_LINK (EVENT_TYPE_ID, ENTRY_TYPE_ID) VALUES (295,(SELECT unique_id FROM entry_type WHERE ID='1801'));
UPDATE LOAN_ENTRY_POSTING_RULE SET AFFECTS_PRINCIPAL_BALANCE=1 WHERE POSTING_RULE_ID=8895;

--acc int need to ask
--INSERT INTO LOAN_EVENT_ENTRY_TYPE_LINK (EVENT_TYPE_ID, ENTRY_TYPE_ID) VALUES (095,(SELECT unique_id FROM entry_type WHERE ID='1822'));
--INSERT INTO LOAN_EVENT_ENTRY_TYPE_LINK (EVENT_TYPE_ID, ENTRY_TYPE_ID) VALUES (295,(SELECT unique_id FROM entry_type WHERE ID='1922'));
--UPDATE LOAN_ENTRY_POSTING_RULE SET AFFECTS_ACCRUED_INTEREST=1 WHERE POSTING_RULE_ID=8895;

--acct inter net
INSERT INTO LOAN_EVENT_ENTRY_TYPE_LINK (EVENT_TYPE_ID, ENTRY_TYPE_ID) VALUES (095,(SELECT unique_id FROM entry_type WHERE ID='1923'));
INSERT INTO LOAN_EVENT_ENTRY_TYPE_LINK (EVENT_TYPE_ID, ENTRY_TYPE_ID) VALUES (295,(SELECT unique_id FROM entry_type WHERE ID='1823'));
UPDATE LOAN_ENTRY_POSTING_RULE SET AFFECTS_ACCRUED_INT_NET=1 WHERE POSTING_RULE_ID=8895;

--escrow bal
INSERT INTO LOAN_EVENT_ENTRY_TYPE_LINK (EVENT_TYPE_ID, ENTRY_TYPE_ID) VALUES (095,(SELECT unique_id FROM entry_type WHERE ID='1903'));
INSERT INTO LOAN_EVENT_ENTRY_TYPE_LINK (EVENT_TYPE_ID, ENTRY_TYPE_ID) VALUES (295,(SELECT unique_id FROM entry_type WHERE ID='1803'));
UPDATE LOAN_ENTRY_POSTING_RULE SET AFFECTS_ESCROW_BALANCE=1 WHERE POSTING_RULE_ID=8895;

--other fee
INSERT INTO LOAN_EVENT_ENTRY_TYPE_LINK (EVENT_TYPE_ID, ENTRY_TYPE_ID) VALUES (095,(SELECT unique_id FROM entry_type WHERE ID='1904'));
INSERT INTO LOAN_EVENT_ENTRY_TYPE_LINK (EVENT_TYPE_ID, ENTRY_TYPE_ID) VALUES (295,(SELECT unique_id FROM entry_type WHERE ID='1804'));
UPDATE LOAN_ENTRY_POSTING_RULE SET AFFECTS_OTHER_FEE_DUE=1 WHERE POSTING_RULE_ID=8895;

--collected late charge
INSERT INTO LOAN_EVENT_ENTRY_TYPE_LINK (EVENT_TYPE_ID, ENTRY_TYPE_ID) VALUES (095,(SELECT unique_id FROM entry_type WHERE ID='1802'));
INSERT INTO LOAN_EVENT_ENTRY_TYPE_LINK (EVENT_TYPE_ID, ENTRY_TYPE_ID) VALUES (295,(SELECT unique_id FROM entry_type WHERE ID='1902'));
UPDATE LOAN_ENTRY_POSTING_RULE SET AFFECTS_COLL_LATE_CHARGE=1 WHERE POSTING_RULE_ID=8895;

--un collected late charge
INSERT INTO LOAN_EVENT_ENTRY_TYPE_LINK (EVENT_TYPE_ID, ENTRY_TYPE_ID) VALUES (095,(SELECT unique_id FROM entry_type WHERE ID='1907'));
INSERT INTO LOAN_EVENT_ENTRY_TYPE_LINK (EVENT_TYPE_ID, ENTRY_TYPE_ID) VALUES (295,(SELECT unique_id FROM entry_type WHERE ID='1807'));
UPDATE LOAN_ENTRY_POSTING_RULE SET AFFECTS_UNCOLL_LATE_CHARGE=1 WHERE POSTING_RULE_ID=8895;

--sales tax
INSERT INTO LOAN_EVENT_ENTRY_TYPE_LINK (EVENT_TYPE_ID, ENTRY_TYPE_ID) VALUES (095,(SELECT unique_id FROM entry_type WHERE ID='1990'));
INSERT INTO LOAN_EVENT_ENTRY_TYPE_LINK (EVENT_TYPE_ID, ENTRY_TYPE_ID) VALUES (295,(SELECT unique_id FROM entry_type WHERE ID='1890'));
UPDATE LOAN_ENTRY_POSTING_RULE SET AFFECTS_SALES_TAX_AMOUNT=1 WHERE POSTING_RULE_ID=8895;


--unapplied fund
INSERT INTO LOAN_EVENT_ENTRY_TYPE_LINK (EVENT_TYPE_ID, ENTRY_TYPE_ID) VALUES (095,(SELECT unique_id FROM entry_type WHERE ID='1909'));
INSERT INTO LOAN_EVENT_ENTRY_TYPE_LINK (EVENT_TYPE_ID, ENTRY_TYPE_ID) VALUES (295,(SELECT unique_id FROM entry_type WHERE ID='1809'));
UPDATE LOAN_ENTRY_POSTING_RULE SET AFFECTS_UNAPPLIED_FUND=1 WHERE POSTING_RULE_ID=8895;

--credit life fund
INSERT INTO LOAN_EVENT_ENTRY_TYPE_LINK (EVENT_TYPE_ID, ENTRY_TYPE_ID) VALUES (095,(SELECT unique_id FROM entry_type WHERE ID='1906'));
INSERT INTO LOAN_EVENT_ENTRY_TYPE_LINK (EVENT_TYPE_ID, ENTRY_TYPE_ID) VALUES (295,(SELECT unique_id FROM entry_type WHERE ID='1806'));
UPDATE LOAN_ENTRY_POSTING_RULE SET AFFECTS_CREDIT_LIFE_BAL=1 WHERE POSTING_RULE_ID=8895;

--ah (doubt)
INSERT INTO LOAN_EVENT_ENTRY_TYPE_LINK (EVENT_TYPE_ID, ENTRY_TYPE_ID) VALUES (095,(SELECT unique_id FROM entry_type WHERE ID='1908'));
INSERT INTO LOAN_EVENT_ENTRY_TYPE_LINK (EVENT_TYPE_ID, ENTRY_TYPE_ID) VALUES (295,(SELECT unique_id FROM entry_type WHERE ID='1808'));
UPDATE LOAN_ENTRY_POSTING_RULE SET AFFECTS_AH_BALANCE=1 WHERE POSTING_RULE_ID=8895;



----added loan table columns
alter table BILLING_BUCKET add TRUSTEE_STATUS NUMBER(1) DEFAULT 0;
alter table BILLING_BUCKET add TRUSTEE_BILL NUMBER(1) DEFAULT 0;

alter table LOAN add TRT_PRINCIPAL NUMBER(20,5) DEFAULT 0;
alter table LOAN add TRT_INTEREST NUMBER(20,5) DEFAULT 0;
alter table LOAN add TRT_ESCROW NUMBER(20,5) DEFAULT 0;
alter table LOAN add TRT_AH NUMBER(20,5) DEFAULT 0;
alter table LOAN add TRT_CREDIT_LIFE NUMBER(20,5) DEFAULT 0;
alter table LOAN add TRT_LATE_CHARGES NUMBER(20,5) DEFAULT 0;
alter table LOAN add TRT_OTHERS_FEE NUMBER(20,5) DEFAULT 0;
alter table LOAN add TRT_SERVICE_FEE NUMBER(20,5) DEFAULT 0;
alter table LOAN add TRT_SALES_TAX NUMBER(20,5) DEFAULT 0;
alter table LOAN add BANKRUPTED_DATE DATE;

alter table LOAN add TRT_TOTAL_AMT NUMBER(20,5) DEFAULT 0;



INSERT INTO LOAN_EVENT_ENTRY_TYPE_LINK (EVENT_TYPE_ID, ENTRY_TYPE_ID) VALUES (015,(SELECT unique_id FROM entry_type WHERE ID='1892'));
INSERT INTO LOAN_EVENT_ENTRY_TYPE_LINK (EVENT_TYPE_ID, ENTRY_TYPE_ID) VALUES (215,(SELECT unique_id FROM entry_type WHERE ID='1992'));
update loan_entry_posting_rule set AFF_FORECLOSURE_FEES=1 where posting_rule_id=8883;


INSERT INTO LOAN_EVENT_ENTRY_TYPE_LINK (EVENT_TYPE_ID, ENTRY_TYPE_ID) VALUES (015,(SELECT unique_id FROM entry_type WHERE ID='1893'));
INSERT INTO LOAN_EVENT_ENTRY_TYPE_LINK (EVENT_TYPE_ID, ENTRY_TYPE_ID) VALUES (215,(SELECT unique_id FROM entry_type WHERE ID='1993'));
update loan_entry_posting_rule set AFF_BANKRUPTCY_FEES=1 where posting_rule_id=8883;