alter table Loan add  PAY_OFF_ACCRUED_INTEREST  NUMBER(20);
alter table Loan add  PAY_OFF_ACCRUED_INTEREST_NET  NUMBER(20);
alter table Loan add  PAY_OFF_DAILY_ACCURAL  NUMBER(20);


INSERT INTO ENTRY_TYPE(UNIQUE_ID,ID,INSTITUTION_ID,DEBIT_OR_CREDIT,DESCRIPTION,ACCOUNT_CATEGORY,POSTING_SEQUENCE) VALUES(1846,1846,null,0,'Acc Health',2,4);
INSERT INTO ENTRY_TYPE(UNIQUE_ID,ID,INSTITUTION_ID,DEBIT_OR_CREDIT,DESCRIPTION,ACCOUNT_CATEGORY,POSTING_SEQUENCE) VALUES(1946,1946,null,1,'Acc Health',2,4);



alter table LOAN_ACCOUNT_MONETARY_EVENT rename column CLOSING_LIFE_AH_BAL to CLOSING_CREDIT_LIFE_BAL;
alter table LOAN_ACCOUNT_MONETARY_EVENT ADD CLOSING_AH_BAL NUMBER(20) DEFAULT 0 ;
alter table LOAN_ENTRY_POSTING_RULE rename column AFFECTS_AHLIFE_DUE to AFFECTS_CREDIT_LIFE_DUE;
alter table LOAN_ENTRY_POSTING_RULE rename column AFFECTS_AHLIFE_BALANCE to AFFECTS_CREDIT_LIFE_BAL;
alter table LOAN_ENTRY_POSTING_RULE add  AFFECTS_AH_DUE NUMBER(20) DEFAULT 0;
alter table LOAN_ENTRY_POSTING_RULE add AFFECTS_AH_BALANCE NUMBER(20) DEFAULT 0;
alter table BILLING_BUCKET rename column BILLED_NONESCROW to BILLED_CREDIT_LIFE;
alter table BILLING_BUCKET add  BILLED_AH NUMBER(20) DEFAULT 0;
alter table BILLING_BUCKET rename column PAID_CREDIT_LIFE to PAID_AH ;
alter table BILLING_BUCKET rename column PAID_AH_LIFE to PAID_CREDIT_LIFE ;

INSERT INTO LOAN_ENTRY_POSTING_RULE(POSTING_RULE_ID) VALUES(46);
UPDATE LOAN_ENTRY_POSTING_RULE SET AFFECTS_AH_BALANCE =1  WHERE POSTING_RULE_ID = 46;


INSERT INTO LOAN_ENTRY_TYPE(ENTRY_TYPE_ID,ENTRY_NAME,REVERSAL_ENTRY_TYPE_ID,POSTING_RULE_ID) VALUES(1946,46,1846,46);
INSERT INTO LOAN_ENTRY_TYPE(ENTRY_TYPE_ID,ENTRY_NAME,REVERSAL_ENTRY_TYPE_ID,POSTING_RULE_ID) VALUES(1846,46,1946,46);



INSERT INTO LOAN_EVENT_ENTRY_TYPE_LINK(EVENT_TYPE_ID,ENTRY_TYPE_ID) VALUES(15,1946);
INSERT INTO LOAN_EVENT_ENTRY_TYPE_LINK(EVENT_TYPE_ID,ENTRY_TYPE_ID) VALUES(110,1946);
INSERT INTO LOAN_EVENT_ENTRY_TYPE_LINK(EVENT_TYPE_ID,ENTRY_TYPE_ID) VALUES(111,1946);
INSERT INTO LOAN_EVENT_ENTRY_TYPE_LINK(EVENT_TYPE_ID,ENTRY_TYPE_ID) VALUES(121,1946);

INSERT INTO LOAN_EVENT_ENTRY_TYPE_LINK(EVENT_TYPE_ID,ENTRY_TYPE_ID) VALUES(1,1846);


update  LOAN_ENTRY_POSTING_RULE set AFFECTS_AH_BALANCE=0  where AFFECTS_CREDIT_LIFE_BAL =0;
update  LOAN_ENTRY_POSTING_RULE set AFFECTS_AH_DUE=0  where AFFECTS_CREDIT_LIFE_DUE =0;
update  LOAN_ENTRY_POSTING_RULE set AFFECTS_AH_BALANCE=1  where AFFECTS_CREDIT_LIFE_BAL =1;
update  LOAN_ENTRY_POSTING_RULE set AFFECTS_AH_DUE=1  where AFFECTS_CREDIT_LIFE_DUE =1;
update LOAN_ENTRY_POSTING_RULE set AFFECTS_AH_BALANCE=0 where POSTING_RULE_ID=6;
update LOAN_ENTRY_POSTING_RULE set AFFECTS_AH_DUE=0 where POSTING_RULE_ID=35;

alter table LOAN_ENTRY_POSTING_RULE add  AFF_PAY_OFF_ACR_INT NUMBER(20);
alter table LOAN_ENTRY_POSTING_RULE add  AFF_PAY_OFF_ACR_INT_NET NUMBER(20);
alter table LOAN_ENTRY_POSTING_RULE add  AFF_PAY_OFF_DAILY_ACCURAL NUMBER(20);

update  LOAN_ENTRY_POSTING_RULE set AFF_PAY_OFF_ACR_INT=0  ;
update  LOAN_ENTRY_POSTING_RULE set AFF_PAY_OFF_ACR_INT_NET=0  ;
update  LOAN_ENTRY_POSTING_RULE set AFF_PAY_OFF_DAILY_ACCURAL=0 where AFFECTS_DAILY_ACC_AMOUNT=0 ;
update  LOAN_ENTRY_POSTING_RULE set AFF_PAY_OFF_DAILY_ACCURAL=1 where AFFECTS_DAILY_ACC_AMOUNT=1 ;

INSERT INTO ENTRY_TYPE(UNIQUE_ID,ID,INSTITUTION_ID,DEBIT_OR_CREDIT,DESCRIPTION,ACCOUNT_CATEGORY,POSTING_SEQUENCE) VALUES(1848,1848,null,0,'Payoff Accured Interest',2,null);
INSERT INTO ENTRY_TYPE(UNIQUE_ID,ID,INSTITUTION_ID,DEBIT_OR_CREDIT,DESCRIPTION,ACCOUNT_CATEGORY,POSTING_SEQUENCE) VALUES(1948,1948,null,1,'Payoff Accured Interest',2,null);

INSERT INTO LOAN_ENTRY_POSTING_RULE(POSTING_RULE_ID) VALUES(48)  ;
UPDATE LOAN_ENTRY_POSTING_RULE SET AFF_PAY_OFF_ACR_INT =1  WHERE POSTING_RULE_ID = 48;

INSERT INTO LOAN_ENTRY_TYPE(ENTRY_TYPE_ID,ENTRY_NAME,REVERSAL_ENTRY_TYPE_ID,POSTING_RULE_ID) VALUES(1948,48,1848,48);
INSERT INTO LOAN_ENTRY_TYPE(ENTRY_TYPE_ID,ENTRY_NAME,REVERSAL_ENTRY_TYPE_ID,POSTING_RULE_ID) VALUES(1848,48,1948,48);

INSERT INTO LOAN_EVENT_ENTRY_TYPE_LINK(EVENT_TYPE_ID,ENTRY_TYPE_ID) VALUES(42,1948);
INSERT INTO LOAN_EVENT_ENTRY_TYPE_LINK(EVENT_TYPE_ID,ENTRY_TYPE_ID) VALUES(99,1848);


INSERT INTO ENTRY_TYPE(UNIQUE_ID,ID,INSTITUTION_ID,DEBIT_OR_CREDIT,DESCRIPTION,ACCOUNT_CATEGORY,POSTING_SEQUENCE) VALUES(1849,1849,null,0,'Payoff Accured Interest Net',2,null);
INSERT INTO ENTRY_TYPE(UNIQUE_ID,ID,INSTITUTION_ID,DEBIT_OR_CREDIT,DESCRIPTION,ACCOUNT_CATEGORY,POSTING_SEQUENCE) VALUES(1949,1949,null,1,'Payoff Accured Interest Net',2,null);

INSERT INTO LOAN_ENTRY_POSTING_RULE(POSTING_RULE_ID) VALUES(49) ;
UPDATE LOAN_ENTRY_POSTING_RULE SET AFF_PAY_OFF_ACR_INT_NET =1  WHERE POSTING_RULE_ID = 49;

INSERT INTO LOAN_ENTRY_TYPE(ENTRY_TYPE_ID,ENTRY_NAME,REVERSAL_ENTRY_TYPE_ID,POSTING_RULE_ID) VALUES(1949,49,1849,49);
INSERT INTO LOAN_ENTRY_TYPE(ENTRY_TYPE_ID,ENTRY_NAME,REVERSAL_ENTRY_TYPE_ID,POSTING_RULE_ID) VALUES(1849,49,1949,49);


INSERT INTO LOAN_EVENT_ENTRY_TYPE_LINK(EVENT_TYPE_ID,ENTRY_TYPE_ID) VALUES(1,1849);
INSERT INTO LOAN_EVENT_ENTRY_TYPE_LINK(EVENT_TYPE_ID,ENTRY_TYPE_ID) VALUES(25,1849);
INSERT INTO LOAN_EVENT_ENTRY_TYPE_LINK(EVENT_TYPE_ID,ENTRY_TYPE_ID) VALUES(99,1849);

INSERT INTO LOAN_EVENT_ENTRY_TYPE_LINK(EVENT_TYPE_ID,ENTRY_TYPE_ID) VALUES(13,1949);
INSERT INTO LOAN_EVENT_ENTRY_TYPE_LINK(EVENT_TYPE_ID,ENTRY_TYPE_ID) VALUES(15,1949);
INSERT INTO LOAN_EVENT_ENTRY_TYPE_LINK(EVENT_TYPE_ID,ENTRY_TYPE_ID) VALUES(35,1949);
INSERT INTO LOAN_EVENT_ENTRY_TYPE_LINK(EVENT_TYPE_ID,ENTRY_TYPE_ID) VALUES(42,1949);
INSERT INTO LOAN_EVENT_ENTRY_TYPE_LINK(EVENT_TYPE_ID,ENTRY_TYPE_ID) VALUES(110,1949);
INSERT INTO LOAN_EVENT_ENTRY_TYPE_LINK(EVENT_TYPE_ID,ENTRY_TYPE_ID) VALUES(111,1949);
INSERT INTO LOAN_EVENT_ENTRY_TYPE_LINK(EVENT_TYPE_ID,ENTRY_TYPE_ID) VALUES(121,1949);


update LOAN_ENTRY_POSTING_RULE set AFF_PAY_OFF_ACR_INT_NET =0, AFF_PAY_OFF_DAILY_ACCURAL=0 where POSTING_RULE_ID in (48);
update LOAN_ENTRY_POSTING_RULE set AFF_PAY_OFF_ACR_INT =0, AFF_PAY_OFF_DAILY_ACCURAL=0 where POSTING_RULE_ID in (49);
